karat,width_mm,size_us,grams,material_usd,labor_usd,packaging_usd,shipping_usd,landed_usd,multiplier,list_price_usd,sale_price_usd,floor_usd,offsite_floor_usd,standard_contribution_usd,standard_margin_pct,offsite_contribution_usd,offsite_margin_pct
10K,3,4,2.05,129.39,55.0,8.0,22.0,214.39,1.75,500,375.0,240,288,120.78,32.21,64.53,17.21
10K,3,4.5,2.1,132.55,55.0,8.0,22.0,217.55,1.75,510,382.5,244,293,124.34,32.51,66.96,17.51
10K,3,5,2.15,135.7,55.0,8.0,22.0,220.7,1.75,515,386.25,247,297,124.54,32.24,66.6,17.24
10K,3,5.5,2.2,138.86,55.0,8.0,22.0,223.86,1.75,525,393.75,251,301,128.1,32.53,69.03,17.53
10K,3,6,2.25,142.02,55.0,8.0,22.0,227.02,1.75,530,397.5,254,305,128.3,32.28,68.67,17.28
10K,3,6.5,2.3,145.17,55.0,8.0,22.0,230.17,1.75,540,405.0,258,310,131.85,32.56,71.1,17.56
10K,3,7,2.35,148.33,55.0,8.0,22.0,233.33,1.75,545,408.75,261,314,132.05,32.31,70.74,17.31
10K,3,7.5,2.4,151.48,55.0,8.0,22.0,236.48,1.75,555,416.25,265,318,135.61,32.58,73.17,17.58
10K,3,8,2.45,154.64,55.0,8.0,22.0,239.64,1.75,560,420.0,268,322,135.81,32.34,72.81,17.34
10K,3,8.5,2.5,157.8,55.0,8.0,22.0,242.8,1.75,570,427.5,272,327,139.37,32.6,75.24,17.6
10K,3,9,2.55,160.95,55.0,8.0,22.0,245.95,1.75,575,431.25,275,331,139.57,32.36,74.88,17.36
10K,3,9.5,2.6,164.11,55.0,8.0,22.0,249.11,1.75,585,438.75,279,335,143.12,32.62,77.31,17.62
10K,3,10,2.65,167.26,55.0,8.0,22.0,252.26,1.75,590,442.5,282,339,143.32,32.39,76.95,17.39
10K,3,10.5,2.7,170.42,55.0,8.0,22.0,255.42,1.75,600,450.0,286,343,146.88,32.64,79.38,17.64
10K,3,11,2.75,173.57,55.0,8.0,22.0,258.57,1.75,605,453.75,289,348,147.08,32.41,79.02,17.41
10K,3,11.5,2.8,176.73,55.0,8.0,22.0,261.73,1.75,615,461.25,293,352,150.64,32.66,81.45,17.66
10K,3,12,2.85,179.89,55.0,8.0,22.0,264.89,1.75,620,465.0,296,356,150.84,32.44,81.09,17.44
10K,3,12.5,2.9,183.04,55.0,8.0,22.0,268.04,1.75,630,472.5,300,360,154.4,32.68,83.52,17.68
10K,3,13,2.95,186.2,55.0,8.0,22.0,271.2,1.75,635,476.25,304,365,154.6,32.46,83.16,17.46
10K,3,13.5,3.0,189.35,55.0,8.0,22.0,274.35,1.75,640,480.0,307,369,154.8,32.25,82.8,17.25
10K,3,14,3.05,192.51,55.0,8.0,22.0,277.51,1.75,650,487.5,311,373,158.35,32.48,85.23,17.48
10K,3,14.5,3.1,195.67,55.0,8.0,22.0,280.67,1.75,655,491.25,314,377,158.55,32.28,84.87,17.28
10K,3,15,3.15,198.82,55.0,8.0,22.0,283.82,1.75,665,498.75,318,382,162.11,32.5,87.3,17.5
10K,3,15.5,3.2,201.98,55.0,8.0,22.0,286.98,1.75,670,502.5,321,386,162.31,32.3,86.93,17.3
10K,3,16,3.25,205.13,55.0,8.0,22.0,290.13,1.75,680,510.0,325,390,165.87,32.52,89.37,17.52
10K,4,4,2.74,172.94,55.0,8.0,22.0,257.94,1.75,605,453.75,289,347,147.71,32.55,79.65,17.55
10K,4,4.5,2.805,177.05,55.0,8.0,22.0,262.05,1.75,615,461.25,293,352,150.32,32.59,81.14,17.59
10K,4,5,2.87,181.15,55.0,8.0,22.0,266.15,1.75,625,468.75,298,358,152.93,32.63,82.62,17.63
10K,4,5.5,2.935,185.25,55.0,8.0,22.0,270.25,1.75,635,476.25,302,363,155.54,32.66,84.1,17.66
10K,4,6,3.0,189.35,55.0,8.0,22.0,274.35,1.75,640,480.0,307,369,154.8,32.25,82.8,17.25
10K,4,6.5,3.07,193.77,55.0,8.0,22.0,278.77,1.75,655,491.25,312,375,160.45,32.66,86.76,17.66
10K,4,7,3.14,198.19,55.0,8.0,22.0,283.19,1.75,665,498.75,317,381,162.74,32.63,87.93,17.63
10K,4,7.5,3.205,202.29,55.0,8.0,22.0,287.29,1.75,675,506.25,322,386,165.35,32.66,89.41,17.66
10K,4,8,3.27,206.4,55.0,8.0,22.0,291.4,1.75,680,510.0,326,392,164.6,32.28,88.1,17.28
10K,4,8.5,3.335,210.5,55.0,8.0,22.0,295.5,1.75,690,517.5,331,397,167.21,32.31,89.59,17.31
10K,4,9,3.4,214.6,55.0,8.0,22.0,299.6,1.75,700,525.0,335,403,169.82,32.35,91.07,17.35
10K,4,9.5,3.465,218.7,55.0,8.0,22.0,303.7,1.75,710,532.5,340,408,172.43,32.38,92.56,17.38
10K,4,10,3.53,222.81,55.0,8.0,22.0,307.81,1.75,720,540.0,344,414,175.04,32.42,94.04,17.42
10K,4,10.5,3.6,227.23,55.0,8.0,22.0,312.23,1.75,730,547.5,349,420,177.34,32.39,95.21,17.39
10K,4,11,3.67,231.64,55.0,8.0,22.0,316.64,1.75,740,555.0,354,426,179.63,32.37,96.38,17.37
10K,4,11.5,3.735,235.75,55.0,8.0,22.0,320.75,1.75,750,562.5,359,431,182.24,32.4,97.87,17.4
10K,4,12,3.8,239.85,55.0,8.0,22.0,324.85,1.75,760,570.0,363,437,184.85,32.43,99.35,17.43
10K,4,12.5,3.865,243.95,55.0,8.0,22.0,328.95,1.75,770,577.5,368,442,187.46,32.46,100.84,17.46
10K,4,13,3.93,248.05,55.0,8.0,22.0,333.05,1.75,780,585.0,373,448,190.07,32.49,102.32,17.49
10K,4,13.5,3.995,252.16,55.0,8.0,22.0,337.16,1.75,790,592.5,377,453,192.68,32.52,103.81,17.52
10K,4,14,4.06,256.26,55.0,8.0,22.0,341.26,1.75,800,600.0,382,459,195.29,32.55,105.29,17.55
10K,4,14.5,4.13,260.68,55.0,8.0,22.0,345.68,1.75,810,607.5,387,465,197.58,32.52,106.46,17.52
10K,4,15,4.2,265.1,55.0,8.0,22.0,350.1,1.75,820,615.0,392,471,199.88,32.5,107.63,17.5
10K,4,15.5,4.265,269.2,55.0,8.0,22.0,354.2,1.75,830,622.5,396,476,202.49,32.53,109.11,17.53
10K,4,16,4.33,273.3,55.0,8.0,22.0,358.3,1.75,840,630.0,401,482,205.1,32.56,110.6,17.56
10K,5,4,3.42,215.86,55.0,8.0,22.0,300.86,1.75,705,528.75,337,404,171.92,32.51,92.6,17.51
10K,5,4.5,3.505,221.23,55.0,8.0,22.0,306.23,1.75,715,536.25,343,412,173.26,32.31,92.83,17.31
10K,5,5,3.59,226.59,55.0,8.0,22.0,311.59,1.75,730,547.5,349,419,177.97,32.51,95.84,17.51
10K,5,5.5,3.67,231.64,55.0,8.0,22.0,316.64,1.75,740,555.0,354,426,179.63,32.37,96.38,17.37
10K,5,6,3.75,236.69,55.0,8.0,22.0,321.69,1.75,755,566.25,360,432,184.65,32.61,99.71,17.61
10K,5,6.5,3.835,242.06,55.0,8.0,22.0,327.06,1.75,765,573.75,366,440,186.0,32.42,99.94,17.42
10K,5,7,3.92,247.42,55.0,8.0,22.0,332.42,1.75,780,585.0,372,447,190.7,32.6,102.95,17.6
10K,5,7.5,4.0,252.47,55.0,8.0,22.0,337.47,1.75,790,592.5,378,454,192.37,32.47,103.49,17.47
10K,5,8,4.08,257.52,55.0,8.0,22.0,342.52,1.75,800,600.0,383,460,194.03,32.34,104.03,17.34
10K,5,8.5,4.165,262.89,55.0,8.0,22.0,347.89,1.75,815,611.25,389,468,198.73,32.51,107.04,17.51
10K,5,9,4.25,268.25,55.0,8.0,22.0,353.25,1.75,825,618.75,395,475,200.08,32.34,107.27,17.34
10K,5,9.5,4.335,273.62,55.0,8.0,22.0,358.62,1.75,840,630.0,401,482,204.78,32.51,110.28,17.51
10K,5,10,4.42,278.98,55.0,8.0,22.0,363.98,1.75,850,637.5,407,489,206.13,32.33,110.51,17.33
10K,5,10.5,4.5,284.03,55.0,8.0,22.0,369.03,1.75,865,648.75,413,496,211.15,32.55,113.84,17.55
10K,5,11,4.58,289.08,55.0,8.0,22.0,374.08,1.75,875,656.25,418,503,212.81,32.43,114.38,17.43
10K,5,11.5,4.665,294.45,55.0,8.0,22.0,379.45,1.75,890,667.5,424,510,217.52,32.59,117.39,17.59
10K,5,12,4.75,299.81,55.0,8.0,22.0,384.81,1.75,900,675.0,430,517,218.86,32.42,117.61,17.42
10K,5,12.5,4.83,304.86,55.0,8.0,22.0,389.86,1.75,910,682.5,436,524,220.53,32.31,118.15,17.31
10K,5,13,4.91,309.91,55.0,8.0,22.0,394.91,1.75,925,693.75,442,531,225.55,32.51,121.48,17.51
10K,5,13.5,4.995,315.27,55.0,8.0,22.0,400.27,1.75,935,701.25,448,538,226.89,32.36,121.71,17.36
10K,5,14,5.08,320.64,55.0,8.0,22.0,405.64,1.75,950,712.5,454,545,231.6,32.5,124.72,17.5
10K,5,14.5,5.185,327.27,55.0,8.0,22.0,412.27,1.75,965,723.75,461,554,235.04,32.48,126.48,17.48
10K,5,15,5.29,333.89,55.0,8.0,22.0,418.89,1.75,980,735.0,469,563,238.48,32.45,128.23,17.45
10K,5,15.5,5.355,338.0,55.0,8.0,22.0,423.0,1.75,990,742.5,473,568,241.09,32.47,129.72,17.47
10K,5,16,5.42,342.1,55.0,8.0,22.0,427.1,1.75,1000,750.0,478,574,243.7,32.49,131.2,17.49
10K,6,4,4.11,259.42,55.0,8.0,22.0,344.42,1.75,805,603.75,385,463,195.49,32.38,104.93,17.38
10K,6,4.5,4.205,265.41,55.0,8.0,22.0,350.41,1.75,820,615.0,392,471,199.56,32.45,107.31,17.45
10K,6,5,4.3,271.41,55.0,8.0,22.0,356.41,1.75,835,626.25,399,479,203.64,32.52,109.7,17.52
10K,6,5.5,4.4,277.72,55.0,8.0,22.0,362.72,1.75,850,637.5,406,487,207.39,32.53,111.77,17.53
10K,6,6,4.5,284.03,55.0,8.0,22.0,369.03,1.75,865,648.75,413,496,211.15,32.55,113.84,17.55
10K,6,6.5,4.6,290.34,55.0,8.0,22.0,375.34,1.75,880,660.0,420,504,214.91,32.56,115.91,17.56
10K,6,7,4.7,296.65,55.0,8.0,22.0,381.65,1.75,895,671.25,427,513,218.66,32.58,117.98,17.58
10K,6,7.5,4.8,302.97,55.0,8.0,22.0,387.97,1.75,910,682.5,434,521,222.42,32.59,120.05,17.59
10K,6,8,4.9,309.28,55.0,8.0,22.0,394.28,1.75,920,690.0,441,530,222.82,32.29,119.32,17.29
10K,6,8.5,5.0,315.59,55.0,8.0,22.0,400.59,1.75,935,701.25,448,538,226.58,32.31,121.39,17.31
10K,6,9,5.1,321.9,55.0,8.0,22.0,406.9,1.75,950,712.5,455,547,230.34,32.33,123.46,17.33
10K,6,9.5,5.2,328.21,55.0,8.0,22.0,413.21,1.75,965,723.75,462,555,234.09,32.34,125.53,17.34
10K,6,10,5.3,334.53,55.0,8.0,22.0,419.53,1.75,980,735.0,469,564,237.85,32.36,127.6,17.36
10K,6,10.5,5.4,340.84,55.0,8.0,22.0,425.84,1.75,995,746.25,476,572,241.61,32.38,129.67,17.38
10K,6,11,5.5,347.15,55.0,8.0,22.0,432.15,1.75,1010,757.5,483,581,245.36,32.39,131.74,17.39
10K,6,11.5,5.6,353.46,55.0,8.0,22.0,438.46,1.75,1025,768.75,490,589,249.12,32.41,133.81,17.41
10K,6,12,5.7,359.77,55.0,8.0,22.0,444.77,1.75,1040,780.0,497,598,252.88,32.42,135.88,17.42
10K,6,12.5,5.8,366.08,55.0,8.0,22.0,451.08,1.75,1055,791.25,505,606,256.63,32.43,137.95,17.43
10K,6,13,5.9,372.4,55.0,8.0,22.0,457.4,1.75,1070,802.5,512,615,260.39,32.45,140.02,17.45
10K,6,13.5,6.0,378.71,55.0,8.0,22.0,463.71,1.75,1085,813.75,519,623,264.15,32.46,142.09,17.46
10K,6,14,6.1,385.02,55.0,8.0,22.0,470.02,1.75,1100,825.0,526,632,267.9,32.47,144.15,17.47
10K,6,14.5,6.195,391.02,55.0,8.0,22.0,476.02,1.75,1115,836.25,532,640,271.98,32.52,146.54,17.52
10K,6,15,6.29,397.01,55.0,8.0,22.0,482.01,1.75,1130,847.5,539,648,276.05,32.57,148.92,17.57
10K,6,15.5,6.39,403.32,55.0,8.0,22.0,488.32,1.75,1140,855.0,546,656,276.45,32.33,148.2,17.33
10K,6,16,6.49,409.64,55.0,8.0,22.0,494.64,1.75,1155,866.25,553,665,280.21,32.35,150.27,17.35
10K,7,4,4.79,302.34,55.0,8.0,22.0,387.34,1.75,905,678.75,433,521,219.7,32.37,117.88,17.37
10K,7,4.5,4.905,309.59,55.0,8.0,22.0,394.59,1.75,925,693.75,441,530,225.86,32.56,121.8,17.56
10K,7,5,5.02,316.85,55.0,8.0,22.0,401.85,1.75,940,705.0,450,540,228.67,32.44,122.92,17.44
10K,7,5.5,5.135,324.11,55.0,8.0,22.0,409.11,1.75,955,716.25,458,550,231.48,32.32,124.04,17.32
10K,7,6,5.25,331.37,55.0,8.0,22.0,416.37,1.75,975,731.25,466,559,237.65,32.5,127.96,17.5
10K,7,6.5,5.37,338.94,55.0,8.0,22.0,423.94,1.75,990,742.5,474,570,240.14,32.34,128.77,17.34
10K,7,7,5.49,346.52,55.0,8.0,22.0,431.52,1.75,1010,757.5,483,580,245.99,32.47,132.37,17.47
10K,7,7.5,5.605,353.78,55.0,8.0,22.0,438.78,1.75,1025,768.75,491,590,248.8,32.36,133.49,17.36
10K,7,8,5.72,361.04,55.0,8.0,22.0,446.04,1.75,1045,783.75,499,599,254.97,32.53,137.41,17.53
10K,7,8.5,5.835,368.29,55.0,8.0,22.0,453.29,1.75,1060,795.0,507,609,257.78,32.43,138.53,17.43
10K,7,9,5.95,375.55,55.0,8.0,22.0,460.55,1.75,1075,806.25,515,619,260.59,32.32,139.65,17.32
10K,7,9.5,6.065,382.81,55.0,8.0,22.0,467.81,1.75,1095,821.25,523,629,266.76,32.48,143.57,17.48
10K,7,10,6.18,390.07,55.0,8.0,22.0,475.07,1.75,1110,832.5,531,638,269.57,32.38,144.69,17.38
10K,7,10.5,6.3,397.64,55.0,8.0,22.0,482.64,1.75,1130,847.5,540,648,275.42,32.5,148.29,17.5
10K,7,11,6.42,405.22,55.0,8.0,22.0,490.22,1.75,1145,858.75,548,659,277.91,32.36,149.1,17.36
10K,7,11.5,6.535,412.48,55.0,8.0,22.0,497.48,1.75,1165,873.75,556,668,284.08,32.51,153.02,17.51
10K,7,12,6.65,419.74,55.0,8.0,22.0,504.74,1.75,1180,885.0,564,678,286.89,32.42,154.14,17.42
10K,7,12.5,6.765,426.99,55.0,8.0,22.0,511.99,1.75,1195,896.25,573,688,289.7,32.32,155.26,17.32
10K,7,13,6.88,434.25,55.0,8.0,22.0,519.25,1.75,1215,911.25,581,698,295.87,32.47,159.18,17.47
10K,7,13.5,6.995,441.51,55.0,8.0,22.0,526.51,1.75,1230,922.5,589,707,298.68,32.38,160.3,17.38
10K,7,14,7.11,448.77,55.0,8.0,22.0,533.77,1.75,1250,937.5,597,717,304.84,32.52,164.22,17.52
10K,7,14.5,7.225,456.03,55.0,8.0,22.0,541.03,1.75,1265,948.75,605,727,307.65,32.43,165.34,17.43
10K,7,15,7.34,463.29,55.0,8.0,22.0,548.29,1.75,1280,960.0,613,737,310.46,32.34,166.46,17.34
10K,7,15.5,7.46,470.86,55.0,8.0,22.0,555.86,1.75,1300,975.0,622,747,316.31,32.44,170.06,17.44
10K,7,16,7.58,478.43,55.0,8.0,22.0,563.43,1.75,1315,986.25,630,757,318.81,32.33,170.87,17.33
10K,8,4,5.47,345.26,55.0,8.0,22.0,430.26,2.0,1150,862.5,481,578,341.23,39.56,211.86,24.56
10K,8,4.5,5.605,353.78,55.0,8.0,22.0,438.78,2.0,1175,881.25,491,590,349.49,39.66,217.3,24.66
10K,8,5,5.74,362.3,55.0,8.0,22.0,447.3,2.0,1195,896.25,500,601,354.4,39.54,219.96,24.54
10K,8,5.5,5.87,370.5,55.0,8.0,22.0,455.5,2.0,1215,911.25,509,612,359.62,39.46,222.93,24.46
10K,8,6,6.0,378.71,55.0,8.0,22.0,463.71,2.0,1240,930.0,519,623,368.19,39.59,228.69,24.59
10K,8,6.5,6.135,387.23,55.0,8.0,22.0,472.23,2.0,1260,945.0,528,634,373.1,39.48,231.35,24.48
10K,8,7,6.27,395.75,55.0,8.0,22.0,480.75,2.0,1285,963.75,538,646,381.36,39.57,236.79,24.57
10K,8,7.5,6.405,404.27,55.0,8.0,22.0,489.27,2.0,1310,982.5,547,657,389.62,39.66,242.24,24.66
10K,8,8,6.54,412.79,55.0,8.0,22.0,497.79,2.0,1330,997.5,557,669,394.52,39.55,244.9,24.55
10K,8,8.5,6.67,421.0,55.0,8.0,22.0,506.0,2.0,1350,1012.5,566,680,399.74,39.48,247.86,24.48
10K,8,9,6.8,429.2,55.0,8.0,22.0,514.2,2.0,1375,1031.25,575,691,408.32,39.59,253.63,24.59
10K,8,9.5,6.935,437.72,55.0,8.0,22.0,522.72,2.0,1395,1046.25,585,702,413.22,39.5,256.28,24.5
10K,8,10,7.07,446.24,55.0,8.0,22.0,531.24,2.0,1420,1065.0,594,714,421.48,39.58,261.73,24.58
10K,8,10.5,7.2,454.45,55.0,8.0,22.0,539.45,2.0,1440,1080.0,603,725,426.7,39.51,264.7,24.51
10K,8,11,7.33,462.66,55.0,8.0,22.0,547.66,2.0,1460,1095.0,612,736,431.92,39.44,267.67,24.44
10K,8,11.5,7.465,471.18,55.0,8.0,22.0,556.18,2.0,1485,1113.75,622,747,440.18,39.52,273.12,24.52
10K,8,12,7.6,479.7,55.0,8.0,22.0,564.7,2.0,1510,1132.5,631,759,448.44,39.6,278.57,24.6
10K,8,12.5,7.73,487.9,55.0,8.0,22.0,572.9,2.0,1530,1147.5,641,770,453.66,39.53,281.53,24.53
10K,8,13,7.86,496.11,55.0,8.0,22.0,581.11,2.0,1550,1162.5,650,781,458.88,39.47,284.5,24.47
10K,8,13.5,7.995,504.63,55.0,8.0,22.0,589.63,2.0,1575,1181.25,659,792,467.14,39.55,289.95,24.55
10K,8,14,8.13,513.15,55.0,8.0,22.0,598.15,2.0,1595,1196.25,669,803,472.04,39.46,292.61,24.46
10K,8,14.5,8.26,521.36,55.0,8.0,22.0,606.36,2.0,1620,1215.0,678,815,480.62,39.56,298.37,24.56
10K,8,15,8.39,529.56,55.0,8.0,22.0,614.56,2.0,1640,1230.0,687,826,485.84,39.5,301.34,24.5
10K,8,15.5,8.525,538.08,55.0,8.0,22.0,623.08,2.0,1665,1248.75,697,837,494.1,39.57,306.79,24.57
10K,8,16,8.66,546.6,55.0,8.0,22.0,631.6,2.0,1685,1263.75,706,848,499.0,39.49,309.44,24.49
10K,9,4,6.16,388.81,55.0,8.0,22.0,473.81,2.0,1265,948.75,530,637,374.87,39.51,232.56,24.51
10K,9,4.5,6.31,398.28,55.0,8.0,22.0,483.28,2.0,1290,967.5,540,649,382.19,39.5,237.06,24.5
10K,9,5,6.46,407.74,55.0,8.0,22.0,492.74,2.0,1315,986.25,551,662,389.5,39.49,241.56,24.49
10K,9,5.5,6.61,417.21,55.0,8.0,22.0,502.21,2.0,1340,1005.0,562,675,396.81,39.48,246.06,24.48
10K,9,6,6.76,426.68,55.0,8.0,22.0,511.68,2.0,1365,1023.75,572,687,404.13,39.48,250.57,24.48
10K,9,6.5,6.905,435.83,55.0,8.0,22.0,520.83,2.0,1390,1042.5,582,700,411.76,39.5,255.38,24.5
10K,9,7,7.05,444.98,55.0,8.0,22.0,529.98,2.0,1415,1061.25,593,712,419.39,39.52,260.2,24.52
10K,9,7.5,7.2,454.45,55.0,8.0,22.0,539.45,2.0,1440,1080.0,603,725,426.7,39.51,264.7,24.51
10K,9,8,7.35,463.92,55.0,8.0,22.0,548.92,2.0,1465,1098.75,614,737,434.01,39.5,269.2,24.5
10K,9,8.5,7.5,473.39,55.0,8.0,22.0,558.39,2.0,1490,1117.5,624,750,441.33,39.49,273.7,24.49
10K,9,9,7.65,482.85,55.0,8.0,22.0,567.85,2.0,1515,1136.25,635,763,448.64,39.48,278.2,24.48
10K,9,9.5,7.8,492.32,55.0,8.0,22.0,577.32,2.0,1540,1155.0,646,776,455.95,39.48,282.7,24.48
10K,9,10,7.95,501.79,55.0,8.0,22.0,586.79,2.0,1570,1177.5,656,788,466.62,39.63,290.0,24.63
10K,9,10.5,8.1,511.26,55.0,8.0,22.0,596.26,2.0,1595,1196.25,667,801,473.94,39.62,294.5,24.62
10K,9,11,8.25,520.72,55.0,8.0,22.0,605.72,2.0,1615,1211.25,677,814,477.89,39.45,296.21,24.45
10K,9,11.5,8.4,530.19,55.0,8.0,22.0,615.19,2.0,1640,1230.0,688,826,485.21,39.45,300.71,24.45
10K,9,12,8.55,539.66,55.0,8.0,22.0,624.66,2.0,1670,1252.5,698,839,495.88,39.59,308.0,24.59
10K,9,12.5,8.7,549.13,55.0,8.0,22.0,634.13,2.0,1695,1271.25,709,852,503.19,39.58,312.5,24.58
10K,9,13,8.85,558.59,55.0,8.0,22.0,643.59,2.0,1720,1290.0,720,864,510.51,39.57,317.01,24.57
10K,9,13.5,8.995,567.75,55.0,8.0,22.0,652.75,2.0,1740,1305.0,730,877,514.78,39.45,319.03,24.45
10K,9,14,9.14,576.9,55.0,8.0,22.0,661.9,2.0,1770,1327.5,740,889,525.76,39.61,326.64,24.61
10K,9,14.5,9.29,586.37,55.0,8.0,22.0,671.37,2.0,1795,1346.25,751,902,533.08,39.6,331.14,24.6
10K,9,15,9.44,595.83,55.0,8.0,22.0,680.83,2.0,1820,1365.0,761,914,540.39,39.59,335.64,24.59
10K,9,15.5,9.59,605.3,55.0,8.0,22.0,690.3,2.0,1845,1383.75,772,927,547.7,39.58,340.14,24.58
10K,9,16,9.74,614.77,55.0,8.0,22.0,699.77,2.0,1870,1402.5,782,940,555.02,39.57,344.64,24.57
10K,10,4,6.84,431.73,55.0,8.0,22.0,516.73,2.0,1380,1035.0,578,694,409.15,39.53,253.9,24.53
10K,10,4.5,7.005,442.14,55.0,8.0,22.0,527.14,2.0,1410,1057.5,589,708,418.87,39.61,260.25,24.61
10K,10,5,7.17,452.56,55.0,8.0,22.0,537.56,2.0,1435,1076.25,601,722,425.24,39.51,263.8,24.51
10K,10,5.5,7.34,463.29,55.0,8.0,22.0,548.29,2.0,1465,1098.75,613,737,434.64,39.56,269.83,24.56
10K,10,6,7.51,474.02,55.0,8.0,22.0,559.02,2.0,1495,1121.25,625,751,444.05,39.6,275.86,24.6
10K,10,6.5,7.675,484.43,55.0,8.0,22.0,569.43,2.0,1520,1140.0,637,765,450.42,39.51,279.42,24.51
10K,10,7,7.84,494.85,55.0,8.0,22.0,579.85,2.0,1550,1162.5,648,779,460.14,39.58,285.77,24.58
10K,10,7.5,8.005,505.26,55.0,8.0,22.0,590.26,2.0,1575,1181.25,660,793,466.51,39.49,289.32,24.49
10K,10,8,8.17,515.67,55.0,8.0,22.0,600.67,2.0,1605,1203.75,672,807,476.23,39.56,295.67,24.56
10K,10,8.5,8.335,526.09,55.0,8.0,22.0,611.09,2.0,1630,1222.5,683,821,482.6,39.48,299.22,24.48
10K,10,9,8.5,536.5,55.0,8.0,22.0,621.5,2.0,1660,1245.0,695,835,492.32,39.54,305.57,24.54
10K,10,9.5,8.665,546.92,55.0,8.0,22.0,631.92,2.0,1690,1267.5,707,849,502.04,39.61,311.92,24.61
10K,10,10,8.83,557.33,55.0,8.0,22.0,642.33,2.0,1715,1286.25,718,863,508.41,39.53,315.47,24.53
10K,10,10.5,8.995,567.75,55.0,8.0,22.0,652.75,2.0,1740,1305.0,730,877,514.78,39.45,319.03,24.45
10K,10,11,9.16,578.16,55.0,8.0,22.0,663.16,2.0,1770,1327.5,741,891,524.5,39.51,325.38,24.51
10K,10,11.5,9.33,588.89,55.0,8.0,22.0,673.89,2.0,1800,1350.0,753,905,533.91,39.55,331.41,24.55
10K,10,12,9.5,599.62,55.0,8.0,22.0,684.62,2.0,1830,1372.5,765,920,543.32,39.59,337.44,24.59
10K,10,12.5,9.665,610.04,55.0,8.0,22.0,695.04,2.0,1855,1391.25,777,934,549.68,39.51,341.0,24.51
10K,10,13,9.83,620.45,55.0,8.0,22.0,705.45,2.0,1885,1413.75,789,948,559.41,39.57,347.34,24.57
10K,10,13.5,9.995,630.87,55.0,8.0,22.0,715.87,2.0,1910,1432.5,800,961,565.77,39.5,350.9,24.5
10K,10,14,10.16,641.28,55.0,8.0,22.0,726.28,2.0,1940,1455.0,812,975,575.5,39.55,357.25,24.55
10K,10,14.5,10.325,651.69,55.0,8.0,22.0,736.69,2.0,1965,1473.75,824,989,581.86,39.48,360.8,24.48
10K,10,15,10.49,662.11,55.0,8.0,22.0,747.11,2.0,1995,1496.25,835,1003,591.59,39.54,367.15,24.54
10K,10,15.5,10.655,672.52,55.0,8.0,22.0,757.52,2.0,2020,1515.0,847,1017,597.95,39.47,370.7,24.47
10K,10,16,10.82,682.94,55.0,8.0,22.0,767.94,2.0,2050,1537.5,859,1031,607.67,39.52,377.05,24.52
10K,11,4,7.53,475.28,55.0,8.0,22.0,560.28,2.0,1495,1121.25,627,753,442.79,39.49,274.6,24.49
10K,11,4.5,7.71,486.64,55.0,8.0,22.0,571.64,2.0,1525,1143.75,639,768,451.57,39.48,280.0,24.48
10K,11,5,7.89,498.0,55.0,8.0,22.0,583.0,2.0,1555,1166.25,652,783,460.34,39.47,285.4,24.47
10K,11,5.5,8.075,509.68,55.0,8.0,22.0,594.68,2.0,1590,1192.5,665,799,472.16,39.59,293.28,24.59
10K,11,6,8.26,521.36,55.0,8.0,22.0,606.36,2.0,1620,1215.0,678,815,480.62,39.56,298.37,24.56
10K,11,6.5,8.44,532.72,55.0,8.0,22.0,617.72,2.0,1650,1237.5,691,830,489.4,39.55,303.77,24.55
10K,11,7,8.62,544.08,55.0,8.0,22.0,629.08,2.0,1680,1260.0,703,845,498.17,39.54,309.17,24.54
10K,11,7.5,8.805,555.75,55.0,8.0,22.0,640.75,2.0,1710,1282.5,716,861,506.63,39.5,314.26,24.5
10K,11,8,8.99,567.43,55.0,8.0,22.0,652.43,2.0,1740,1305.0,729,876,515.09,39.47,319.34,24.47
10K,11,8.5,9.17,578.79,55.0,8.0,22.0,663.79,2.0,1775,1331.25,742,892,527.23,39.6,327.54,24.6
10K,11,9,9.35,590.15,55.0,8.0,22.0,675.15,2.0,1800,1350.0,755,907,532.65,39.46,330.15,24.46
10K,11,9.5,9.535,601.83,55.0,8.0,22.0,686.83,2.0,1835,1376.25,768,923,544.46,39.56,338.03,24.56
10K,11,10,9.72,613.51,55.0,8.0,22.0,698.51,2.0,1865,1398.75,781,938,552.92,39.53,343.11,24.53
10K,11,10.5,9.9,624.87,55.0,8.0,22.0,709.87,2.0,1895,1421.25,794,953,561.7,39.52,348.51,24.52
10K,11,11,10.08,636.23,55.0,8.0,22.0,721.23,2.0,1925,1443.75,806,969,570.48,39.51,353.91,24.51
10K,11,11.5,10.265,647.91,55.0,8.0,22.0,732.91,2.0,1955,1466.25,819,984,578.94,39.48,359.0,24.48
10K,11,12,10.45,659.58,55.0,8.0,22.0,744.58,2.0,1990,1492.5,832,1000,590.75,39.58,366.88,24.58
10K,11,12.5,10.63,670.95,55.0,8.0,22.0,755.95,2.0,2020,1515.0,845,1015,599.53,39.57,372.28,24.57
10K,11,13,10.81,682.31,55.0,8.0,22.0,767.31,2.0,2050,1537.5,858,1031,608.31,39.56,377.68,24.56
10K,11,13.5,10.995,693.98,55.0,8.0,22.0,778.98,2.0,2080,1560.0,871,1046,616.77,39.54,382.77,24.54
10K,11,14,11.18,705.66,55.0,8.0,22.0,790.66,2.0,2110,1582.5,884,1062,625.23,39.51,387.85,24.51
10K,11,14.5,11.355,716.71,55.0,8.0,22.0,801.71,2.0,2140,1605.0,896,1077,634.32,39.52,393.57,24.52
10K,11,15,11.53,727.75,55.0,8.0,22.0,812.75,2.0,2170,1627.5,909,1092,643.41,39.53,399.29,24.53
10K,11,15.5,11.72,739.74,55.0,8.0,22.0,824.74,2.0,2200,1650.0,922,1108,651.56,39.49,404.06,24.49
10K,11,16,11.91,751.74,55.0,8.0,22.0,836.74,2.0,2235,1676.25,935,1124,663.06,39.56,411.62,24.56
10K,12,4,8.21,518.2,55.0,8.0,22.0,603.2,2.0,1610,1207.5,674,810,477.06,39.51,295.94,24.51
10K,12,4.5,8.41,530.82,55.0,8.0,22.0,615.82,2.0,1645,1233.75,689,827,487.93,39.55,302.87,24.55
10K,12,5,8.61,543.45,55.0,8.0,22.0,628.45,2.0,1680,1260.0,703,844,498.8,39.59,309.8,24.59
10K,12,5.5,8.81,556.07,55.0,8.0,22.0,641.07,2.0,1710,1282.5,717,861,506.32,39.48,313.94,24.48
10K,12,6,9.01,568.69,55.0,8.0,22.0,653.69,2.0,1745,1308.75,731,878,517.19,39.52,320.87,24.52
10K,12,6.5,9.21,581.32,55.0,8.0,22.0,666.32,2.0,1780,1335.0,745,895,528.06,39.55,327.81,24.55
10K,12,7,9.41,593.94,55.0,8.0,22.0,678.94,2.0,1815,1361.25,759,912,538.93,39.59,334.74,24.59
10K,12,7.5,9.605,606.25,55.0,8.0,22.0,691.25,2.0,1845,1383.75,773,928,546.76,39.51,339.19,24.51
10K,12,8,9.8,618.56,55.0,8.0,22.0,703.56,2.0,1880,1410.0,787,945,557.94,39.57,346.44,24.57
10K,12,8.5,10.0,631.18,55.0,8.0,22.0,716.18,2.0,1910,1432.5,801,962,565.46,39.47,350.58,24.47
10K,12,9,10.2,643.8,55.0,8.0,22.0,728.8,2.0,1945,1458.75,815,979,576.33,39.51,357.51,24.51
10K,12,9.5,10.4,656.43,55.0,8.0,22.0,741.43,2.0,1980,1485.0,829,996,587.2,39.54,364.45,24.54
10K,12,10,10.6,669.05,55.0,8.0,22.0,754.05,2.0,2015,1511.25,843,1013,598.07,39.57,371.38,24.57
10K,12,10.5,10.8,681.68,55.0,8.0,22.0,766.68,2.0,2045,1533.75,857,1030,605.58,39.48,375.52,24.48
10K,12,11,11.0,694.3,55.0,8.0,22.0,779.3,2.0,2080,1560.0,871,1047,616.45,39.52,382.45,24.52
10K,12,11.5,11.2,706.92,55.0,8.0,22.0,791.92,2.0,2115,1586.25,885,1064,627.32,39.55,389.38,24.55
10K,12,12,11.4,719.55,55.0,8.0,22.0,804.55,2.0,2150,1612.5,899,1081,638.19,39.58,396.32,24.58
10K,12,12.5,11.595,731.85,55.0,8.0,22.0,816.85,2.0,2180,1635.0,913,1097,646.02,39.51,400.77,24.51
10K,12,13,11.79,744.16,55.0,8.0,22.0,829.16,2.0,2215,1661.25,927,1114,657.21,39.56,408.02,24.56
10K,12,13.5,11.99,756.79,55.0,8.0,22.0,841.79,2.0,2250,1687.5,941,1131,668.08,39.59,414.95,24.59
10K,12,14,12.19,769.41,55.0,8.0,22.0,854.41,2.0,2280,1710.0,955,1147,675.59,39.51,419.09,24.51
10K,12,14.5,12.39,782.03,55.0,8.0,22.0,867.03,2.0,2315,1736.25,969,1164,686.46,39.54,426.02,24.54
10K,12,15,12.59,794.66,55.0,8.0,22.0,879.66,2.0,2350,1762.5,983,1181,697.33,39.56,432.96,24.56
10K,12,15.5,12.79,807.28,55.0,8.0,22.0,892.28,2.0,2380,1785.0,997,1198,704.84,39.49,437.09,24.49
10K,12,16,12.99,819.9,55.0,8.0,22.0,904.9,2.0,2415,1811.25,1012,1215,715.72,39.51,444.03,24.51
14K,3,4,2.33,205.61,55.0,8.0,22.0,290.61,1.75,680,510.0,325,391,165.39,32.43,88.89,17.43
14K,3,4.5,2.39,210.9,55.0,8.0,22.0,295.9,1.75,695,521.25,331,398,170.17,32.65,91.98,17.65
14K,3,5,2.45,216.2,55.0,8.0,22.0,301.2,1.75,705,528.75,337,405,171.58,32.45,92.27,17.45
14K,3,5.5,2.505,221.05,55.0,8.0,22.0,306.05,1.75,715,536.25,342,411,173.44,32.34,93.0,17.34
14K,3,6,2.56,225.91,55.0,8.0,22.0,310.91,1.75,730,547.5,348,418,178.66,32.63,96.53,17.63
14K,3,6.5,2.615,230.76,55.0,8.0,22.0,315.76,1.75,740,555.0,353,424,180.52,32.53,97.27,17.53
14K,3,7,2.67,235.61,55.0,8.0,22.0,320.61,1.75,750,562.5,359,431,182.38,32.42,98.0,17.42
14K,3,7.5,2.73,240.91,55.0,8.0,22.0,325.91,1.75,760,570.0,365,438,183.79,32.24,98.29,17.24
14K,3,8,2.79,246.2,55.0,8.0,22.0,331.2,1.75,775,581.25,371,445,188.57,32.44,101.38,17.44
14K,3,8.5,2.845,251.05,55.0,8.0,22.0,336.05,1.75,785,588.75,376,452,190.43,32.34,102.11,17.34
14K,3,9,2.9,255.91,55.0,8.0,22.0,340.91,1.75,800,600.0,381,458,195.64,32.61,105.64,17.61
14K,3,9.5,2.955,260.76,55.0,8.0,22.0,345.76,1.75,810,607.5,387,465,197.5,32.51,106.38,17.51
14K,3,10,3.01,265.62,55.0,8.0,22.0,350.62,1.75,820,615.0,392,471,199.36,32.42,107.11,17.42
14K,3,10.5,3.065,270.47,55.0,8.0,22.0,355.47,1.75,830,622.5,398,478,201.22,32.32,107.84,17.32
14K,3,11,3.12,275.32,55.0,8.0,22.0,360.32,1.75,845,633.75,403,484,206.43,32.57,111.37,17.57
14K,3,11.5,3.18,280.62,55.0,8.0,22.0,365.62,1.75,855,641.25,409,491,207.85,32.41,111.66,17.41
14K,3,12,3.24,285.91,55.0,8.0,22.0,370.91,1.75,870,652.5,415,498,212.63,32.59,114.75,17.59
14K,3,12.5,3.295,290.76,55.0,8.0,22.0,375.76,1.75,880,660.0,420,505,214.49,32.5,115.49,17.5
14K,3,13,3.35,295.62,55.0,8.0,22.0,380.62,1.75,890,667.5,426,512,216.34,32.41,116.22,17.41
14K,3,13.5,3.405,300.47,55.0,8.0,22.0,385.47,1.75,900,675.0,431,518,218.2,32.33,116.95,17.33
14K,3,14,3.46,305.32,55.0,8.0,22.0,390.32,1.75,915,686.25,437,525,223.42,32.56,120.48,17.56
14K,3,14.5,3.52,310.62,55.0,8.0,22.0,395.62,1.75,925,693.75,443,532,224.84,32.41,120.77,17.41
14K,3,15,3.58,315.91,55.0,8.0,22.0,400.91,1.75,940,705.0,448,539,229.61,32.57,123.86,17.57
14K,3,15.5,3.635,320.77,55.0,8.0,22.0,405.77,1.75,950,712.5,454,545,231.47,32.49,124.59,17.49
14K,3,16,3.69,325.62,55.0,8.0,22.0,410.62,1.75,960,720.0,459,552,233.33,32.41,125.33,17.41
14K,4,4,3.11,274.44,55.0,8.0,22.0,359.44,1.75,840,630.0,402,483,203.96,32.37,109.46,17.37
14K,4,4.5,3.185,281.06,55.0,8.0,22.0,366.06,1.75,855,641.25,410,492,207.41,32.34,111.22,17.34
14K,4,5,3.26,287.68,55.0,8.0,22.0,372.68,1.75,870,652.5,417,501,210.86,32.32,112.99,17.32
14K,4,5.5,3.335,294.29,55.0,8.0,22.0,379.29,1.75,890,667.5,424,510,217.67,32.61,117.54,17.61
14K,4,6,3.41,300.91,55.0,8.0,22.0,385.91,1.75,900,675.0,432,519,217.76,32.26,116.51,17.26
14K,4,6.5,3.485,307.53,55.0,8.0,22.0,392.53,1.75,920,690.0,439,527,224.57,32.55,121.07,17.55
14K,4,7,3.56,314.15,55.0,8.0,22.0,399.15,1.75,935,701.25,446,536,228.02,32.52,122.83,17.52
14K,4,7.5,3.635,320.77,55.0,8.0,22.0,405.77,1.75,950,712.5,454,545,231.47,32.49,124.59,17.49
14K,4,8,3.71,327.39,55.0,8.0,22.0,412.39,1.75,965,723.75,461,554,234.92,32.46,126.36,17.46
14K,4,8.5,3.785,334.0,55.0,8.0,22.0,419.0,1.75,980,735.0,469,563,238.37,32.43,128.12,17.43
14K,4,9,3.86,340.62,55.0,8.0,22.0,425.62,1.75,995,746.25,476,572,241.82,32.4,129.88,17.4
14K,4,9.5,3.935,347.24,55.0,8.0,22.0,432.24,1.75,1010,757.5,483,581,245.27,32.38,131.65,17.38
14K,4,10,4.01,353.86,55.0,8.0,22.0,438.86,1.75,1025,768.75,491,590,248.72,32.35,133.41,17.35
14K,4,10.5,4.09,360.92,55.0,8.0,22.0,445.92,1.75,1040,780.0,499,599,251.73,32.27,134.73,17.27
14K,4,11,4.17,367.98,55.0,8.0,22.0,452.98,1.75,1060,795.0,507,609,258.1,32.46,138.85,17.46
14K,4,11.5,4.245,374.6,55.0,8.0,22.0,459.6,1.75,1075,806.25,514,618,261.55,32.44,140.61,17.44
14K,4,12,4.32,381.21,55.0,8.0,22.0,466.21,1.75,1090,817.5,521,626,265.0,32.42,142.37,17.42
14K,4,12.5,4.395,387.83,55.0,8.0,22.0,472.83,1.75,1105,828.75,529,635,268.45,32.39,144.14,17.39
14K,4,13,4.47,394.45,55.0,8.0,22.0,479.45,1.75,1120,840.0,536,644,271.9,32.37,145.9,17.37
14K,4,13.5,4.545,401.07,55.0,8.0,22.0,486.07,1.75,1135,851.25,544,653,275.35,32.35,147.66,17.35
14K,4,14,4.62,407.69,55.0,8.0,22.0,492.69,1.75,1150,862.5,551,662,278.8,32.32,149.42,17.32
14K,4,14.5,4.695,414.31,55.0,8.0,22.0,499.31,1.75,1170,877.5,558,671,285.61,32.55,153.98,17.55
14K,4,15,4.77,420.92,55.0,8.0,22.0,505.92,1.75,1180,885.0,566,680,285.7,32.28,152.95,17.28
14K,4,15.5,4.845,427.54,55.0,8.0,22.0,512.54,1.75,1200,900.0,573,689,292.51,32.5,157.51,17.5
14K,4,16,4.92,434.16,55.0,8.0,22.0,519.16,1.75,1215,911.25,581,697,295.96,32.48,159.27,17.48
14K,5,4,3.89,343.27,55.0,8.0,22.0,428.27,1.75,1000,750.0,479,575,242.53,32.34,130.03,17.34
14K,5,4.5,3.975,350.77,55.0,8.0,22.0,435.77,1.75,1020,765.0,487,586,248.45,32.48,133.7,17.48
14K,5,5,4.06,358.27,55.0,8.0,22.0,443.27,1.75,1035,776.25,496,596,251.02,32.34,134.58,17.34
14K,5,5.5,4.16,367.1,55.0,8.0,22.0,452.1,1.75,1055,791.25,506,607,255.62,32.31,136.94,17.31
14K,5,6,4.26,375.92,55.0,8.0,22.0,460.92,1.75,1080,810.0,515,619,263.58,32.54,142.08,17.54
14K,5,6.5,4.355,384.3,55.0,8.0,22.0,469.3,1.75,1095,821.25,525,631,265.27,32.3,142.08,17.3
14K,5,7,4.45,392.69,55.0,8.0,22.0,477.69,1.75,1115,836.25,534,642,270.31,32.32,144.87,17.32
14K,5,7.5,4.545,401.07,55.0,8.0,22.0,486.07,1.75,1135,851.25,544,653,275.35,32.35,147.66,17.35
14K,5,8,4.64,409.45,55.0,8.0,22.0,494.45,1.75,1155,866.25,553,664,280.39,32.37,150.45,17.37
14K,5,8.5,4.735,417.84,55.0,8.0,22.0,502.84,1.75,1175,881.25,562,676,285.43,32.39,153.24,17.39
14K,5,9,4.83,426.22,55.0,8.0,22.0,511.22,1.75,1195,896.25,572,687,290.47,32.41,156.04,17.41
14K,5,9.5,4.925,434.6,55.0,8.0,22.0,519.6,1.75,1215,911.25,581,698,295.52,32.43,158.83,17.43
14K,5,10,5.02,442.99,55.0,8.0,22.0,527.99,1.75,1235,926.25,590,709,300.56,32.45,161.62,17.45
14K,5,10.5,5.115,451.37,55.0,8.0,22.0,536.37,1.75,1255,941.25,600,721,305.6,32.47,164.41,17.47
14K,5,11,5.21,459.75,55.0,8.0,22.0,544.75,1.75,1275,956.25,609,732,310.64,32.49,167.2,17.49
14K,5,11.5,5.305,468.14,55.0,8.0,22.0,553.14,1.75,1295,971.25,619,743,315.68,32.5,170.0,17.5
14K,5,12,5.4,476.52,55.0,8.0,22.0,561.52,1.75,1315,986.25,628,754,320.73,32.52,172.79,17.52
14K,5,12.5,5.49,484.46,55.0,8.0,22.0,569.46,1.75,1330,997.5,637,765,322.85,32.37,173.23,17.37
14K,5,13,5.58,492.4,55.0,8.0,22.0,577.4,1.75,1350,1012.5,646,776,328.33,32.43,176.46,17.43
14K,5,13.5,5.675,500.79,55.0,8.0,22.0,585.79,1.75,1370,1027.5,655,787,333.38,32.45,179.25,17.45
14K,5,14,5.77,509.17,55.0,8.0,22.0,594.17,1.75,1390,1042.5,664,798,338.42,32.46,182.04,17.46
14K,5,14.5,5.865,517.55,55.0,8.0,22.0,602.55,1.75,1410,1057.5,674,809,343.46,32.48,184.84,17.48
14K,5,15,5.96,525.94,55.0,8.0,22.0,610.94,1.75,1430,1072.5,683,821,348.5,32.49,187.63,17.49
14K,5,15.5,6.055,534.32,55.0,8.0,22.0,619.32,1.75,1450,1087.5,692,832,353.54,32.51,190.42,17.51
14K,5,16,6.15,542.7,55.0,8.0,22.0,627.7,1.75,1465,1098.75,702,843,355.23,32.33,190.42,17.33
14K,6,4,4.67,412.1,55.0,8.0,22.0,497.1,1.75,1160,870.0,556,668,281.1,32.31,150.6,17.31
14K,6,4.5,4.78,421.81,55.0,8.0,22.0,506.81,1.75,1185,888.75,567,681,288.17,32.42,154.86,17.42
14K,6,5,4.89,431.51,55.0,8.0,22.0,516.51,1.75,1210,907.5,578,694,295.25,32.53,159.12,17.53
14K,6,5.5,5.005,441.66,55.0,8.0,22.0,526.66,1.75,1230,922.5,589,708,298.53,32.36,160.15,17.36
14K,6,6,5.12,451.81,55.0,8.0,22.0,536.81,1.75,1255,941.25,600,721,305.16,32.42,163.97,17.42
14K,6,6.5,5.23,461.52,55.0,8.0,22.0,546.52,1.75,1275,956.25,611,734,308.88,32.3,165.44,17.3
14K,6,7,5.34,471.22,55.0,8.0,22.0,556.22,1.75,1300,975.0,622,747,315.95,32.41,169.7,17.41
14K,6,7.5,5.455,481.37,55.0,8.0,22.0,566.37,1.75,1325,993.75,633,761,322.58,32.46,173.52,17.46
14K,6,8,5.57,491.52,55.0,8.0,22.0,576.52,1.75,1350,1012.5,645,774,329.22,32.52,177.34,17.52
14K,6,8.5,5.685,501.67,55.0,8.0,22.0,586.67,1.75,1370,1027.5,656,788,332.49,32.36,178.37,17.36
14K,6,9,5.8,511.82,55.0,8.0,22.0,596.82,1.75,1395,1046.25,667,802,339.13,32.41,182.19,17.41
14K,6,9.5,5.91,521.52,55.0,8.0,22.0,606.52,1.75,1415,1061.25,678,815,342.85,32.31,183.66,17.31
14K,6,10,6.02,531.23,55.0,8.0,22.0,616.23,1.75,1440,1080.0,689,828,349.92,32.4,187.92,17.4
14K,6,10.5,6.135,541.38,55.0,8.0,22.0,626.38,1.75,1465,1098.75,700,841,356.55,32.45,191.74,17.45
14K,6,11,6.25,551.53,55.0,8.0,22.0,636.53,1.75,1490,1117.5,712,855,363.19,32.5,195.56,17.5
14K,6,11.5,6.36,561.23,55.0,8.0,22.0,646.23,1.75,1510,1132.5,723,868,366.9,32.4,197.03,17.4
14K,6,12,6.47,570.94,55.0,8.0,22.0,655.94,1.75,1535,1151.25,733,881,373.98,32.48,201.29,17.48
14K,6,12.5,6.585,581.09,55.0,8.0,22.0,666.09,1.75,1555,1166.25,745,895,377.26,32.35,202.32,17.35
14K,6,13,6.7,591.24,55.0,8.0,22.0,676.24,1.75,1580,1185.0,756,908,383.89,32.4,206.14,17.4
14K,6,13.5,6.815,601.38,55.0,8.0,22.0,686.38,1.75,1605,1203.75,767,922,390.52,32.44,209.96,17.44
14K,6,14,6.93,611.53,55.0,8.0,22.0,696.53,1.75,1630,1222.5,779,936,397.16,32.49,213.78,17.49
14K,6,14.5,7.04,621.24,55.0,8.0,22.0,706.24,1.75,1650,1237.5,790,949,400.87,32.39,215.25,17.39
14K,6,15,7.15,630.95,55.0,8.0,22.0,715.95,1.75,1675,1256.25,800,962,407.95,32.47,219.51,17.47
14K,6,15.5,7.265,641.09,55.0,8.0,22.0,726.09,1.75,1695,1271.25,812,975,411.22,32.35,220.54,17.35
14K,6,16,7.38,651.24,55.0,8.0,22.0,736.24,1.75,1720,1290.0,823,989,417.86,32.39,224.36,17.39
14K,7,4,5.44,480.05,55.0,8.0,22.0,565.05,1.75,1320,990.0,632,759,320.55,32.38,172.05,17.38
14K,7,4.5,5.575,491.96,55.0,8.0,22.0,576.96,1.75,1350,1012.5,645,775,328.78,32.47,176.9,17.47
14K,7,5,5.71,503.87,55.0,8.0,22.0,588.87,1.75,1375,1031.25,658,791,333.64,32.35,178.96,17.35
14K,7,5.5,5.84,515.35,55.0,8.0,22.0,600.35,1.75,1405,1053.75,671,806,342.31,32.48,184.25,17.48
14K,7,6,5.97,526.82,55.0,8.0,22.0,611.82,1.75,1430,1072.5,684,822,347.62,32.41,186.74,17.41
14K,7,6.5,6.1,538.29,55.0,8.0,22.0,623.29,1.75,1455,1091.25,697,837,352.93,32.34,189.24,17.34
14K,7,7,6.23,549.76,55.0,8.0,22.0,634.76,1.75,1485,1113.75,710,853,361.59,32.47,194.53,17.47
14K,7,7.5,6.365,561.67,55.0,8.0,22.0,646.67,1.75,1510,1132.5,723,869,366.46,32.36,196.59,17.36
14K,7,8,6.5,573.59,55.0,8.0,22.0,658.59,1.75,1540,1155.0,736,885,374.69,32.44,201.44,17.44
14K,7,8.5,6.63,585.06,55.0,8.0,22.0,670.06,1.75,1565,1173.75,749,900,380.0,32.37,203.93,17.37
14K,7,9,6.76,596.53,55.0,8.0,22.0,681.53,1.75,1595,1196.25,762,915,388.66,32.49,209.23,17.49
14K,7,9.5,6.895,608.44,55.0,8.0,22.0,693.44,1.75,1620,1215.0,775,931,393.53,32.39,211.28,17.39
14K,7,10,7.03,620.36,55.0,8.0,22.0,705.36,1.75,1650,1237.5,789,947,401.76,32.47,216.13,17.47
14K,7,10.5,7.16,631.83,55.0,8.0,22.0,716.83,1.75,1675,1256.25,801,963,407.07,32.4,218.63,17.4
14K,7,11,7.29,643.3,55.0,8.0,22.0,728.3,1.75,1700,1275.0,814,978,412.37,32.34,221.12,17.34
14K,7,11.5,7.42,654.77,55.0,8.0,22.0,739.77,1.75,1730,1297.5,827,994,421.04,32.45,226.42,17.45
14K,7,12,7.55,666.24,55.0,8.0,22.0,751.24,1.75,1755,1316.25,840,1009,426.35,32.39,228.91,17.39
14K,7,12.5,7.685,678.16,55.0,8.0,22.0,763.16,1.75,1785,1338.75,853,1025,434.57,32.46,233.76,17.46
14K,7,13,7.82,690.07,55.0,8.0,22.0,775.07,1.75,1810,1357.5,867,1041,439.44,32.37,235.82,17.37
14K,7,13.5,7.95,701.54,55.0,8.0,22.0,786.54,1.75,1835,1376.25,879,1056,444.75,32.32,238.31,17.32
14K,7,14,8.08,713.01,55.0,8.0,22.0,798.01,1.75,1865,1398.75,892,1072,453.42,32.42,243.61,17.42
14K,7,14.5,8.215,724.93,55.0,8.0,22.0,809.93,1.75,1890,1417.5,905,1088,458.29,32.33,245.66,17.33
14K,7,15,8.35,736.84,55.0,8.0,22.0,821.84,1.75,1920,1440.0,919,1104,466.51,32.4,250.51,17.4
14K,7,15.5,8.48,748.31,55.0,8.0,22.0,833.31,1.75,1945,1458.75,932,1119,471.82,32.34,253.01,17.34
14K,7,16,8.61,759.78,55.0,8.0,22.0,844.78,1.75,1975,1481.25,944,1135,480.49,32.44,258.3,17.44
14K,8,4,6.22,548.88,55.0,8.0,22.0,633.88,2.0,1695,1271.25,709,851,503.44,39.6,312.75,24.6
14K,8,4.5,6.37,562.12,55.0,8.0,22.0,647.12,2.0,1730,1297.5,724,869,513.7,39.59,319.07,24.59
14K,8,5,6.52,575.35,55.0,8.0,22.0,660.35,2.0,1765,1323.75,738,887,523.95,39.58,325.39,24.58
14K,8,5.5,6.67,588.59,55.0,8.0,22.0,673.59,2.0,1800,1350.0,753,905,534.21,39.57,331.71,24.57
14K,8,6,6.82,601.83,55.0,8.0,22.0,686.83,2.0,1835,1376.25,768,923,544.47,39.56,338.03,24.56
14K,8,6.5,6.975,615.5,55.0,8.0,22.0,700.5,2.0,1870,1402.5,783,941,554.28,39.52,343.91,24.52
14K,8,7,7.13,629.18,55.0,8.0,22.0,714.18,2.0,1905,1428.75,798,959,564.1,39.48,349.79,24.48
14K,8,7.5,7.28,642.42,55.0,8.0,22.0,727.42,2.0,1940,1455.0,813,977,574.36,39.47,356.11,24.47
14K,8,8,7.43,655.65,55.0,8.0,22.0,740.65,2.0,1975,1481.25,828,995,584.61,39.47,362.43,24.47
14K,8,8.5,7.58,668.89,55.0,8.0,22.0,753.89,2.0,2015,1511.25,843,1013,598.23,39.58,371.54,24.58
14K,8,9,7.73,682.13,55.0,8.0,22.0,767.13,2.0,2050,1537.5,858,1030,608.48,39.58,377.86,24.58
14K,8,9.5,7.88,695.36,55.0,8.0,22.0,780.36,2.0,2085,1563.75,872,1048,618.74,39.57,384.18,24.57
14K,8,10,8.03,708.6,55.0,8.0,22.0,793.6,2.0,2120,1590.0,887,1066,629.0,39.56,390.5,24.56
14K,8,10.5,8.18,721.84,55.0,8.0,22.0,806.84,2.0,2155,1616.25,902,1084,639.26,39.55,396.82,24.55
14K,8,11,8.33,735.07,55.0,8.0,22.0,820.07,2.0,2190,1642.5,917,1101,649.51,39.54,403.14,24.54
14K,8,11.5,8.48,748.31,55.0,8.0,22.0,833.31,2.0,2225,1668.75,932,1119,659.77,39.54,409.46,24.54
14K,8,12,8.63,761.55,55.0,8.0,22.0,846.55,2.0,2260,1695.0,946,1137,670.03,39.53,415.78,24.53
14K,8,12.5,8.78,774.78,55.0,8.0,22.0,859.78,2.0,2295,1721.25,961,1155,680.28,39.52,422.1,24.52
14K,8,13,8.93,788.02,55.0,8.0,22.0,873.02,2.0,2330,1747.5,976,1172,690.54,39.52,428.42,24.52
14K,8,13.5,9.085,801.7,55.0,8.0,22.0,886.7,2.0,2365,1773.75,991,1191,700.36,39.48,434.3,24.48
14K,8,14,9.24,815.38,55.0,8.0,22.0,900.38,2.0,2405,1803.75,1007,1209,713.53,39.56,442.97,24.56
14K,8,14.5,9.39,828.61,55.0,8.0,22.0,913.61,2.0,2440,1830.0,1021,1227,723.79,39.55,449.29,24.55
14K,8,15,9.54,841.85,55.0,8.0,22.0,926.85,2.0,2475,1856.25,1036,1245,734.04,39.54,455.61,24.54
14K,8,15.5,9.69,855.09,55.0,8.0,22.0,940.09,2.0,2510,1882.5,1051,1262,744.3,39.54,461.93,24.54
14K,8,16,9.84,868.32,55.0,8.0,22.0,953.32,2.0,2545,1908.75,1066,1280,754.56,39.53,468.25,24.53
14K,9,4,7.0,617.71,55.0,8.0,22.0,702.71,2.0,1875,1406.25,786,944,555.43,39.5,344.5,24.5
14K,9,4.5,7.17,632.71,55.0,8.0,22.0,717.71,2.0,1915,1436.25,802,964,567.28,39.5,351.85,24.5
14K,9,5,7.34,647.71,55.0,8.0,22.0,732.71,2.0,1955,1466.25,819,984,579.13,39.5,359.19,24.5
14K,9,5.5,7.51,662.71,55.0,8.0,22.0,747.71,2.0,1995,1496.25,836,1004,590.98,39.5,366.54,24.5
14K,9,6,7.68,677.72,55.0,8.0,22.0,762.72,2.0,2035,1526.25,853,1024,602.83,39.5,373.89,24.5
14K,9,6.5,7.85,692.72,55.0,8.0,22.0,777.72,2.0,2075,1556.25,869,1045,614.68,39.5,381.24,24.5
14K,9,7,8.02,707.72,55.0,8.0,22.0,792.72,2.0,2115,1586.25,886,1065,626.53,39.5,388.59,24.5
14K,9,7.5,8.19,722.72,55.0,8.0,22.0,807.72,2.0,2155,1616.25,903,1085,638.37,39.5,395.94,24.5
14K,9,8,8.36,737.72,55.0,8.0,22.0,822.72,2.0,2195,1646.25,920,1105,650.22,39.5,403.28,24.5
14K,9,8.5,8.525,752.28,55.0,8.0,22.0,837.28,2.0,2235,1676.25,936,1124,662.51,39.52,411.07,24.52
14K,9,9,8.69,766.84,55.0,8.0,22.0,851.84,2.0,2275,1706.25,952,1144,674.8,39.55,418.86,24.55
14K,9,9.5,8.86,781.84,55.0,8.0,22.0,866.84,2.0,2315,1736.25,969,1164,686.65,39.55,426.21,24.55
14K,9,10,9.03,796.85,55.0,8.0,22.0,881.85,2.0,2355,1766.25,986,1184,698.5,39.55,433.56,24.55
14K,9,10.5,9.2,811.85,55.0,8.0,22.0,896.85,2.0,2395,1796.25,1003,1204,710.35,39.55,440.91,24.55
14K,9,11,9.37,826.85,55.0,8.0,22.0,911.85,2.0,2435,1826.25,1019,1225,722.2,39.55,448.26,24.55
14K,9,11.5,9.54,841.85,55.0,8.0,22.0,926.85,2.0,2475,1856.25,1036,1245,734.04,39.54,455.61,24.54
14K,9,12,9.71,856.85,55.0,8.0,22.0,941.85,2.0,2515,1886.25,1053,1265,745.89,39.54,462.96,24.54
14K,9,12.5,9.88,871.85,55.0,8.0,22.0,956.85,2.0,2555,1916.25,1070,1285,757.74,39.54,470.3,24.54
14K,9,13,10.05,886.85,55.0,8.0,22.0,971.85,2.0,2595,1946.25,1086,1305,769.59,39.54,477.65,24.54
14K,9,13.5,10.22,901.86,55.0,8.0,22.0,986.86,2.0,2635,1976.25,1103,1325,781.44,39.54,485.0,24.54
14K,9,14,10.39,916.86,55.0,8.0,22.0,1001.86,2.0,2675,2006.25,1120,1345,793.29,39.54,492.35,24.54
14K,9,14.5,10.56,931.86,55.0,8.0,22.0,1016.86,2.0,2715,2036.25,1137,1366,805.13,39.54,499.7,24.54
14K,9,15,10.73,946.86,55.0,8.0,22.0,1031.86,2.0,2755,2066.25,1153,1386,816.98,39.54,507.05,24.54
14K,9,15.5,10.9,961.86,55.0,8.0,22.0,1046.86,2.0,2795,2096.25,1170,1406,828.83,39.54,514.39,24.54
14K,9,16,11.07,976.86,55.0,8.0,22.0,1061.86,2.0,2835,2126.25,1187,1426,840.68,39.54,521.74,24.54
14K,10,4,7.78,686.54,55.0,8.0,22.0,771.54,2.0,2060,1545.0,863,1036,610.79,39.53,379.04,24.53
14K,10,4.5,7.965,702.87,55.0,8.0,22.0,787.87,2.0,2105,1578.75,881,1058,624.67,39.57,387.85,24.57
14K,10,5,8.15,719.19,55.0,8.0,22.0,804.19,2.0,2145,1608.75,899,1080,635.19,39.48,393.88,24.48
14K,10,5.5,8.34,735.96,55.0,8.0,22.0,820.96,2.0,2190,1642.5,918,1103,648.63,39.49,402.26,24.49
14K,10,6,8.53,752.72,55.0,8.0,22.0,837.72,2.0,2235,1676.25,937,1125,662.07,39.5,410.63,24.5
14K,10,6.5,8.72,769.49,55.0,8.0,22.0,854.49,2.0,2280,1710.0,955,1148,675.51,39.5,419.01,24.5
14K,10,7,8.91,786.26,55.0,8.0,22.0,871.26,2.0,2325,1743.75,974,1170,688.95,39.51,427.39,24.51
14K,10,7.5,9.095,802.58,55.0,8.0,22.0,887.58,2.0,2370,1777.5,992,1192,702.83,39.54,436.21,24.54
14K,10,8,9.28,818.91,55.0,8.0,22.0,903.91,2.0,2415,1811.25,1010,1214,716.71,39.57,445.03,24.57
14K,10,8.5,9.47,835.67,55.0,8.0,22.0,920.67,2.0,2455,1841.25,1029,1236,726.8,39.47,450.61,24.47
14K,10,9,9.66,852.44,55.0,8.0,22.0,937.44,2.0,2500,1875.0,1048,1259,740.24,39.48,458.99,24.48
14K,10,9.5,9.85,869.21,55.0,8.0,22.0,954.21,2.0,2545,1908.75,1067,1281,753.68,39.49,467.36,24.49
14K,10,10,10.04,885.97,55.0,8.0,22.0,970.97,2.0,2590,1942.5,1085,1304,767.12,39.49,475.74,24.49
14K,10,10.5,10.225,902.3,55.0,8.0,22.0,987.3,2.0,2635,1976.25,1104,1326,781.0,39.52,484.56,24.52
14K,10,11,10.41,918.62,55.0,8.0,22.0,1003.62,2.0,2680,2010.0,1122,1348,794.88,39.55,493.38,24.55
14K,10,11.5,10.6,935.39,55.0,8.0,22.0,1020.39,2.0,2725,2043.75,1141,1370,808.32,39.55,501.76,24.55
14K,10,12,10.79,952.15,55.0,8.0,22.0,1037.15,2.0,2770,2077.5,1159,1393,821.76,39.56,510.13,24.56
14K,10,12.5,10.98,968.92,55.0,8.0,22.0,1053.92,2.0,2815,2111.25,1178,1415,835.2,39.56,518.51,24.56
14K,10,13,11.17,985.69,55.0,8.0,22.0,1070.69,2.0,2855,2141.25,1197,1438,845.28,39.48,524.09,24.48
14K,10,13.5,11.36,1002.45,55.0,8.0,22.0,1087.45,2.0,2900,2175.0,1216,1460,858.72,39.48,532.47,24.48
14K,10,14,11.55,1019.22,55.0,8.0,22.0,1104.22,2.0,2945,2208.75,1234,1483,872.16,39.49,540.85,24.49
14K,10,14.5,11.735,1035.55,55.0,8.0,22.0,1120.55,2.0,2990,2242.5,1253,1505,886.04,39.51,549.67,24.51
14K,10,15,11.92,1051.87,55.0,8.0,22.0,1136.87,2.0,3035,2276.25,1271,1527,899.92,39.54,558.49,24.54
14K,10,15.5,12.11,1068.64,55.0,8.0,22.0,1153.64,2.0,3080,2310.0,1289,1549,913.36,39.54,566.86,24.54
14K,10,16,12.3,1085.4,55.0,8.0,22.0,1170.4,2.0,3125,2343.75,1308,1572,926.8,39.54,575.24,24.54
14K,11,4,8.55,754.49,55.0,8.0,22.0,839.49,2.0,2240,1680.0,938,1127,663.66,39.5,411.66,24.5
14K,11,4.5,8.76,773.02,55.0,8.0,22.0,858.02,2.0,2290,1717.5,959,1152,678.69,39.52,421.07,24.52
14K,11,5,8.97,791.55,55.0,8.0,22.0,876.55,2.0,2340,1755.0,980,1177,693.72,39.53,430.47,24.53
14K,11,5.5,9.175,809.64,55.0,8.0,22.0,894.64,2.0,2390,1792.5,1000,1201,709.2,39.56,440.32,24.56
14K,11,6,9.38,827.73,55.0,8.0,22.0,912.73,2.0,2435,1826.25,1020,1226,721.31,39.5,447.38,24.5
14K,11,6.5,9.59,846.26,55.0,8.0,22.0,931.26,2.0,2485,1863.75,1041,1251,736.34,39.51,456.78,24.51
14K,11,7,9.8,864.79,55.0,8.0,22.0,949.79,2.0,2535,1901.25,1062,1275,751.38,39.52,466.19,24.52
14K,11,7.5,10.005,882.88,55.0,8.0,22.0,967.88,2.0,2585,1938.75,1082,1300,766.85,39.55,476.04,24.55
14K,11,8,10.21,900.97,55.0,8.0,22.0,985.97,2.0,2630,1972.5,1102,1324,778.96,39.49,483.09,24.49
14K,11,8.5,10.42,919.5,55.0,8.0,22.0,1004.5,2.0,2680,2010.0,1123,1349,794.0,39.5,492.5,24.5
14K,11,9,10.63,938.04,55.0,8.0,22.0,1023.04,2.0,2730,2047.5,1144,1374,809.03,39.51,501.9,24.51
14K,11,9.5,10.835,956.13,55.0,8.0,22.0,1041.13,2.0,2780,2085.0,1164,1398,824.5,39.54,511.75,24.54
14K,11,10,11.04,974.22,55.0,8.0,22.0,1059.22,2.0,2825,2118.75,1184,1422,836.62,39.49,518.8,24.49
14K,11,10.5,11.25,992.75,55.0,8.0,22.0,1077.75,2.0,2875,2156.25,1205,1447,851.65,39.5,528.21,24.5
14K,11,11,11.46,1011.28,55.0,8.0,22.0,1096.28,2.0,2925,2193.75,1225,1472,866.68,39.51,537.62,24.51
14K,11,11.5,11.665,1029.37,55.0,8.0,22.0,1114.37,2.0,2975,2231.25,1246,1496,882.15,39.54,547.46,24.54
14K,11,12,11.87,1047.46,55.0,8.0,22.0,1132.46,2.0,3020,2265.0,1266,1521,894.27,39.48,554.52,24.48
14K,11,12.5,12.08,1065.99,55.0,8.0,22.0,1150.99,2.0,3070,2302.5,1287,1546,909.3,39.49,563.92,24.49
14K,11,13,12.29,1084.52,55.0,8.0,22.0,1169.52,2.0,3120,2340.0,1307,1570,924.33,39.5,573.33,24.5
14K,11,13.5,12.495,1102.61,55.0,8.0,22.0,1187.61,2.0,3170,2377.5,1327,1595,939.8,39.53,583.18,24.53
14K,11,14,12.7,1120.7,55.0,8.0,22.0,1205.7,2.0,3215,2411.25,1348,1619,951.92,39.48,590.23,24.48
14K,11,14.5,12.905,1138.79,55.0,8.0,22.0,1223.79,2.0,3265,2448.75,1368,1643,967.39,39.51,600.08,24.51
14K,11,15,13.11,1156.88,55.0,8.0,22.0,1241.88,2.0,3315,2486.25,1388,1668,982.86,39.53,609.92,24.53
14K,11,15.5,13.32,1175.41,55.0,8.0,22.0,1260.41,2.0,3365,2523.75,1409,1692,997.89,39.54,619.33,24.54
14K,11,16,13.53,1193.94,55.0,8.0,22.0,1278.94,2.0,3415,2561.25,1429,1717,1012.92,39.55,628.74,24.55
14K,12,4,9.33,823.32,55.0,8.0,22.0,908.32,2.0,2425,1818.75,1015,1220,719.01,39.53,446.2,24.53
14K,12,4.5,9.555,843.17,55.0,8.0,22.0,928.17,2.0,2475,1856.25,1038,1246,732.72,39.47,454.28,24.47
14K,12,5,9.78,863.03,55.0,8.0,22.0,948.03,2.0,2530,1897.5,1060,1273,749.78,39.51,465.16,24.51
14K,12,5.5,10.01,883.32,55.0,8.0,22.0,968.32,2.0,2585,1938.75,1082,1300,766.41,39.53,475.59,24.53
14K,12,6,10.24,903.62,55.0,8.0,22.0,988.62,2.0,2640,1980.0,1105,1328,783.03,39.55,486.03,24.55
14K,12,6.5,10.465,923.48,55.0,8.0,22.0,1008.48,2.0,2690,2017.5,1127,1354,796.74,39.49,494.11,24.49
14K,12,7,10.69,943.33,55.0,8.0,22.0,1028.33,2.0,2745,2058.75,1149,1381,813.8,39.53,504.99,24.53
14K,12,7.5,10.915,963.19,55.0,8.0,22.0,1048.19,2.0,2795,2096.25,1172,1408,827.51,39.48,513.07,24.48
14K,12,8,11.14,983.04,55.0,8.0,22.0,1068.04,2.0,2850,2137.5,1194,1434,844.57,39.51,523.95,24.51
14K,12,8.5,11.365,1002.9,55.0,8.0,22.0,1087.9,2.0,2905,2178.75,1216,1461,861.64,39.55,534.82,24.55
14K,12,9,11.59,1022.75,55.0,8.0,22.0,1107.75,2.0,2955,2216.25,1238,1488,875.34,39.5,542.91,24.5
14K,12,9.5,11.815,1042.61,55.0,8.0,22.0,1127.61,2.0,3010,2257.5,1260,1514,892.41,39.53,553.78,24.53
14K,12,10,12.04,1062.46,55.0,8.0,22.0,1147.46,2.0,3060,2295.0,1283,1541,906.11,39.48,561.86,24.48
14K,12,10.5,12.27,1082.76,55.0,8.0,22.0,1167.76,2.0,3115,2336.25,1305,1568,922.74,39.5,572.3,24.5
14K,12,11,12.5,1103.05,55.0,8.0,22.0,1188.05,2.0,3170,2377.5,1328,1595,939.36,39.51,582.73,24.51
14K,12,11.5,12.725,1122.91,55.0,8.0,22.0,1207.91,2.0,3225,2418.75,1350,1622,956.42,39.54,593.61,24.54
14K,12,12,12.95,1142.76,55.0,8.0,22.0,1227.76,2.0,3275,2456.25,1372,1649,970.13,39.5,601.69,24.5
14K,12,12.5,13.175,1162.62,55.0,8.0,22.0,1247.62,2.0,3330,2497.5,1394,1675,987.2,39.53,612.57,24.53
14K,12,13,13.4,1182.47,55.0,8.0,22.0,1267.47,2.0,3380,2535.0,1417,1702,1000.9,39.48,620.65,24.48
14K,12,13.5,13.625,1202.33,55.0,8.0,22.0,1287.33,2.0,3435,2576.25,1439,1729,1017.97,39.51,631.53,24.51
14K,12,14,13.85,1222.18,55.0,8.0,22.0,1307.18,2.0,3490,2617.5,1461,1755,1035.03,39.54,642.41,24.54
14K,12,14.5,14.08,1242.48,55.0,8.0,22.0,1327.48,2.0,3540,2655.0,1484,1782,1048.3,39.48,650.05,24.48
14K,12,15,14.31,1262.77,55.0,8.0,22.0,1347.77,2.0,3595,2696.25,1506,1810,1064.92,39.5,660.48,24.5
14K,12,15.5,14.535,1282.63,55.0,8.0,22.0,1367.63,2.0,3650,2737.5,1529,1836,1081.98,39.52,671.36,24.52
14K,12,16,14.76,1302.48,55.0,8.0,22.0,1387.48,2.0,3700,2775.0,1551,1863,1095.69,39.48,679.44,24.48
18K,3,4,2.64,299.7,55.0,8.0,22.0,384.7,1.75,900,675.0,430,517,218.98,32.44,117.73,17.44
18K,3,4.5,2.7,306.51,55.0,8.0,22.0,391.51,1.75,915,686.25,438,526,222.24,32.38,119.3,17.38
18K,3,5,2.76,313.32,55.0,8.0,22.0,398.32,1.75,930,697.5,446,535,225.49,32.33,120.87,17.33
18K,3,5.5,2.82,320.13,55.0,8.0,22.0,405.13,1.75,950,712.5,453,544,232.11,32.58,125.23,17.58
18K,3,6,2.88,326.94,55.0,8.0,22.0,411.94,1.75,965,723.75,461,554,235.36,32.52,126.8,17.52
18K,3,6.5,2.94,333.75,55.0,8.0,22.0,418.75,1.75,980,735.0,468,563,238.62,32.47,128.37,17.47
18K,3,7,3.0,340.57,55.0,8.0,22.0,425.57,1.75,995,746.25,476,572,241.88,32.41,129.94,17.41
18K,3,7.5,3.06,347.38,55.0,8.0,22.0,432.38,1.75,1010,757.5,484,581,245.14,32.36,131.51,17.36
18K,3,8,3.12,354.19,55.0,8.0,22.0,439.19,1.75,1030,772.5,491,590,251.75,32.59,135.87,17.59
18K,3,8.5,3.18,361.0,55.0,8.0,22.0,446.0,1.75,1040,780.0,499,599,251.65,32.26,134.65,17.26
18K,3,9,3.24,367.81,55.0,8.0,22.0,452.81,1.75,1060,795.0,506,608,258.26,32.49,139.01,17.49
18K,3,9.5,3.3,374.62,55.0,8.0,22.0,459.62,1.75,1075,806.25,514,618,261.52,32.44,140.58,17.44
18K,3,10,3.36,381.43,55.0,8.0,22.0,466.43,1.75,1090,817.5,522,627,264.78,32.39,142.15,17.39
18K,3,10.5,3.42,388.24,55.0,8.0,22.0,473.24,1.75,1105,828.75,529,636,268.04,32.34,143.72,17.34
18K,3,11,3.48,395.06,55.0,8.0,22.0,480.06,1.75,1120,840.0,537,645,271.29,32.3,145.29,17.3
18K,3,11.5,3.54,401.87,55.0,8.0,22.0,486.87,1.75,1140,855.0,544,654,277.91,32.5,149.66,17.5
18K,3,12,3.6,408.68,55.0,8.0,22.0,493.68,1.75,1155,866.25,552,663,281.17,32.46,151.23,17.46
18K,3,12.5,3.66,415.49,55.0,8.0,22.0,500.49,1.75,1170,877.5,560,672,284.42,32.41,152.8,17.41
18K,3,13,3.72,422.3,55.0,8.0,22.0,507.3,1.75,1185,888.75,567,682,287.68,32.37,154.37,17.37
18K,3,13.5,3.785,429.68,55.0,8.0,22.0,514.68,1.75,1205,903.75,576,691,293.73,32.5,158.16,17.5
18K,3,14,3.85,437.06,55.0,8.0,22.0,522.06,1.75,1220,915.0,584,701,296.42,32.4,159.17,17.4
18K,3,14.5,3.93,446.14,55.0,8.0,22.0,531.14,1.75,1240,930.0,594,714,300.76,32.34,161.26,17.34
18K,3,15,4.01,455.22,55.0,8.0,22.0,540.22,1.75,1260,945.0,604,726,305.1,32.29,163.35,17.29
18K,3,15.5,4.045,459.2,55.0,8.0,22.0,544.2,1.75,1270,952.5,609,731,307.84,32.32,164.97,17.32
18K,3,16,4.08,463.17,55.0,8.0,22.0,548.17,1.75,1280,960.0,613,736,310.58,32.35,166.58,17.35
18K,4,4,3.6,408.68,55.0,8.0,22.0,493.68,1.75,1155,866.25,552,663,281.17,32.46,151.23,17.46
18K,4,4.5,3.67,416.62,55.0,8.0,22.0,501.62,1.75,1175,881.25,561,674,286.64,32.53,154.46,17.53
18K,4,5,3.74,424.57,55.0,8.0,22.0,509.57,1.75,1190,892.5,570,685,288.77,32.35,154.89,17.35
18K,4,5.5,3.815,433.09,55.0,8.0,22.0,518.09,1.75,1210,907.5,579,696,293.68,32.36,157.55,17.36
18K,4,6,3.89,441.6,55.0,8.0,22.0,526.6,1.75,1230,922.5,589,707,298.59,32.37,160.21,17.37
18K,4,6.5,3.965,450.11,55.0,8.0,22.0,535.11,1.75,1250,937.5,598,719,303.5,32.37,162.87,17.37
18K,4,7,4.04,458.63,55.0,8.0,22.0,543.63,1.75,1270,952.5,608,730,308.41,32.38,165.53,17.38
18K,4,7.5,4.115,467.14,55.0,8.0,22.0,552.14,1.75,1290,967.5,617,742,313.32,32.38,168.2,17.38
18K,4,8,4.19,475.66,55.0,8.0,22.0,560.66,1.75,1310,982.5,627,753,318.23,32.39,170.86,17.39
18K,4,8.5,4.26,483.6,55.0,8.0,22.0,568.6,1.75,1330,997.5,636,764,323.71,32.45,174.09,17.45
18K,4,9,4.33,491.55,55.0,8.0,22.0,576.55,1.75,1350,1012.5,645,774,329.19,32.51,177.31,17.51
18K,4,9.5,4.405,500.06,55.0,8.0,22.0,585.06,1.75,1370,1027.5,654,786,334.1,32.52,179.97,17.52
18K,4,10,4.48,508.58,55.0,8.0,22.0,593.58,1.75,1390,1042.5,664,797,339.01,32.52,182.64,17.52
18K,4,10.5,4.555,517.09,55.0,8.0,22.0,602.09,1.75,1410,1057.5,673,809,343.92,32.52,185.3,17.52
18K,4,11,4.63,525.61,55.0,8.0,22.0,610.61,1.75,1430,1072.5,683,820,348.83,32.53,187.96,17.53
18K,4,11.5,4.705,534.12,55.0,8.0,22.0,619.12,1.75,1445,1083.75,692,832,350.39,32.33,187.82,17.33
18K,4,12,4.78,542.63,55.0,8.0,22.0,627.63,1.75,1465,1098.75,702,843,355.3,32.34,190.48,17.34
18K,4,12.5,4.85,550.58,55.0,8.0,22.0,635.58,1.75,1485,1113.75,711,854,360.78,32.39,193.71,17.39
18K,4,13,4.92,558.53,55.0,8.0,22.0,643.53,1.75,1505,1128.75,720,864,366.25,32.45,196.94,17.45
18K,4,13.5,4.98,565.34,55.0,8.0,22.0,650.34,1.75,1520,1140.0,727,874,369.51,32.41,198.51,17.41
18K,4,14,5.04,572.15,55.0,8.0,22.0,657.15,1.75,1535,1151.25,735,883,372.77,32.38,200.08,17.38
18K,4,14.5,5.105,579.53,55.0,8.0,22.0,664.53,1.75,1555,1166.25,743,893,378.82,32.48,203.88,17.48
18K,4,15,5.17,586.91,55.0,8.0,22.0,671.91,1.75,1570,1177.5,751,902,381.51,32.4,204.88,17.4
18K,4,15.5,5.285,599.96,55.0,8.0,22.0,684.96,1.75,1600,1200.0,766,920,388.59,32.38,208.59,17.38
18K,4,16,5.4,613.02,55.0,8.0,22.0,698.02,1.75,1630,1222.5,780,938,395.67,32.37,212.3,17.37
18K,5,4,4.56,517.66,55.0,8.0,22.0,602.66,1.75,1410,1057.5,674,810,343.35,32.47,184.73,17.47
18K,5,4.5,4.655,528.44,55.0,8.0,22.0,613.44,1.75,1435,1076.25,686,824,349.35,32.46,187.91,17.46
18K,5,5,4.75,539.23,55.0,8.0,22.0,624.23,1.75,1460,1095.0,698,838,355.35,32.45,191.1,17.45
18K,5,5.5,4.84,549.45,55.0,8.0,22.0,634.45,1.75,1480,1110.0,709,852,358.55,32.3,192.05,17.3
18K,5,6,4.93,559.66,55.0,8.0,22.0,644.66,1.75,1505,1128.75,721,866,365.12,32.35,195.81,17.35
18K,5,6.5,5.025,570.45,55.0,8.0,22.0,655.45,1.75,1530,1147.5,733,880,371.12,32.34,198.99,17.34
18K,5,7,5.12,581.23,55.0,8.0,22.0,666.23,1.75,1555,1166.25,745,895,377.11,32.34,202.18,17.34
18K,5,7.5,5.21,591.45,55.0,8.0,22.0,676.45,1.75,1580,1185.0,756,909,383.68,32.38,205.93,17.38
18K,5,8,5.3,601.67,55.0,8.0,22.0,686.67,1.75,1605,1203.75,768,922,390.24,32.42,209.68,17.42
18K,5,8.5,5.4,613.02,55.0,8.0,22.0,698.02,1.75,1630,1222.5,780,938,395.67,32.37,212.3,17.37
18K,5,9,5.5,624.37,55.0,8.0,22.0,709.37,1.75,1655,1241.25,793,953,401.1,32.31,214.91,17.31
18K,5,9.5,5.59,634.59,55.0,8.0,22.0,719.59,1.75,1680,1260.0,805,966,407.66,32.35,218.66,17.35
18K,5,10,5.68,644.8,55.0,8.0,22.0,729.8,1.75,1705,1278.75,816,980,414.23,32.39,222.42,17.39
18K,5,10.5,5.775,655.59,55.0,8.0,22.0,740.59,1.75,1730,1297.5,828,995,420.22,32.39,225.6,17.39
18K,5,11,5.87,666.37,55.0,8.0,22.0,751.37,1.75,1755,1316.25,840,1009,426.22,32.38,228.78,17.38
18K,5,11.5,5.96,676.59,55.0,8.0,22.0,761.59,1.75,1780,1335.0,851,1023,432.79,32.42,232.54,17.42
18K,5,12,6.05,686.81,55.0,8.0,22.0,771.81,1.75,1805,1353.75,863,1037,439.35,32.45,236.29,17.45
18K,5,12.5,6.145,697.59,55.0,8.0,22.0,782.59,1.75,1830,1372.5,875,1051,445.35,32.45,239.47,17.45
18K,5,13,6.24,708.38,55.0,8.0,22.0,793.38,1.75,1855,1391.25,887,1066,451.34,32.44,242.66,17.44
18K,5,13.5,6.305,715.75,55.0,8.0,22.0,800.75,1.75,1870,1402.5,895,1075,454.03,32.37,243.66,17.37
18K,5,14,6.37,723.13,55.0,8.0,22.0,808.13,1.75,1890,1417.5,903,1085,460.08,32.46,247.45,17.46
18K,5,14.5,6.435,730.51,55.0,8.0,22.0,815.51,1.75,1905,1428.75,912,1095,462.77,32.39,248.46,17.39
18K,5,15,6.5,737.89,55.0,8.0,22.0,822.89,1.75,1920,1440.0,920,1105,465.46,32.32,249.46,17.32
18K,5,15.5,6.755,766.84,55.0,8.0,22.0,851.84,1.75,1990,1492.5,952,1144,483.5,32.4,259.62,17.4
18K,5,16,7.01,795.79,55.0,8.0,22.0,880.79,1.75,2055,1541.25,985,1183,498.18,32.32,266.99,17.32
18K,6,4,5.4,613.02,55.0,8.0,22.0,698.02,1.75,1630,1222.5,780,938,395.67,32.37,212.3,17.37
18K,6,4.5,5.515,626.07,55.0,8.0,22.0,711.07,1.75,1660,1245.0,795,955,402.75,32.35,216.0,17.35
18K,6,5,5.63,639.13,55.0,8.0,22.0,724.13,1.75,1690,1267.5,810,973,409.84,32.33,219.71,17.33
18K,6,5.5,5.745,652.18,55.0,8.0,22.0,737.18,1.75,1720,1290.0,824,990,416.92,32.32,223.42,17.32
18K,6,6,5.86,665.24,55.0,8.0,22.0,750.24,1.75,1755,1316.25,839,1008,427.36,32.47,229.92,17.47
18K,6,6.5,5.97,677.72,55.0,8.0,22.0,762.72,1.75,1780,1335.0,853,1024,431.65,32.33,231.4,17.33
18K,6,7,6.08,690.21,55.0,8.0,22.0,775.21,1.75,1810,1357.5,867,1041,439.3,32.36,235.68,17.36
18K,6,7.5,6.195,703.27,55.0,8.0,22.0,788.27,1.75,1840,1380.0,881,1059,446.38,32.35,239.38,17.35
18K,6,8,6.31,716.32,55.0,8.0,22.0,801.32,1.75,1870,1402.5,896,1076,453.47,32.33,243.09,17.33
18K,6,8.5,6.42,728.81,55.0,8.0,22.0,813.81,1.75,1900,1425.0,910,1093,461.12,32.36,247.37,17.36
18K,6,9,6.53,741.3,55.0,8.0,22.0,826.3,1.75,1930,1447.5,924,1110,468.77,32.38,251.64,17.38
18K,6,9.5,6.645,754.35,55.0,8.0,22.0,839.35,1.75,1960,1470.0,938,1127,475.85,32.37,255.35,17.37
18K,6,10,6.76,767.41,55.0,8.0,22.0,852.41,1.75,1990,1492.5,953,1145,482.93,32.36,259.06,17.36
18K,6,10.5,6.87,779.89,55.0,8.0,22.0,864.89,1.75,2020,1515.0,967,1162,490.58,32.38,263.33,17.38
18K,6,11,6.98,792.38,55.0,8.0,22.0,877.38,1.75,2050,1537.5,981,1178,498.23,32.41,267.61,17.41
18K,6,11.5,7.095,805.44,55.0,8.0,22.0,890.44,1.75,2080,1560.0,995,1196,505.31,32.39,271.31,17.39
18K,6,12,7.21,818.49,55.0,8.0,22.0,903.49,1.75,2110,1582.5,1010,1213,512.4,32.38,275.02,17.38
18K,6,12.5,7.325,831.55,55.0,8.0,22.0,916.55,1.75,2140,1605.0,1025,1231,519.48,32.37,278.73,17.37
18K,6,13,7.44,844.6,55.0,8.0,22.0,929.6,1.75,2170,1627.5,1039,1248,526.56,32.35,282.44,17.35
18K,6,13.5,7.505,851.98,55.0,8.0,22.0,936.98,1.75,2190,1642.5,1047,1258,532.61,32.43,286.23,17.43
18K,6,14,7.57,859.36,55.0,8.0,22.0,944.36,1.75,2205,1653.75,1056,1268,535.3,32.37,287.23,17.37
18K,6,14.5,7.75,879.79,55.0,8.0,22.0,964.79,1.75,2255,1691.25,1078,1296,548.43,32.43,294.74,17.43
18K,6,15,7.93,900.23,55.0,8.0,22.0,985.23,1.75,2300,1725.0,1101,1323,558.2,32.36,299.45,17.36
18K,6,15.5,8.045,913.28,55.0,8.0,22.0,998.28,1.75,2330,1747.5,1116,1341,565.28,32.35,303.16,17.35
18K,6,16,8.16,926.34,55.0,8.0,22.0,1011.34,1.75,2360,1770.0,1130,1358,572.36,32.34,306.86,17.34
18K,7,4,5.88,667.51,55.0,8.0,22.0,752.51,1.75,1760,1320.0,841,1011,428.44,32.46,230.44,17.46
18K,7,4.5,6.01,682.27,55.0,8.0,22.0,767.27,1.75,1795,1346.25,858,1030,437.18,32.47,235.24,17.47
18K,7,5,6.14,697.02,55.0,8.0,22.0,782.02,1.75,1830,1372.5,874,1050,445.91,32.49,240.04,17.49
18K,7,5.5,6.275,712.35,55.0,8.0,22.0,797.35,1.75,1860,1395.0,891,1071,450.73,32.31,241.48,17.31
18K,7,6,6.41,727.67,55.0,8.0,22.0,812.67,1.75,1900,1425.0,909,1091,462.25,32.44,248.5,17.44
18K,7,6.5,6.545,743.0,55.0,8.0,22.0,828.0,1.75,1935,1451.25,926,1112,470.42,32.41,252.73,17.41
18K,7,7,6.68,758.32,55.0,8.0,22.0,843.32,1.75,1970,1477.5,943,1133,478.59,32.39,256.96,17.39
18K,7,7.5,6.815,773.65,55.0,8.0,22.0,858.65,1.75,2005,1503.75,960,1153,486.76,32.37,261.19,17.37
18K,7,8,6.95,788.98,55.0,8.0,22.0,873.98,1.75,2040,1530.0,977,1174,494.92,32.35,265.42,17.35
18K,7,8.5,7.08,803.73,55.0,8.0,22.0,888.73,1.75,2075,1556.25,994,1194,503.66,32.36,270.22,17.36
18K,7,9,7.21,818.49,55.0,8.0,22.0,903.49,1.75,2110,1582.5,1010,1213,512.4,32.38,275.02,17.38
18K,7,9.5,7.345,833.82,55.0,8.0,22.0,918.82,1.75,2145,1608.75,1027,1234,520.56,32.36,279.25,17.36
18K,7,10,7.48,849.14,55.0,8.0,22.0,934.14,1.75,2180,1635.0,1044,1254,528.73,32.34,283.48,17.34
18K,7,10.5,7.615,864.47,55.0,8.0,22.0,949.47,1.75,2220,1665.0,1061,1275,540.26,32.45,290.51,17.45
18K,7,11,7.75,879.79,55.0,8.0,22.0,964.79,1.75,2255,1691.25,1078,1296,548.43,32.43,294.74,17.43
18K,7,11.5,7.885,895.12,55.0,8.0,22.0,980.12,1.75,2290,1717.5,1096,1316,556.59,32.41,298.97,17.41
18K,7,12,8.02,910.44,55.0,8.0,22.0,995.44,1.75,2325,1743.75,1113,1337,564.76,32.39,303.2,17.39
18K,7,12.5,8.15,925.2,55.0,8.0,22.0,1010.2,1.75,2360,1770.0,1129,1357,573.5,32.4,308.0,17.4
18K,7,13,8.28,939.96,55.0,8.0,22.0,1024.96,1.75,2395,1796.25,1146,1376,582.23,32.41,312.8,17.41
18K,7,13.5,8.34,946.77,55.0,8.0,22.0,1031.77,1.75,2410,1807.5,1153,1386,585.49,32.39,314.37,17.39
18K,7,14,8.4,953.58,55.0,8.0,22.0,1038.58,1.75,2425,1818.75,1161,1395,588.75,32.37,315.94,17.37
18K,7,14.5,8.52,967.2,55.0,8.0,22.0,1052.2,1.75,2455,1841.25,1176,1413,595.26,32.33,319.08,17.33
18K,7,15,8.64,980.83,55.0,8.0,22.0,1065.83,1.75,2490,1867.5,1191,1431,605.13,32.4,325.01,17.4
18K,7,15.5,8.88,1008.07,55.0,8.0,22.0,1093.07,1.75,2555,1916.25,1222,1468,621.52,32.43,334.08,17.43
18K,7,16,9.12,1035.32,55.0,8.0,22.0,1120.32,1.75,2615,1961.25,1252,1504,634.55,32.35,340.36,17.35
18K,8,4,6.48,735.62,55.0,8.0,22.0,820.62,2.0,2190,1642.5,917,1102,648.97,39.51,402.59,24.51
18K,8,4.5,6.625,752.08,55.0,8.0,22.0,837.08,2.0,2235,1676.25,936,1124,662.71,39.54,411.27,24.54
18K,8,5,6.77,768.54,55.0,8.0,22.0,853.54,2.0,2280,1710.0,954,1146,676.46,39.56,419.96,24.56
18K,8,5.5,6.92,785.57,55.0,8.0,22.0,870.57,2.0,2325,1743.75,973,1169,689.64,39.55,428.07,24.55
18K,8,6,7.07,802.6,55.0,8.0,22.0,887.6,2.0,2370,1777.5,992,1192,702.81,39.54,436.19,24.54
18K,8,6.5,7.215,819.06,55.0,8.0,22.0,904.06,2.0,2415,1811.25,1011,1214,716.56,39.56,444.87,24.56
18K,8,7,7.36,835.52,55.0,8.0,22.0,920.52,2.0,2455,1841.25,1029,1236,726.95,39.48,450.76,24.48
18K,8,7.5,7.51,852.55,55.0,8.0,22.0,937.55,2.0,2500,1875.0,1048,1259,740.13,39.47,458.88,24.47
18K,8,8,7.66,869.58,55.0,8.0,22.0,954.58,2.0,2550,1912.5,1067,1282,756.66,39.56,469.79,24.56
18K,8,8.5,7.8,885.47,55.0,8.0,22.0,970.47,2.0,2590,1942.5,1085,1303,767.62,39.52,476.24,24.52
18K,8,9,7.94,901.36,55.0,8.0,22.0,986.36,2.0,2635,1976.25,1103,1325,781.93,39.57,485.49,24.57
18K,8,9.5,8.09,918.39,55.0,8.0,22.0,1003.39,2.0,2680,2010.0,1122,1347,795.11,39.56,493.61,24.56
18K,8,10,8.24,935.42,55.0,8.0,22.0,1020.42,2.0,2725,2043.75,1141,1370,808.29,39.55,501.72,24.55
18K,8,10.5,8.385,951.88,55.0,8.0,22.0,1036.88,2.0,2770,2077.5,1159,1392,822.03,39.57,510.41,24.57
18K,8,11,8.53,968.34,55.0,8.0,22.0,1053.34,2.0,2810,2107.5,1177,1414,832.42,39.5,516.3,24.5
18K,8,11.5,8.68,985.37,55.0,8.0,22.0,1070.37,2.0,2855,2141.25,1196,1437,845.6,39.49,524.41,24.49
18K,8,12,8.83,1002.4,55.0,8.0,22.0,1087.4,2.0,2900,2175.0,1215,1460,858.78,39.48,532.53,24.48
18K,8,12.5,8.975,1018.86,55.0,8.0,22.0,1103.86,2.0,2945,2208.75,1234,1482,872.52,39.5,541.21,24.5
18K,8,13,9.12,1035.32,55.0,8.0,22.0,1120.32,2.0,2990,2242.5,1252,1504,886.27,39.52,549.89,24.52
18K,8,13.5,9.24,1048.94,55.0,8.0,22.0,1133.94,2.0,3025,2268.75,1267,1523,896.14,39.5,555.83,24.5
18K,8,14,9.36,1062.56,55.0,8.0,22.0,1147.56,2.0,3060,2295.0,1283,1541,906.01,39.48,561.76,24.48
18K,8,14.5,9.48,1076.19,55.0,8.0,22.0,1161.19,2.0,3100,2325.0,1298,1559,919.24,39.54,570.49,24.54
18K,8,15,9.6,1089.81,55.0,8.0,22.0,1174.81,2.0,3135,2351.25,1313,1578,929.11,39.52,576.42,24.52
18K,8,15.5,9.78,1110.24,55.0,8.0,22.0,1195.24,2.0,3190,2392.5,1336,1605,945.6,39.52,586.72,24.52
18K,8,16,9.96,1130.68,55.0,8.0,22.0,1215.68,2.0,3245,2433.75,1359,1632,962.08,39.53,597.02,24.53
18K,9,4,7.98,905.9,55.0,8.0,22.0,990.9,2.0,2645,1983.75,1108,1331,784.1,39.53,486.54,24.53
18K,9,4.5,8.17,927.47,55.0,8.0,22.0,1012.47,2.0,2700,2025.0,1132,1360,799.45,39.48,495.7,24.48
18K,9,5,8.36,949.04,55.0,8.0,22.0,1034.04,2.0,2760,2070.0,1156,1389,818.16,39.52,507.66,24.52
18K,9,5.5,8.555,971.18,55.0,8.0,22.0,1056.18,2.0,2820,2115.0,1181,1418,836.3,39.54,519.05,24.54
18K,9,6,8.75,993.31,55.0,8.0,22.0,1078.31,2.0,2880,2160.0,1205,1448,854.44,39.56,530.44,24.56
18K,9,6.5,8.945,1015.45,55.0,8.0,22.0,1100.45,2.0,2935,2201.25,1230,1478,869.22,39.49,539.03,24.49
18K,9,7,9.14,1037.59,55.0,8.0,22.0,1122.59,2.0,2995,2246.25,1255,1507,887.36,39.5,550.42,24.5
18K,9,7.5,9.33,1059.16,55.0,8.0,22.0,1144.16,2.0,3055,2291.25,1279,1536,906.06,39.54,562.37,24.54
18K,9,8,9.52,1080.73,55.0,8.0,22.0,1165.73,2.0,3110,2332.5,1303,1565,921.41,39.5,571.54,24.5
18K,9,8.5,9.715,1102.86,55.0,8.0,22.0,1187.86,2.0,3170,2377.5,1328,1595,939.55,39.52,582.92,24.52
18K,9,9,9.91,1125.0,55.0,8.0,22.0,1210.0,2.0,3230,2422.5,1352,1625,957.69,39.53,594.31,24.53
18K,9,9.5,10.105,1147.14,55.0,8.0,22.0,1232.14,2.0,3290,2467.5,1377,1654,975.83,39.55,605.7,24.55
18K,9,10,10.3,1169.27,55.0,8.0,22.0,1254.27,2.0,3350,2512.5,1402,1684,993.96,39.56,617.09,24.56
18K,9,10.5,10.495,1191.41,55.0,8.0,22.0,1276.41,2.0,3405,2553.75,1427,1714,1008.75,39.5,625.68,24.5
18K,9,11,10.69,1213.55,55.0,8.0,22.0,1298.55,2.0,3465,2598.75,1451,1744,1026.88,39.51,637.07,24.51
18K,9,11.5,10.88,1235.12,55.0,8.0,22.0,1320.12,2.0,3520,2640.0,1475,1773,1042.23,39.48,646.23,24.48
18K,9,12,11.07,1256.69,55.0,8.0,22.0,1341.69,2.0,3580,2685.0,1500,1802,1060.94,39.51,658.19,24.51
18K,9,12.5,11.265,1278.82,55.0,8.0,22.0,1363.82,2.0,3640,2730.0,1524,1831,1079.08,39.53,669.58,24.53
18K,9,13,11.46,1300.96,55.0,8.0,22.0,1385.96,2.0,3700,2775.0,1549,1861,1097.22,39.54,680.97,24.54
18K,9,13.5,11.655,1323.1,55.0,8.0,22.0,1408.1,2.0,3755,2816.25,1574,1891,1112.0,39.49,689.56,24.49
18K,9,14,11.85,1345.23,55.0,8.0,22.0,1430.23,2.0,3815,2861.25,1599,1920,1130.14,39.5,700.95,24.5
18K,9,14.5,12.04,1366.8,55.0,8.0,22.0,1451.8,2.0,3875,2906.25,1623,1949,1148.84,39.53,712.9,24.53
18K,9,15,12.23,1388.37,55.0,8.0,22.0,1473.37,2.0,3930,2947.5,1647,1978,1164.19,39.5,722.07,24.5
18K,9,15.5,12.425,1410.51,55.0,8.0,22.0,1495.51,2.0,3990,2992.5,1671,2008,1182.33,39.51,733.46,24.51
18K,9,16,12.62,1432.64,55.0,8.0,22.0,1517.64,2.0,4050,3037.5,1696,2038,1200.47,39.52,744.84,24.52
18K,10,4,8.86,1005.8,55.0,8.0,22.0,1090.8,2.0,2910,2182.5,1219,1465,862.09,39.5,534.71,24.5
18K,10,4.5,9.075,1030.21,55.0,8.0,22.0,1115.21,2.0,2975,2231.25,1247,1498,881.31,39.5,546.62,24.5
18K,10,5,9.29,1054.62,55.0,8.0,22.0,1139.62,2.0,3040,2280.0,1274,1530,900.53,39.5,558.53,24.5
18K,10,5.5,9.505,1079.02,55.0,8.0,22.0,1164.02,2.0,3105,2328.75,1301,1563,919.76,39.5,570.44,24.5
18K,10,6,9.72,1103.43,55.0,8.0,22.0,1188.43,2.0,3170,2377.5,1328,1596,938.98,39.49,582.36,24.49
18K,10,6.5,9.935,1127.84,55.0,8.0,22.0,1212.84,2.0,3235,2426.25,1356,1629,958.21,39.49,594.27,24.49
18K,10,7,10.15,1152.25,55.0,8.0,22.0,1237.25,2.0,3300,2475.0,1383,1661,977.43,39.49,606.18,24.49
18K,10,7.5,10.365,1176.65,55.0,8.0,22.0,1261.65,2.0,3365,2523.75,1410,1694,996.65,39.49,618.09,24.49
18K,10,8,10.58,1201.06,55.0,8.0,22.0,1286.06,2.0,3430,2572.5,1437,1727,1015.88,39.49,630.0,24.49
18K,10,8.5,10.795,1225.47,55.0,8.0,22.0,1310.47,2.0,3495,2621.25,1465,1760,1035.1,39.49,641.91,24.49
18K,10,9,11.01,1249.87,55.0,8.0,22.0,1334.87,2.0,3560,2670.0,1492,1792,1054.33,39.49,653.83,24.49
18K,10,9.5,11.225,1274.28,55.0,8.0,22.0,1359.28,2.0,3630,2722.5,1519,1825,1076.91,39.56,668.53,24.56
18K,10,10,11.44,1298.69,55.0,8.0,22.0,1383.69,2.0,3690,2767.5,1547,1858,1092.77,39.49,677.65,24.49
18K,10,10.5,11.51,1306.63,55.0,8.0,22.0,1391.63,2.0,3715,2786.25,1555,1869,1101.61,39.54,683.67,24.54
18K,10,11,11.58,1314.58,55.0,8.0,22.0,1399.58,2.0,3735,2801.25,1564,1879,1107.09,39.52,686.9,24.52
18K,10,11.5,11.94,1355.45,55.0,8.0,22.0,1440.45,2.0,3845,2883.75,1610,1934,1140.06,39.53,707.49,24.53
18K,10,12,12.3,1396.32,55.0,8.0,22.0,1481.32,2.0,3955,2966.25,1656,1989,1173.03,39.55,728.09,24.55
18K,10,12.5,12.515,1420.72,55.0,8.0,22.0,1505.72,2.0,4015,3011.25,1683,2022,1188.89,39.48,737.21,24.48
18K,10,13,12.73,1445.13,55.0,8.0,22.0,1530.13,2.0,4080,3060.0,1710,2054,1208.12,39.48,749.12,24.48
18K,10,13.5,12.945,1469.54,55.0,8.0,22.0,1554.54,2.0,4150,3112.5,1737,2087,1230.7,39.54,763.82,24.54
18K,10,14,13.16,1493.95,55.0,8.0,22.0,1578.95,2.0,4215,3161.25,1765,2120,1249.92,39.54,775.74,24.54
18K,10,14.5,13.375,1518.35,55.0,8.0,22.0,1603.35,2.0,4280,3210.0,1792,2153,1269.15,39.54,787.65,24.54
18K,10,15,13.59,1542.76,55.0,8.0,22.0,1627.76,2.0,4345,3258.75,1819,2186,1288.37,39.54,799.56,24.54
18K,10,15.5,13.805,1567.17,55.0,8.0,22.0,1652.17,2.0,4410,3307.5,1846,2218,1307.6,39.53,811.47,24.53
18K,10,16,14.02,1591.57,55.0,8.0,22.0,1676.57,2.0,4475,3356.25,1874,2251,1326.82,39.53,823.38,24.53
18K,11,4,9.75,1106.84,55.0,8.0,22.0,1191.84,2.0,3180,2385.0,1332,1600,942.29,39.51,584.54,24.51
18K,11,4.5,9.985,1133.51,55.0,8.0,22.0,1218.51,2.0,3250,2437.5,1362,1636,962.6,39.49,596.97,24.49
18K,11,5,10.22,1160.19,55.0,8.0,22.0,1245.19,2.0,3320,2490.0,1392,1672,982.91,39.47,609.41,24.47
18K,11,5.5,10.46,1187.44,55.0,8.0,22.0,1272.44,2.0,3395,2546.25,1422,1709,1006.01,39.51,624.07,24.51
18K,11,6,10.7,1214.68,55.0,8.0,22.0,1299.68,2.0,3470,2602.5,1453,1745,1029.11,39.54,638.73,24.54
18K,11,6.5,10.935,1241.36,55.0,8.0,22.0,1326.36,2.0,3540,2655.0,1482,1781,1049.42,39.53,651.17,24.53
18K,11,7,11.17,1268.04,55.0,8.0,22.0,1353.04,2.0,3610,2707.5,1512,1817,1069.73,39.51,663.6,24.51
18K,11,7.5,11.405,1294.72,55.0,8.0,22.0,1379.72,2.0,3680,2760.0,1542,1853,1090.03,39.49,676.03,24.49
18K,11,8,11.64,1321.39,55.0,8.0,22.0,1406.39,2.0,3755,2816.25,1572,1888,1113.7,39.55,691.26,24.55
18K,11,8.5,11.875,1348.07,55.0,8.0,22.0,1433.07,2.0,3825,2868.75,1602,1924,1134.01,39.53,703.7,24.53
18K,11,9,12.11,1374.75,55.0,8.0,22.0,1459.75,2.0,3895,2921.25,1632,1960,1154.32,39.51,716.13,24.51
18K,11,9.5,12.35,1401.99,55.0,8.0,22.0,1486.99,2.0,3970,2977.5,1662,1997,1177.42,39.54,730.79,24.54
18K,11,10,12.59,1429.24,55.0,8.0,22.0,1514.24,2.0,4040,3030.0,1692,2033,1197.16,39.51,742.66,24.51
18K,11,10.5,12.825,1455.92,55.0,8.0,22.0,1540.92,2.0,4110,3082.5,1722,2069,1217.47,39.5,755.1,24.5
18K,11,11,13.06,1482.59,55.0,8.0,22.0,1567.59,2.0,4180,3135.0,1752,2105,1237.78,39.48,767.53,24.48
18K,11,11.5,13.295,1509.27,55.0,8.0,22.0,1594.27,2.0,4255,3191.25,1782,2141,1261.45,39.53,782.76,24.53
18K,11,12,13.53,1535.95,55.0,8.0,22.0,1620.95,2.0,4325,3243.75,1812,2176,1281.76,39.51,795.2,24.51
18K,11,12.5,13.77,1563.19,55.0,8.0,22.0,1648.19,2.0,4395,3296.25,1842,2213,1301.5,39.48,807.06,24.48
18K,11,13,14.01,1590.44,55.0,8.0,22.0,1675.44,2.0,4470,3352.5,1873,2250,1324.6,39.51,821.72,24.51
18K,11,13.5,14.245,1617.12,55.0,8.0,22.0,1702.12,2.0,4540,3405.0,1902,2285,1344.91,39.5,834.16,24.5
18K,11,14,14.48,1643.79,55.0,8.0,22.0,1728.79,2.0,4615,3461.25,1932,2321,1368.57,39.54,849.39,24.54
18K,11,14.5,14.715,1670.47,55.0,8.0,22.0,1755.47,2.0,4685,3513.75,1962,2357,1388.88,39.53,861.82,24.53
18K,11,15,14.95,1697.15,55.0,8.0,22.0,1782.15,2.0,4755,3566.25,1992,2393,1409.19,39.51,874.26,24.51
18K,11,15.5,15.185,1723.83,55.0,8.0,22.0,1808.83,2.0,4825,3618.75,2022,2429,1429.5,39.5,886.69,24.5
18K,11,16,15.42,1750.5,55.0,8.0,22.0,1835.5,2.0,4895,3671.25,2051,2464,1449.81,39.49,899.13,24.49
18K,12,4,10.64,1207.87,55.0,8.0,22.0,1292.87,2.0,3450,2587.5,1445,1736,1022.49,39.52,634.37,24.52
18K,12,4.5,10.895,1236.82,55.0,8.0,22.0,1321.82,2.0,3530,2647.5,1477,1775,1047.24,39.56,650.12,24.56
18K,12,5,11.15,1265.77,55.0,8.0,22.0,1350.77,2.0,3605,2703.75,1510,1814,1068.64,39.52,663.08,24.52
18K,12,5.5,11.41,1295.28,55.0,8.0,22.0,1380.28,2.0,3685,2763.75,1543,1853,1092.82,39.54,678.26,24.54
18K,12,6,11.67,1324.8,55.0,8.0,22.0,1409.8,2.0,3760,2820.0,1576,1893,1113.65,39.49,690.65,24.49
18K,12,6.5,11.925,1353.75,55.0,8.0,22.0,1438.75,2.0,3840,2880.0,1608,1932,1138.4,39.53,706.4,24.53
18K,12,7,12.18,1382.69,55.0,8.0,22.0,1467.69,2.0,3915,2936.25,1640,1971,1159.8,39.5,719.36,24.5
18K,12,7.5,12.44,1412.21,55.0,8.0,22.0,1497.21,2.0,3995,2996.25,1673,2010,1183.98,39.52,734.55,24.52
18K,12,8,12.7,1441.73,55.0,8.0,22.0,1526.73,2.0,4075,3056.25,1706,2050,1208.17,39.53,749.73,24.53
18K,12,8.5,12.96,1471.24,55.0,8.0,22.0,1556.24,2.0,4150,3112.5,1739,2090,1229.0,39.49,762.12,24.49
18K,12,9,13.22,1500.76,55.0,8.0,22.0,1585.76,2.0,4230,3172.5,1772,2129,1253.18,39.5,777.31,24.5
18K,12,9.5,13.475,1529.7,55.0,8.0,22.0,1614.7,2.0,4310,3232.5,1805,2168,1277.93,39.53,793.06,24.53
18K,12,10,13.73,1558.65,55.0,8.0,22.0,1643.65,2.0,4385,3288.75,1837,2207,1299.33,39.51,806.02,24.51
18K,12,10.5,13.985,1587.6,55.0,8.0,22.0,1672.6,2.0,4460,3345.0,1869,2246,1320.72,39.48,818.97,24.48
18K,12,11,14.24,1616.55,55.0,8.0,22.0,1701.55,2.0,4540,3405.0,1902,2285,1345.48,39.51,834.73,24.51
18K,12,11.5,14.5,1646.06,55.0,8.0,22.0,1731.06,2.0,4620,3465.0,1935,2324,1369.66,39.53,849.91,24.53
18K,12,12,14.76,1675.58,55.0,8.0,22.0,1760.58,2.0,4695,3521.25,1968,2364,1390.49,39.49,862.3,24.49
18K,12,12.5,15.02,1705.1,55.0,8.0,22.0,1790.1,2.0,4775,3581.25,2001,2403,1414.67,39.5,877.49,24.5
18K,12,13,15.28,1734.61,55.0,8.0,22.0,1819.61,2.0,4855,3641.25,2034,2443,1438.86,39.52,892.67,24.52
18K,12,13.5,15.535,1763.56,55.0,8.0,22.0,1848.56,2.0,4930,3697.5,2066,2482,1460.25,39.49,905.63,24.49
18K,12,14,15.79,1792.51,55.0,8.0,22.0,1877.51,2.0,5010,3757.5,2098,2521,1485.0,39.52,921.38,24.52
18K,12,14.5,16.05,1822.02,55.0,8.0,22.0,1907.02,2.0,5090,3817.5,2131,2560,1509.19,39.53,936.56,24.53
18K,12,15,16.31,1851.54,55.0,8.0,22.0,1936.54,2.0,5165,3873.75,2164,2600,1530.02,39.5,948.95,24.5
18K,12,15.5,16.57,1881.05,55.0,8.0,22.0,1966.05,2.0,5245,3933.75,2197,2640,1554.2,39.51,964.14,24.51
18K,12,16,16.83,1910.57,55.0,8.0,22.0,1995.57,2.0,5325,3993.75,2230,2679,1578.39,39.52,979.32,24.52
