listing_sku,variant_sku,karat,width_mm,ring_size_us,estimated_grams,material_usd,landed_cost_usd,margin_multiplier,list_usd,sale_25pct_usd,quantity,base_thickness_mm,peak_thickness_mm,effective_thickness_mm
EON-MERID-TT-10,EON-MERID-TT-10-04-030,10K,4,3,2.61,231.51,316.51,2.05,870,652.5,20,1.5,1.5,1.5
EON-MERID-TT-10,EON-MERID-TT-10-04-035,10K,4,3.5,2.68,236,321,2.05,880,660,20,1.5,1.5,1.5
EON-MERID-TT-10,EON-MERID-TT-10-04-040,10K,4,4,2.74,239.85,324.85,2.05,890,667.5,20,1.5,1.5,1.5
EON-MERID-TT-10,EON-MERID-TT-10-04-045,10K,4,4.5,2.81,244.34,329.34,2.05,905,678.75,20,1.5,1.5,1.5
EON-MERID-TT-10,EON-MERID-TT-10-04-050,10K,4,5,2.87,248.19,333.19,2.05,915,686.25,20,1.5,1.5,1.5
EON-MERID-TT-10,EON-MERID-TT-10-04-055,10K,4,5.5,2.94,252.68,337.68,2.05,925,693.75,20,1.5,1.5,1.5
EON-MERID-TT-10,EON-MERID-TT-10-04-060,10K,4,6,3,256.52,341.52,2.05,935,701.25,20,1.5,1.5,1.5
EON-MERID-TT-10,EON-MERID-TT-10-04-065,10K,4,6.5,3.07,261.01,346.01,2.05,950,712.5,20,1.5,1.5,1.5
EON-MERID-TT-10,EON-MERID-TT-10-04-070,10K,4,7,3.14,265.5,350.5,2.05,960,720,20,1.5,1.5,1.5
EON-MERID-TT-10,EON-MERID-TT-10-04-075,10K,4,7.5,3.21,269.99,354.99,2.05,975,731.25,20,1.5,1.5,1.5
EON-MERID-TT-10,EON-MERID-TT-10-04-080,10K,4,8,3.27,273.84,358.84,2.05,985,738.75,20,1.5,1.5,1.5
EON-MERID-TT-10,EON-MERID-TT-10-04-085,10K,4,8.5,3.34,278.33,363.33,2.05,995,746.25,20,1.5,1.5,1.5
EON-MERID-TT-10,EON-MERID-TT-10-04-090,10K,4,9,3.4,282.18,367.18,2.05,1005,753.75,20,1.5,1.5,1.5
EON-MERID-TT-10,EON-MERID-TT-10-04-095,10K,4,9.5,3.47,286.66,371.66,2.05,1020,765,20,1.5,1.5,1.5
EON-MERID-TT-10,EON-MERID-TT-10-04-100,10K,4,10,3.53,290.51,375.51,2.05,1030,772.5,20,1.5,1.5,1.5
EON-MERID-TT-10,EON-MERID-TT-10-04-105,10K,4,10.5,3.6,295,380,2.05,1040,780,20,1.5,1.5,1.5
EON-MERID-TT-10,EON-MERID-TT-10-04-110,10K,4,11,3.67,299.49,384.49,2.05,1055,791.25,20,1.5,1.5,1.5
EON-MERID-TT-10,EON-MERID-TT-10-04-115,10K,4,11.5,3.74,303.98,388.98,2.05,1065,798.75,20,1.5,1.5,1.5
EON-MERID-TT-10,EON-MERID-TT-10-04-120,10K,4,12,3.8,307.83,392.83,2.05,1075,806.25,20,1.5,1.5,1.5
EON-MERID-TT-10,EON-MERID-TT-10-04-125,10K,4,12.5,3.87,312.32,397.32,2.05,1090,817.5,20,1.5,1.5,1.5
EON-MERID-TT-10,EON-MERID-TT-10-04-130,10K,4,13,3.93,316.16,401.16,2.05,1100,825,20,1.5,1.5,1.5
EON-MERID-TT-10,EON-MERID-TT-10-05-030,10K,5,3,3.25,272.56,357.56,2.05,980,735,20,1.5,1.5,1.5
EON-MERID-TT-10,EON-MERID-TT-10-05-035,10K,5,3.5,3.34,278.33,363.33,2.05,995,746.25,20,1.5,1.5,1.5
EON-MERID-TT-10,EON-MERID-TT-10-05-040,10K,5,4,3.42,283.46,368.46,2.05,1010,757.5,20,1.5,1.5,1.5
EON-MERID-TT-10,EON-MERID-TT-10-05-045,10K,5,4.5,3.51,289.23,374.23,2.05,1025,768.75,20,1.5,1.5,1.5
EON-MERID-TT-10,EON-MERID-TT-10-05-050,10K,5,5,3.59,294.36,379.36,2.05,1040,780,20,1.5,1.5,1.5
EON-MERID-TT-10,EON-MERID-TT-10-05-055,10K,5,5.5,3.67,299.49,384.49,2.05,1055,791.25,20,1.5,1.5,1.5
EON-MERID-TT-10,EON-MERID-TT-10-05-060,10K,5,6,3.75,304.62,389.62,2.05,1065,798.75,20,1.5,1.5,1.5
EON-MERID-TT-10,EON-MERID-TT-10-05-065,10K,5,6.5,3.84,310.39,395.39,2.05,1085,813.75,20,1.5,1.5,1.5
EON-MERID-TT-10,EON-MERID-TT-10-05-070,10K,5,7,3.92,315.52,400.52,2.05,1095,821.25,20,1.5,1.5,1.5
EON-MERID-TT-10,EON-MERID-TT-10-05-075,10K,5,7.5,4,320.65,405.65,2.05,1110,832.5,20,1.5,1.5,1.5
EON-MERID-TT-10,EON-MERID-TT-10-05-080,10K,5,8,4.08,325.78,410.78,2.05,1125,843.75,20,1.5,1.5,1.5
EON-MERID-TT-10,EON-MERID-TT-10-05-085,10K,5,8.5,4.17,331.56,416.56,2.05,1140,855,20,1.5,1.5,1.5
EON-MERID-TT-10,EON-MERID-TT-10-05-090,10K,5,9,4.25,336.69,421.69,2.05,1155,866.25,20,1.5,1.5,1.5
EON-MERID-TT-10,EON-MERID-TT-10-05-095,10K,5,9.5,4.34,342.46,427.46,2.05,1170,877.5,20,1.5,1.5,1.5
EON-MERID-TT-10,EON-MERID-TT-10-05-100,10K,5,10,4.42,347.59,432.59,2.05,1185,888.75,20,1.5,1.5,1.5
EON-MERID-TT-10,EON-MERID-TT-10-05-105,10K,5,10.5,4.5,352.72,437.72,2.05,1200,900,20,1.5,1.5,1.5
EON-MERID-TT-10,EON-MERID-TT-10-05-110,10K,5,11,4.58,357.85,442.85,2.05,1215,911.25,20,1.5,1.5,1.5
EON-MERID-TT-10,EON-MERID-TT-10-05-115,10K,5,11.5,4.67,363.62,448.62,2.05,1230,922.5,20,1.5,1.5,1.5
EON-MERID-TT-10,EON-MERID-TT-10-05-120,10K,5,12,4.75,368.75,453.75,2.05,1245,933.75,20,1.5,1.5,1.5
EON-MERID-TT-10,EON-MERID-TT-10-05-125,10K,5,12.5,4.83,373.88,458.88,2.05,1255,941.25,20,1.5,1.5,1.5
EON-MERID-TT-10,EON-MERID-TT-10-05-130,10K,5,13,4.91,379.01,464.01,2.05,1270,952.5,20,1.5,1.5,1.5
EON-MERID-TT-10,EON-MERID-TT-10-06-030,10K,6,3,3.92,315.52,400.52,2.05,1095,821.25,20,1.5,1.5,1.5
EON-MERID-TT-10,EON-MERID-TT-10-06-035,10K,6,3.5,4.02,321.94,406.94,2.05,1115,836.25,20,1.5,1.5,1.5
EON-MERID-TT-10,EON-MERID-TT-10-06-040,10K,6,4,4.11,327.71,412.71,2.05,1130,847.5,20,1.5,1.5,1.5
EON-MERID-TT-10,EON-MERID-TT-10-06-045,10K,6,4.5,4.21,334.12,419.12,2.05,1150,862.5,20,1.5,1.5,1.5
EON-MERID-TT-10,EON-MERID-TT-10-06-050,10K,6,5,4.3,339.89,424.89,2.05,1165,873.75,20,1.5,1.5,1.5
EON-MERID-TT-10,EON-MERID-TT-10-06-055,10K,6,5.5,4.4,346.31,431.31,2.05,1180,885,20,1.5,1.5,1.5
EON-MERID-TT-10,EON-MERID-TT-10-06-060,10K,6,6,4.5,352.72,437.72,2.05,1200,900,20,1.5,1.5,1.5
EON-MERID-TT-10,EON-MERID-TT-10-06-065,10K,6,6.5,4.6,359.13,444.13,2.05,1215,911.25,20,1.5,1.5,1.5
EON-MERID-TT-10,EON-MERID-TT-10-06-070,10K,6,7,4.7,365.55,450.55,2.05,1235,926.25,20,1.5,1.5,1.5
EON-MERID-TT-10,EON-MERID-TT-10-06-075,10K,6,7.5,4.8,371.96,456.96,2.05,1250,937.5,20,1.5,1.5,1.5
EON-MERID-TT-10,EON-MERID-TT-10-06-080,10K,6,8,4.9,378.37,463.37,2.05,1270,952.5,20,1.5,1.5,1.5
EON-MERID-TT-10,EON-MERID-TT-10-06-085,10K,6,8.5,5,384.78,469.78,2.05,1285,963.75,20,1.5,1.5,1.5
EON-MERID-TT-10,EON-MERID-TT-10-06-090,10K,6,9,5.1,391.2,476.2,2.05,1305,978.75,20,1.5,1.5,1.5
EON-MERID-TT-10,EON-MERID-TT-10-06-095,10K,6,9.5,5.2,397.61,482.61,2.05,1320,990,20,1.5,1.5,1.5
EON-MERID-TT-10,EON-MERID-TT-10-06-100,10K,6,10,5.3,404.02,489.02,2.05,1340,1005,20,1.5,1.5,1.5
EON-MERID-TT-10,EON-MERID-TT-10-06-105,10K,6,10.5,5.4,410.44,495.44,2.05,1355,1016.25,20,1.5,1.5,1.5
EON-MERID-TT-10,EON-MERID-TT-10-06-110,10K,6,11,5.5,416.85,501.85,2.05,1375,1031.25,20,1.5,1.5,1.5
EON-MERID-TT-10,EON-MERID-TT-10-06-115,10K,6,11.5,5.6,423.26,508.26,2.05,1390,1042.5,20,1.5,1.5,1.5
EON-MERID-TT-10,EON-MERID-TT-10-06-120,10K,6,12,5.7,429.68,514.68,2.05,1410,1057.5,20,1.5,1.5,1.5
EON-MERID-TT-10,EON-MERID-TT-10-06-125,10K,6,12.5,5.8,436.09,521.09,2.05,1425,1068.75,20,1.5,1.5,1.5
EON-MERID-TT-10,EON-MERID-TT-10-06-130,10K,6,13,5.9,442.5,527.5,2.05,1445,1083.75,20,1.5,1.5,1.5
EON-MERID-TT-10,EON-MERID-TT-10-07-030,10K,7,3,4.56,356.57,441.57,2.05,1210,907.5,20,1.5,1.5,1.5
EON-MERID-TT-10,EON-MERID-TT-10-07-035,10K,7,3.5,4.68,364.26,449.26,2.05,1230,922.5,20,1.5,1.5,1.5
EON-MERID-TT-10,EON-MERID-TT-10-07-040,10K,7,4,4.79,371.32,456.32,2.05,1250,937.5,20,1.5,1.5,1.5
EON-MERID-TT-10,EON-MERID-TT-10-07-045,10K,7,4.5,4.9,378.37,463.37,2.05,1270,952.5,20,1.5,1.5,1.5
EON-MERID-TT-10,EON-MERID-TT-10-07-050,10K,7,5,5.02,386.07,471.07,2.05,1290,967.5,20,1.5,1.5,1.5
EON-MERID-TT-10,EON-MERID-TT-10-07-055,10K,7,5.5,5.14,393.76,478.76,2.05,1310,982.5,20,1.5,1.5,1.5
EON-MERID-TT-10,EON-MERID-TT-10-07-060,10K,7,6,5.25,400.82,485.82,2.05,1330,997.5,20,1.5,1.5,1.5
EON-MERID-TT-10,EON-MERID-TT-10-07-065,10K,7,6.5,5.37,408.51,493.51,2.05,1350,1012.5,20,1.5,1.5,1.5
EON-MERID-TT-10,EON-MERID-TT-10-07-070,10K,7,7,5.49,416.21,501.21,2.05,1370,1027.5,20,1.5,1.5,1.5
EON-MERID-TT-10,EON-MERID-TT-10-07-075,10K,7,7.5,5.61,423.9,508.9,2.05,1395,1046.25,20,1.5,1.5,1.5
EON-MERID-TT-10,EON-MERID-TT-10-07-080,10K,7,8,5.72,430.96,515.96,2.05,1415,1061.25,20,1.5,1.5,1.5
EON-MERID-TT-10,EON-MERID-TT-10-07-085,10K,7,8.5,5.84,438.65,523.65,2.05,1435,1076.25,20,1.5,1.5,1.5
EON-MERID-TT-10,EON-MERID-TT-10-07-090,10K,7,9,5.95,445.71,530.71,2.05,1455,1091.25,20,1.5,1.5,1.5
EON-MERID-TT-10,EON-MERID-TT-10-07-095,10K,7,9.5,6.07,453.4,538.4,2.05,1475,1106.25,20,1.5,1.5,1.5
EON-MERID-TT-10,EON-MERID-TT-10-07-100,10K,7,10,6.18,460.46,545.46,2.05,1495,1121.25,20,1.5,1.5,1.5
EON-MERID-TT-10,EON-MERID-TT-10-07-105,10K,7,10.5,6.3,468.15,553.15,2.05,1515,1136.25,20,1.5,1.5,1.5
EON-MERID-TT-10,EON-MERID-TT-10-07-110,10K,7,11,6.42,475.85,560.85,2.05,1535,1151.25,20,1.5,1.5,1.5
EON-MERID-TT-10,EON-MERID-TT-10-07-115,10K,7,11.5,6.54,483.55,568.55,2.05,1555,1166.25,20,1.5,1.5,1.5
EON-MERID-TT-10,EON-MERID-TT-10-07-120,10K,7,12,6.65,490.6,575.6,2.05,1575,1181.25,20,1.5,1.5,1.5
EON-MERID-TT-10,EON-MERID-TT-10-07-125,10K,7,12.5,6.77,498.3,583.3,2.05,1595,1196.25,20,1.5,1.5,1.5
EON-MERID-TT-10,EON-MERID-TT-10-07-130,10K,7,13,6.88,505.35,590.35,2.05,1615,1211.25,20,1.5,1.5,1.5
EON-MERID-TT-14,EON-MERID-TT-14-04-030,14K,4,3,2.96,356.27,441.27,2.05,1210,907.5,20,1.5,1.5,1.5
EON-MERID-TT-14,EON-MERID-TT-14-04-035,14K,4,3.5,3.04,363.47,448.47,2.05,1230,922.5,20,1.5,1.5,1.5
EON-MERID-TT-14,EON-MERID-TT-14-04-040,14K,4,4,3.11,369.77,454.77,2.05,1245,933.75,20,1.5,1.5,1.5
EON-MERID-TT-14,EON-MERID-TT-14-04-045,14K,4,4.5,3.18,376.06,461.06,2.05,1265,948.75,20,1.5,1.5,1.5
EON-MERID-TT-14,EON-MERID-TT-14-04-050,14K,4,5,3.26,383.26,468.26,2.05,1280,960,20,1.5,1.5,1.5
EON-MERID-TT-14,EON-MERID-TT-14-04-055,14K,4,5.5,3.34,390.46,475.46,2.05,1300,975,20,1.5,1.5,1.5
EON-MERID-TT-14,EON-MERID-TT-14-04-060,14K,4,6,3.41,396.76,481.76,2.05,1320,990,20,1.5,1.5,1.5
EON-MERID-TT-14,EON-MERID-TT-14-04-065,14K,4,6.5,3.49,403.95,488.95,2.05,1340,1005,20,1.5,1.5,1.5
EON-MERID-TT-14,EON-MERID-TT-14-04-070,14K,4,7,3.56,410.25,495.25,2.05,1355,1016.25,20,1.5,1.5,1.5
EON-MERID-TT-14,EON-MERID-TT-14-04-075,14K,4,7.5,3.64,417.45,502.45,2.05,1375,1031.25,20,1.5,1.5,1.5
EON-MERID-TT-14,EON-MERID-TT-14-04-080,14K,4,8,3.71,423.75,508.75,2.05,1395,1046.25,20,1.5,1.5,1.5
EON-MERID-TT-14,EON-MERID-TT-14-04-085,14K,4,8.5,3.79,430.94,515.94,2.05,1415,1061.25,20,1.5,1.5,1.5
EON-MERID-TT-14,EON-MERID-TT-14-04-090,14K,4,9,3.86,437.24,522.24,2.05,1430,1072.5,20,1.5,1.5,1.5
EON-MERID-TT-14,EON-MERID-TT-14-04-095,14K,4,9.5,3.93,443.54,528.54,2.05,1445,1083.75,20,1.5,1.5,1.5
EON-MERID-TT-14,EON-MERID-TT-14-04-100,14K,4,10,4.01,450.74,535.74,2.05,1465,1098.75,20,1.5,1.5,1.5
EON-MERID-TT-14,EON-MERID-TT-14-04-105,14K,4,10.5,4.09,457.94,542.94,2.05,1485,1113.75,20,1.5,1.5,1.5
EON-MERID-TT-14,EON-MERID-TT-14-04-110,14K,4,11,4.17,465.13,550.13,2.05,1505,1128.75,20,1.5,1.5,1.5
EON-MERID-TT-14,EON-MERID-TT-14-04-115,14K,4,11.5,4.25,472.33,557.33,2.05,1525,1143.75,20,1.5,1.5,1.5
EON-MERID-TT-14,EON-MERID-TT-14-04-120,14K,4,12,4.32,478.63,563.63,2.05,1545,1158.75,20,1.5,1.5,1.5
EON-MERID-TT-14,EON-MERID-TT-14-04-125,14K,4,12.5,4.39,484.93,569.93,2.05,1560,1170,20,1.5,1.5,1.5
EON-MERID-TT-14,EON-MERID-TT-14-04-130,14K,4,13,4.47,492.12,577.12,2.05,1580,1185,20,1.5,1.5,1.5
EON-MERID-TT-14,EON-MERID-TT-14-05-030,14K,5,3,3.72,424.65,509.65,2.05,1395,1046.25,20,1.5,1.5,1.5
EON-MERID-TT-14,EON-MERID-TT-14-05-035,14K,5,3.5,3.81,432.74,517.74,2.05,1420,1065,20,1.5,1.5,1.5
EON-MERID-TT-14,EON-MERID-TT-14-05-040,14K,5,4,3.89,439.94,524.94,2.05,1435,1076.25,20,1.5,1.5,1.5
EON-MERID-TT-14,EON-MERID-TT-14-05-045,14K,5,4.5,3.97,447.14,532.14,2.05,1455,1091.25,20,1.5,1.5,1.5
EON-MERID-TT-14,EON-MERID-TT-14-05-050,14K,5,5,4.06,455.24,540.24,2.05,1480,1110,20,1.5,1.5,1.5
EON-MERID-TT-14,EON-MERID-TT-14-05-055,14K,5,5.5,4.16,464.23,549.23,2.05,1505,1128.75,20,1.5,1.5,1.5
EON-MERID-TT-14,EON-MERID-TT-14-05-060,14K,5,6,4.26,473.23,558.23,2.05,1530,1147.5,20,1.5,1.5,1.5
EON-MERID-TT-14,EON-MERID-TT-14-05-065,14K,5,6.5,4.36,482.23,567.23,2.05,1555,1166.25,20,1.5,1.5,1.5
EON-MERID-TT-14,EON-MERID-TT-14-05-070,14K,5,7,4.45,490.32,575.32,2.05,1575,1181.25,20,1.5,1.5,1.5
EON-MERID-TT-14,EON-MERID-TT-14-05-075,14K,5,7.5,4.55,499.32,584.32,2.05,1600,1200,20,1.5,1.5,1.5
EON-MERID-TT-14,EON-MERID-TT-14-05-080,14K,5,8,4.64,507.42,592.42,2.05,1620,1215,20,1.5,1.5,1.5
EON-MERID-TT-14,EON-MERID-TT-14-05-085,14K,5,8.5,4.73,515.51,600.51,2.05,1645,1233.75,20,1.5,1.5,1.5
EON-MERID-TT-14,EON-MERID-TT-14-05-090,14K,5,9,4.83,524.51,609.51,2.05,1670,1252.5,20,1.5,1.5,1.5
EON-MERID-TT-14,EON-MERID-TT-14-05-095,14K,5,9.5,4.93,533.51,618.51,2.05,1695,1271.25,20,1.5,1.5,1.5
EON-MERID-TT-14,EON-MERID-TT-14-05-100,14K,5,10,5.02,541.6,626.6,2.05,1715,1286.25,20,1.5,1.5,1.5
EON-MERID-TT-14,EON-MERID-TT-14-05-105,14K,5,10.5,5.12,550.6,635.6,2.05,1740,1305,20,1.5,1.5,1.5
EON-MERID-TT-14,EON-MERID-TT-14-05-110,14K,5,11,5.21,558.7,643.7,2.05,1760,1320,20,1.5,1.5,1.5
EON-MERID-TT-14,EON-MERID-TT-14-05-115,14K,5,11.5,5.31,567.7,652.7,2.05,1785,1338.75,20,1.5,1.5,1.5
EON-MERID-TT-14,EON-MERID-TT-14-05-120,14K,5,12,5.4,575.79,660.79,2.05,1810,1357.5,20,1.5,1.5,1.5
EON-MERID-TT-14,EON-MERID-TT-14-05-125,14K,5,12.5,5.49,583.89,668.89,2.05,1830,1372.5,20,1.5,1.5,1.5
EON-MERID-TT-14,EON-MERID-TT-14-05-130,14K,5,13,5.58,591.99,676.99,2.05,1855,1391.25,20,1.5,1.5,1.5
EON-MERID-TT-14,EON-MERID-TT-14-06-030,14K,6,3,4.45,490.32,575.32,2.05,1575,1181.25,20,1.5,1.5,1.5
EON-MERID-TT-14,EON-MERID-TT-14-06-035,14K,6,3.5,4.56,500.22,585.22,2.05,1600,1200,20,1.5,1.5,1.5
EON-MERID-TT-14,EON-MERID-TT-14-06-040,14K,6,4,4.67,510.12,595.12,2.05,1630,1222.5,20,1.5,1.5,1.5
EON-MERID-TT-14,EON-MERID-TT-14-06-045,14K,6,4.5,4.78,520.01,605.01,2.05,1655,1241.25,20,1.5,1.5,1.5
EON-MERID-TT-14,EON-MERID-TT-14-06-050,14K,6,5,4.89,529.91,614.91,2.05,1685,1263.75,20,1.5,1.5,1.5
EON-MERID-TT-14,EON-MERID-TT-14-06-055,14K,6,5.5,5.01,540.71,625.71,2.05,1715,1286.25,20,1.5,1.5,1.5
EON-MERID-TT-14,EON-MERID-TT-14-06-060,14K,6,6,5.12,550.6,635.6,2.05,1740,1305,20,1.5,1.5,1.5
EON-MERID-TT-14,EON-MERID-TT-14-06-065,14K,6,6.5,5.23,560.5,645.5,2.05,1765,1323.75,20,1.5,1.5,1.5
EON-MERID-TT-14,EON-MERID-TT-14-06-070,14K,6,7,5.34,570.39,655.39,2.05,1795,1346.25,20,1.5,1.5,1.5
EON-MERID-TT-14,EON-MERID-TT-14-06-075,14K,6,7.5,5.46,581.19,666.19,2.05,1825,1368.75,20,1.5,1.5,1.5
EON-MERID-TT-14,EON-MERID-TT-14-06-080,14K,6,8,5.57,591.09,676.09,2.05,1850,1387.5,20,1.5,1.5,1.5
EON-MERID-TT-14,EON-MERID-TT-14-06-085,14K,6,8.5,5.69,601.88,686.88,2.05,1880,1410,20,1.5,1.5,1.5
EON-MERID-TT-14,EON-MERID-TT-14-06-090,14K,6,9,5.8,611.78,696.78,2.05,1905,1428.75,20,1.5,1.5,1.5
EON-MERID-TT-14,EON-MERID-TT-14-06-095,14K,6,9.5,5.91,621.68,706.68,2.05,1935,1451.25,20,1.5,1.5,1.5
EON-MERID-TT-14,EON-MERID-TT-14-06-100,14K,6,10,6.02,631.57,716.57,2.05,1960,1470,20,1.5,1.5,1.5
EON-MERID-TT-14,EON-MERID-TT-14-06-105,14K,6,10.5,6.14,642.37,727.37,2.05,1990,1492.5,20,1.5,1.5,1.5
EON-MERID-TT-14,EON-MERID-TT-14-06-110,14K,6,11,6.25,652.27,737.27,2.05,2020,1515,20,1.5,1.5,1.5
EON-MERID-TT-14,EON-MERID-TT-14-06-115,14K,6,11.5,6.36,662.16,747.16,2.05,2045,1533.75,20,1.5,1.5,1.5
EON-MERID-TT-14,EON-MERID-TT-14-06-120,14K,6,12,6.47,672.06,757.06,2.05,2070,1552.5,20,1.5,1.5,1.5
EON-MERID-TT-14,EON-MERID-TT-14-06-125,14K,6,12.5,6.59,682.85,767.85,2.05,2100,1575,20,1.5,1.5,1.5
EON-MERID-TT-14,EON-MERID-TT-14-06-130,14K,6,13,6.7,692.75,777.75,2.05,2130,1597.5,20,1.5,1.5,1.5
EON-MERID-TT-14,EON-MERID-TT-14-07-030,14K,7,3,5.17,555.1,640.1,2.05,1750,1312.5,20,1.5,1.5,1.5
EON-MERID-TT-14,EON-MERID-TT-14-07-035,14K,7,3.5,5.31,567.7,652.7,2.05,1785,1338.75,20,1.5,1.5,1.5
EON-MERID-TT-14,EON-MERID-TT-14-07-040,14K,7,4,5.44,579.39,664.39,2.05,1820,1365,20,1.5,1.5,1.5
EON-MERID-TT-14,EON-MERID-TT-14-07-045,14K,7,4.5,5.58,591.99,676.99,2.05,1855,1391.25,20,1.5,1.5,1.5
EON-MERID-TT-14,EON-MERID-TT-14-07-050,14K,7,5,5.71,603.68,688.68,2.05,1885,1413.75,20,1.5,1.5,1.5
EON-MERID-TT-14,EON-MERID-TT-14-07-055,14K,7,5.5,5.84,615.38,700.38,2.05,1915,1436.25,20,1.5,1.5,1.5
EON-MERID-TT-14,EON-MERID-TT-14-07-060,14K,7,6,5.97,627.07,712.07,2.05,1950,1462.5,20,1.5,1.5,1.5
EON-MERID-TT-14,EON-MERID-TT-14-07-065,14K,7,6.5,6.1,638.77,723.77,2.05,1980,1485,20,1.5,1.5,1.5
EON-MERID-TT-14,EON-MERID-TT-14-07-070,14K,7,7,6.23,650.47,735.47,2.05,2015,1511.25,20,1.5,1.5,1.5
EON-MERID-TT-14,EON-MERID-TT-14-07-075,14K,7,7.5,6.37,663.06,748.06,2.05,2045,1533.75,20,1.5,1.5,1.5
EON-MERID-TT-14,EON-MERID-TT-14-07-080,14K,7,8,6.5,674.76,759.76,2.05,2080,1560,20,1.5,1.5,1.5
EON-MERID-TT-14,EON-MERID-TT-14-07-085,14K,7,8.5,6.63,686.45,771.45,2.05,2110,1582.5,20,1.5,1.5,1.5
EON-MERID-TT-14,EON-MERID-TT-14-07-090,14K,7,9,6.76,698.15,783.15,2.05,2145,1608.75,20,1.5,1.5,1.5
EON-MERID-TT-14,EON-MERID-TT-14-07-095,14K,7,9.5,6.9,710.74,795.74,2.05,2180,1635,20,1.5,1.5,1.5
EON-MERID-TT-14,EON-MERID-TT-14-07-100,14K,7,10,7.03,722.44,807.44,2.05,2210,1657.5,20,1.5,1.5,1.5
EON-MERID-TT-14,EON-MERID-TT-14-07-105,14K,7,10.5,7.16,734.14,819.14,2.05,2240,1680,20,1.5,1.5,1.5
EON-MERID-TT-14,EON-MERID-TT-14-07-110,14K,7,11,7.29,745.83,830.83,2.05,2275,1706.25,20,1.5,1.5,1.5
EON-MERID-TT-14,EON-MERID-TT-14-07-115,14K,7,11.5,7.42,757.53,842.53,2.05,2305,1728.75,20,1.5,1.5,1.5
EON-MERID-TT-14,EON-MERID-TT-14-07-120,14K,7,12,7.55,769.22,854.22,2.05,2335,1751.25,20,1.5,1.5,1.5
EON-MERID-TT-14,EON-MERID-TT-14-07-125,14K,7,12.5,7.69,781.82,866.82,2.05,2370,1777.5,20,1.5,1.5,1.5
EON-MERID-TT-14,EON-MERID-TT-14-07-130,14K,7,13,7.82,793.51,878.51,2.05,2405,1803.75,20,1.5,1.5,1.5
EON-MERID-TT-18,EON-MERID-TT-18-04-030,18K,4,3,3.46,514.43,599.43,2.05,1640,1230,20,1.5,1.5,1.5
EON-MERID-TT-18,EON-MERID-TT-18-04-035,18K,4,3.5,3.53,522.5,607.5,2.05,1665,1248.75,20,1.5,1.5,1.5
EON-MERID-TT-18,EON-MERID-TT-18-04-040,18K,4,4,3.6,530.58,615.58,2.05,1685,1263.75,20,1.5,1.5,1.5
EON-MERID-TT-18,EON-MERID-TT-18-04-045,18K,4,4.5,3.67,538.65,623.65,2.05,1705,1278.75,20,1.5,1.5,1.5
EON-MERID-TT-18,EON-MERID-TT-18-04-050,18K,4,5,3.74,546.73,631.73,2.05,1730,1297.5,20,1.5,1.5,1.5
EON-MERID-TT-18,EON-MERID-TT-18-04-055,18K,4,5.5,3.82,555.95,640.95,2.05,1755,1316.25,20,1.5,1.5,1.5
EON-MERID-TT-18,EON-MERID-TT-18-04-060,18K,4,6,3.89,564.03,649.03,2.05,1775,1331.25,20,1.5,1.5,1.5
EON-MERID-TT-18,EON-MERID-TT-18-04-065,18K,4,6.5,3.97,573.26,658.26,2.05,1800,1350,20,1.5,1.5,1.5
EON-MERID-TT-18,EON-MERID-TT-18-04-070,18K,4,7,4.04,581.33,666.33,2.05,1825,1368.75,20,1.5,1.5,1.5
EON-MERID-TT-18,EON-MERID-TT-18-04-075,18K,4,7.5,4.12,590.56,675.56,2.05,1850,1387.5,20,1.5,1.5,1.5
EON-MERID-TT-18,EON-MERID-TT-18-04-080,18K,4,8,4.19,598.63,683.63,2.05,1870,1402.5,20,1.5,1.5,1.5
EON-MERID-TT-18,EON-MERID-TT-18-04-085,18K,4,8.5,4.26,606.7,691.7,2.05,1895,1421.25,20,1.5,1.5,1.5
EON-MERID-TT-18,EON-MERID-TT-18-04-090,18K,4,9,4.33,614.78,699.78,2.05,1915,1436.25,20,1.5,1.5,1.5
EON-MERID-TT-18,EON-MERID-TT-18-04-095,18K,4,9.5,4.41,624.01,709.01,2.05,1940,1455,20,1.5,1.5,1.5
EON-MERID-TT-18,EON-MERID-TT-18-04-100,18K,4,10,4.48,632.08,717.08,2.05,1965,1473.75,20,1.5,1.5,1.5
EON-MERID-TT-18,EON-MERID-TT-18-04-105,18K,4,10.5,4.56,641.31,726.31,2.05,1990,1492.5,20,1.5,1.5,1.5
EON-MERID-TT-18,EON-MERID-TT-18-04-110,18K,4,11,4.63,649.38,734.38,2.05,2010,1507.5,20,1.5,1.5,1.5
EON-MERID-TT-18,EON-MERID-TT-18-04-115,18K,4,11.5,4.71,658.61,743.61,2.05,2035,1526.25,20,1.5,1.5,1.5
EON-MERID-TT-18,EON-MERID-TT-18-04-120,18K,4,12,4.78,666.68,751.68,2.05,2055,1541.25,20,1.5,1.5,1.5
EON-MERID-TT-18,EON-MERID-TT-18-04-125,18K,4,12.5,4.85,674.76,759.76,2.05,2080,1560,20,1.5,1.5,1.5
EON-MERID-TT-18,EON-MERID-TT-18-04-130,18K,4,13,4.92,682.83,767.83,2.05,2100,1575,20,1.5,1.5,1.5
EON-MERID-TT-18,EON-MERID-TT-18-05-030,18K,5,3,4.37,619.39,704.39,2.05,1930,1447.5,20,1.5,1.5,1.5
EON-MERID-TT-18,EON-MERID-TT-18-05-035,18K,5,3.5,4.47,630.93,715.93,2.05,1960,1470,20,1.5,1.5,1.5
EON-MERID-TT-18,EON-MERID-TT-18-05-040,18K,5,4,4.56,641.31,726.31,2.05,1990,1492.5,20,1.5,1.5,1.5
EON-MERID-TT-18,EON-MERID-TT-18-05-045,18K,5,4.5,4.65,651.69,736.69,2.05,2015,1511.25,20,1.5,1.5,1.5
EON-MERID-TT-18,EON-MERID-TT-18-05-050,18K,5,5,4.75,663.22,748.22,2.05,2050,1537.5,20,1.5,1.5,1.5
EON-MERID-TT-18,EON-MERID-TT-18-05-055,18K,5,5.5,4.84,673.6,758.6,2.05,2075,1556.25,20,1.5,1.5,1.5
EON-MERID-TT-18,EON-MERID-TT-18-05-060,18K,5,6,4.93,683.98,768.98,2.05,2105,1578.75,20,1.5,1.5,1.5
EON-MERID-TT-18,EON-MERID-TT-18-05-065,18K,5,6.5,5.03,695.52,780.52,2.05,2135,1601.25,20,1.5,1.5,1.5
EON-MERID-TT-18,EON-MERID-TT-18-05-070,18K,5,7,5.12,705.9,790.9,2.05,2165,1623.75,20,1.5,1.5,1.5
EON-MERID-TT-18,EON-MERID-TT-18-05-075,18K,5,7.5,5.21,716.28,801.28,2.05,2195,1646.25,20,1.5,1.5,1.5
EON-MERID-TT-18,EON-MERID-TT-18-05-080,18K,5,8,5.3,726.66,811.66,2.05,2220,1665,20,1.5,1.5,1.5
EON-MERID-TT-18,EON-MERID-TT-18-05-085,18K,5,8.5,5.4,738.2,823.2,2.05,2255,1691.25,20,1.5,1.5,1.5
EON-MERID-TT-18,EON-MERID-TT-18-05-090,18K,5,9,5.5,749.73,834.73,2.05,2285,1713.75,20,1.5,1.5,1.5
EON-MERID-TT-18,EON-MERID-TT-18-05-095,18K,5,9.5,5.59,760.11,845.11,2.05,2310,1732.5,20,1.5,1.5,1.5
EON-MERID-TT-18,EON-MERID-TT-18-05-100,18K,5,10,5.68,770.49,855.49,2.05,2340,1755,20,1.5,1.5,1.5
EON-MERID-TT-18,EON-MERID-TT-18-05-105,18K,5,10.5,5.78,782.03,867.03,2.05,2370,1777.5,20,1.5,1.5,1.5
EON-MERID-TT-18,EON-MERID-TT-18-05-110,18K,5,11,5.87,792.41,877.41,2.05,2400,1800,20,1.5,1.5,1.5
EON-MERID-TT-18,EON-MERID-TT-18-05-115,18K,5,11.5,5.96,802.79,887.79,2.05,2430,1822.5,20,1.5,1.5,1.5
EON-MERID-TT-18,EON-MERID-TT-18-05-120,18K,5,12,6.05,813.17,898.17,2.05,2455,1841.25,20,1.5,1.5,1.5
EON-MERID-TT-18,EON-MERID-TT-18-05-125,18K,5,12.5,6.15,824.7,909.7,2.05,2490,1867.5,20,1.5,1.5,1.5
EON-MERID-TT-18,EON-MERID-TT-18-05-130,18K,5,13,6.24,835.08,920.08,2.05,2515,1886.25,20,1.5,1.5,1.5
EON-MERID-TT-18,EON-MERID-TT-18-06-030,18K,6,3,5.17,711.67,796.67,2.05,2180,1635,20,1.5,1.5,1.5
EON-MERID-TT-18,EON-MERID-TT-18-06-035,18K,6,3.5,5.29,725.51,810.51,2.05,2220,1665,20,1.5,1.5,1.5
EON-MERID-TT-18,EON-MERID-TT-18-06-040,18K,6,4,5.4,738.2,823.2,2.05,2255,1691.25,20,1.5,1.5,1.5
EON-MERID-TT-18,EON-MERID-TT-18-06-045,18K,6,4.5,5.52,752.04,837.04,2.05,2290,1717.5,20,1.5,1.5,1.5
EON-MERID-TT-18,EON-MERID-TT-18-06-050,18K,6,5,5.63,764.72,849.72,2.05,2325,1743.75,20,1.5,1.5,1.5
EON-MERID-TT-18,EON-MERID-TT-18-06-055,18K,6,5.5,5.75,778.57,863.57,2.05,2365,1773.75,20,1.5,1.5,1.5
EON-MERID-TT-18,EON-MERID-TT-18-06-060,18K,6,6,5.86,791.25,876.25,2.05,2400,1800,20,1.5,1.5,1.5
EON-MERID-TT-18,EON-MERID-TT-18-06-065,18K,6,6.5,5.97,803.94,888.94,2.05,2430,1822.5,20,1.5,1.5,1.5
EON-MERID-TT-18,EON-MERID-TT-18-06-070,18K,6,7,6.08,816.63,901.63,2.05,2465,1848.75,20,1.5,1.5,1.5
EON-MERID-TT-18,EON-MERID-TT-18-06-075,18K,6,7.5,6.2,830.47,915.47,2.05,2505,1878.75,20,1.5,1.5,1.5
EON-MERID-TT-18,EON-MERID-TT-18-06-080,18K,6,8,6.31,843.16,928.16,2.05,2540,1905,20,1.5,1.5,1.5
EON-MERID-TT-18,EON-MERID-TT-18-06-085,18K,6,8.5,6.42,855.85,940.85,2.05,2575,1931.25,20,1.5,1.5,1.5
EON-MERID-TT-18,EON-MERID-TT-18-06-090,18K,6,9,6.53,868.53,953.53,2.05,2610,1957.5,20,1.5,1.5,1.5
EON-MERID-TT-18,EON-MERID-TT-18-06-095,18K,6,9.5,6.65,882.37,967.37,2.05,2645,1983.75,20,1.5,1.5,1.5
EON-MERID-TT-18,EON-MERID-TT-18-06-100,18K,6,10,6.76,895.06,980.06,2.05,2680,2010,20,1.5,1.5,1.5
EON-MERID-TT-18,EON-MERID-TT-18-06-105,18K,6,10.5,6.87,907.75,992.75,2.05,2715,2036.25,20,1.5,1.5,1.5
EON-MERID-TT-18,EON-MERID-TT-18-06-110,18K,6,11,6.98,920.44,1005.44,2.05,2750,2062.5,20,1.5,1.5,1.5
EON-MERID-TT-18,EON-MERID-TT-18-06-115,18K,6,11.5,7.1,934.28,1019.28,2.05,2790,2092.5,20,1.5,1.5,1.5
EON-MERID-TT-18,EON-MERID-TT-18-06-120,18K,6,12,7.21,946.97,1031.97,2.05,2825,2118.75,20,1.5,1.5,1.5
EON-MERID-TT-18,EON-MERID-TT-18-06-125,18K,6,12.5,7.33,960.81,1045.81,2.05,2860,2145,20,1.5,1.5,1.5
EON-MERID-TT-18,EON-MERID-TT-18-06-130,18K,6,13,7.44,973.5,1058.5,2.05,2895,2171.25,20,1.5,1.5,1.5
EON-MERID-TT-18,EON-MERID-TT-18-07-030,18K,7,3,5.62,763.57,848.57,2.05,2320,1740,20,1.5,1.5,1.5
EON-MERID-TT-18,EON-MERID-TT-18-07-035,18K,7,3.5,5.75,778.57,863.57,2.05,2365,1773.75,20,1.5,1.5,1.5
EON-MERID-TT-18,EON-MERID-TT-18-07-040,18K,7,4,5.88,793.56,878.56,2.05,2405,1803.75,20,1.5,1.5,1.5
EON-MERID-TT-18,EON-MERID-TT-18-07-045,18K,7,4.5,6.01,808.56,893.56,2.05,2445,1833.75,20,1.5,1.5,1.5
EON-MERID-TT-18,EON-MERID-TT-18-07-050,18K,7,5,6.14,823.55,908.55,2.05,2485,1863.75,20,1.5,1.5,1.5
EON-MERID-TT-18,EON-MERID-TT-18-07-055,18K,7,5.5,6.28,839.7,924.7,2.05,2530,1897.5,20,1.5,1.5,1.5
EON-MERID-TT-18,EON-MERID-TT-18-07-060,18K,7,6,6.41,854.69,939.69,2.05,2570,1927.5,20,1.5,1.5,1.5
EON-MERID-TT-18,EON-MERID-TT-18-07-065,18K,7,6.5,6.55,870.84,955.84,2.05,2615,1961.25,20,1.5,1.5,1.5
EON-MERID-TT-18,EON-MERID-TT-18-07-070,18K,7,7,6.68,885.83,970.83,2.05,2655,1991.25,20,1.5,1.5,1.5
EON-MERID-TT-18,EON-MERID-TT-18-07-075,18K,7,7.5,6.82,901.98,986.98,2.05,2700,2025,20,1.5,1.5,1.5
EON-MERID-TT-18,EON-MERID-TT-18-07-080,18K,7,8,6.95,916.98,1001.98,2.05,2740,2055,20,1.5,1.5,1.5
EON-MERID-TT-18,EON-MERID-TT-18-07-085,18K,7,8.5,7.08,931.97,1016.97,2.05,2780,2085,20,1.5,1.5,1.5
EON-MERID-TT-18,EON-MERID-TT-18-07-090,18K,7,9,7.21,946.97,1031.97,2.05,2825,2118.75,20,1.5,1.5,1.5
EON-MERID-TT-18,EON-MERID-TT-18-07-095,18K,7,9.5,7.35,963.11,1048.11,2.05,2865,2148.75,20,1.5,1.5,1.5
EON-MERID-TT-18,EON-MERID-TT-18-07-100,18K,7,10,7.48,978.11,1063.11,2.05,2910,2182.5,20,1.5,1.5,1.5
EON-MERID-TT-18,EON-MERID-TT-18-07-105,18K,7,10.5,7.62,994.26,1079.26,2.05,2950,2212.5,20,1.5,1.5,1.5
EON-MERID-TT-18,EON-MERID-TT-18-07-110,18K,7,11,7.75,1009.25,1094.25,2.05,2995,2246.25,20,1.5,1.5,1.5
EON-MERID-TT-18,EON-MERID-TT-18-07-115,18K,7,11.5,7.89,1025.4,1110.4,2.05,3040,2280,20,1.5,1.5,1.5
EON-MERID-TT-18,EON-MERID-TT-18-07-120,18K,7,12,8.02,1040.39,1125.39,2.05,3080,2310,20,1.5,1.5,1.5
EON-MERID-TT-18,EON-MERID-TT-18-07-125,18K,7,12.5,8.15,1055.39,1140.39,2.05,3120,2340,20,1.5,1.5,1.5
EON-MERID-TT-18,EON-MERID-TT-18-07-130,18K,7,13,8.28,1070.38,1155.38,2.05,3160,2370,20,1.5,1.5,1.5
