listing_sku,sku,karat,width,ring_size,grams,list_usd,sale_usd_at_25pct,labor_usd,landed_usd
EON-SIERA-Y,EON-SIERA-Y-10-03-030,10K,3 mm,US 3,2.02,970,727.5,130,353.67
EON-SIERA-Y,EON-SIERA-Y-10-03-035,10K,3 mm,US 3.5,2.08,980,735,130,357.52
EON-SIERA-Y,EON-SIERA-Y-10-03-040,10K,3 mm,US 4,2.13,990,742.5,130,360.73
EON-SIERA-Y,EON-SIERA-Y-10-03-045,10K,3 mm,US 4.5,2.18,995,746.25,130,363.94
EON-SIERA-Y,EON-SIERA-Y-10-03-050,10K,3 mm,US 5,2.23,1005,753.75,130,367.14
EON-SIERA-Y,EON-SIERA-Y-10-03-055,10K,3 mm,US 5.5,2.28,1015,761.25,130,370.35
EON-SIERA-Y,EON-SIERA-Y-10-03-060,10K,3 mm,US 6,2.33,1025,768.75,130,373.56
EON-SIERA-Y,EON-SIERA-Y-10-03-065,10K,3 mm,US 6.5,2.39,1035,776.25,130,377.4
EON-SIERA-Y,EON-SIERA-Y-10-03-070,10K,3 mm,US 7,2.44,1045,783.75,130,380.61
EON-SIERA-Y,EON-SIERA-Y-10-03-075,10K,3 mm,US 7.5,2.49,1050,787.5,130,383.82
EON-SIERA-Y,EON-SIERA-Y-10-03-080,10K,3 mm,US 8,2.54,1060,795,130,387.02
EON-SIERA-Y,EON-SIERA-Y-10-03-085,10K,3 mm,US 8.5,2.59,1070,802.5,130,390.23
EON-SIERA-Y,EON-SIERA-Y-10-03-090,10K,3 mm,US 9,2.64,1080,810,130,393.44
EON-SIERA-Y,EON-SIERA-Y-10-03-095,10K,3 mm,US 9.5,2.7,1090,817.5,130,397.28
EON-SIERA-Y,EON-SIERA-Y-10-03-100,10K,3 mm,US 10,2.75,1095,821.25,130,400.49
EON-SIERA-Y,EON-SIERA-Y-10-03-105,10K,3 mm,US 10.5,2.8,1105,828.75,130,403.7
EON-SIERA-Y,EON-SIERA-Y-10-03-110,10K,3 mm,US 11,2.85,1115,836.25,130,406.9
EON-SIERA-Y,EON-SIERA-Y-10-03-115,10K,3 mm,US 11.5,2.9,1125,843.75,130,410.11
EON-SIERA-Y,EON-SIERA-Y-10-03-120,10K,3 mm,US 12,2.95,1130,847.5,130,413.32
EON-SIERA-Y,EON-SIERA-Y-10-03-125,10K,3 mm,US 12.5,3,1140,855,130,416.52
EON-SIERA-Y,EON-SIERA-Y-10-03-130,10K,3 mm,US 13,3.06,1150,862.5,130,420.37
EON-SIERA-Y,EON-SIERA-Y-10-04-030,10K,4 mm,US 3,2.71,1090,817.5,130,397.93
EON-SIERA-Y,EON-SIERA-Y-10-04-035,10K,4 mm,US 3.5,2.77,1100,825,130,401.77
EON-SIERA-Y,EON-SIERA-Y-10-04-040,10K,4 mm,US 4,2.84,1115,836.25,130,406.26
EON-SIERA-Y,EON-SIERA-Y-10-04-045,10K,4 mm,US 4.5,2.91,1125,843.75,130,410.75
EON-SIERA-Y,EON-SIERA-Y-10-04-050,10K,4 mm,US 5,2.98,1135,851.25,130,415.24
EON-SIERA-Y,EON-SIERA-Y-10-04-055,10K,4 mm,US 5.5,3.04,1150,862.5,130,419.09
EON-SIERA-Y,EON-SIERA-Y-10-04-060,10K,4 mm,US 6,3.11,1160,870,130,423.58
EON-SIERA-Y,EON-SIERA-Y-10-04-065,10K,4 mm,US 6.5,3.18,1175,881.25,130,428.07
EON-SIERA-Y,EON-SIERA-Y-10-04-070,10K,4 mm,US 7,3.26,1185,888.75,130,433.2
EON-SIERA-Y,EON-SIERA-Y-10-04-075,10K,4 mm,US 7.5,3.32,1195,896.25,130,437.04
EON-SIERA-Y,EON-SIERA-Y-10-04-080,10K,4 mm,US 8,3.39,1210,907.5,130,441.53
EON-SIERA-Y,EON-SIERA-Y-10-04-085,10K,4 mm,US 8.5,3.46,1220,915,130,446.02
EON-SIERA-Y,EON-SIERA-Y-10-04-090,10K,4 mm,US 9,3.52,1230,922.5,130,449.87
EON-SIERA-Y,EON-SIERA-Y-10-04-095,10K,4 mm,US 9.5,3.59,1245,933.75,130,454.36
EON-SIERA-Y,EON-SIERA-Y-10-04-100,10K,4 mm,US 10,3.66,1255,941.25,130,458.85
EON-SIERA-Y,EON-SIERA-Y-10-04-105,10K,4 mm,US 10.5,3.73,1270,952.5,130,463.34
EON-SIERA-Y,EON-SIERA-Y-10-04-110,10K,4 mm,US 11,3.8,1280,960,130,467.83
EON-SIERA-Y,EON-SIERA-Y-10-04-115,10K,4 mm,US 11.5,3.87,1295,971.25,130,472.32
EON-SIERA-Y,EON-SIERA-Y-10-04-120,10K,4 mm,US 12,3.94,1305,978.75,130,476.81
EON-SIERA-Y,EON-SIERA-Y-10-04-125,10K,4 mm,US 12.5,4.01,1320,990,130,481.3
EON-SIERA-Y,EON-SIERA-Y-10-04-130,10K,4 mm,US 13,4.07,1330,997.5,130,485.14
EON-SIERA-Y,EON-SIERA-Y-10-05-030,10K,5 mm,US 3,3.37,1205,903.75,130,440.25
EON-SIERA-Y,EON-SIERA-Y-10-05-035,10K,5 mm,US 3.5,3.46,1220,915,130,446.02
EON-SIERA-Y,EON-SIERA-Y-10-05-040,10K,5 mm,US 4,3.55,1235,926.25,130,451.79
EON-SIERA-Y,EON-SIERA-Y-10-05-045,10K,5 mm,US 4.5,3.64,1255,941.25,130,457.57
EON-SIERA-Y,EON-SIERA-Y-10-05-050,10K,5 mm,US 5,3.72,1265,948.75,130,462.7
EON-SIERA-Y,EON-SIERA-Y-10-05-055,10K,5 mm,US 5.5,3.81,1285,963.75,130,468.47
EON-SIERA-Y,EON-SIERA-Y-10-05-060,10K,5 mm,US 6,3.89,1295,971.25,130,473.6
EON-SIERA-Y,EON-SIERA-Y-10-05-065,10K,5 mm,US 6.5,3.98,1315,986.25,130,479.37
EON-SIERA-Y,EON-SIERA-Y-10-05-070,10K,5 mm,US 7,4.06,1325,993.75,130,484.5
EON-SIERA-Y,EON-SIERA-Y-10-05-075,10K,5 mm,US 7.5,4.15,1345,1008.75,130,490.27
EON-SIERA-Y,EON-SIERA-Y-10-05-080,10K,5 mm,US 8,4.23,1355,1016.25,130,495.4
EON-SIERA-Y,EON-SIERA-Y-10-05-085,10K,5 mm,US 8.5,4.32,1370,1027.5,130,501.18
EON-SIERA-Y,EON-SIERA-Y-10-05-090,10K,5 mm,US 9,4.41,1390,1042.5,130,506.95
EON-SIERA-Y,EON-SIERA-Y-10-05-095,10K,5 mm,US 9.5,4.49,1400,1050,130,512.08
EON-SIERA-Y,EON-SIERA-Y-10-05-100,10K,5 mm,US 10,4.58,1420,1065,130,517.85
EON-SIERA-Y,EON-SIERA-Y-10-05-105,10K,5 mm,US 10.5,4.66,1430,1072.5,130,522.98
EON-SIERA-Y,EON-SIERA-Y-10-05-110,10K,5 mm,US 11,4.75,1450,1087.5,130,528.75
EON-SIERA-Y,EON-SIERA-Y-10-05-115,10K,5 mm,US 11.5,4.83,1460,1095,130,533.88
EON-SIERA-Y,EON-SIERA-Y-10-05-120,10K,5 mm,US 12,4.92,1480,1110,130,539.65
EON-SIERA-Y,EON-SIERA-Y-10-05-125,10K,5 mm,US 12.5,5.01,1495,1121.25,130,545.43
EON-SIERA-Y,EON-SIERA-Y-10-05-130,10K,5 mm,US 13,5.09,1505,1128.75,130,550.56
EON-SIERA-Y,EON-SIERA-Y-10-06-030,10K,6 mm,US 3,4.07,1330,997.5,130,485.14
EON-SIERA-Y,EON-SIERA-Y-10-06-035,10K,6 mm,US 3.5,4.16,1345,1008.75,130,490.91
EON-SIERA-Y,EON-SIERA-Y-10-06-040,10K,6 mm,US 4,4.26,1360,1020,130,497.33
EON-SIERA-Y,EON-SIERA-Y-10-06-045,10K,6 mm,US 4.5,4.36,1380,1035,130,503.74
EON-SIERA-Y,EON-SIERA-Y-10-06-050,10K,6 mm,US 5,4.46,1395,1046.25,130,510.15
EON-SIERA-Y,EON-SIERA-Y-10-06-055,10K,6 mm,US 5.5,4.56,1415,1061.25,130,516.57
EON-SIERA-Y,EON-SIERA-Y-10-06-060,10K,6 mm,US 6,4.67,1435,1076.25,130,523.62
EON-SIERA-Y,EON-SIERA-Y-10-06-065,10K,6 mm,US 6.5,4.77,1450,1087.5,130,530.03
EON-SIERA-Y,EON-SIERA-Y-10-06-070,10K,6 mm,US 7,4.87,1470,1102.5,130,536.45
EON-SIERA-Y,EON-SIERA-Y-10-06-075,10K,6 mm,US 7.5,4.98,1490,1117.5,130,543.5
EON-SIERA-Y,EON-SIERA-Y-10-06-080,10K,6 mm,US 8,5.08,1505,1128.75,130,549.91
EON-SIERA-Y,EON-SIERA-Y-10-06-085,10K,6 mm,US 8.5,5.18,1525,1143.75,130,556.33
EON-SIERA-Y,EON-SIERA-Y-10-06-090,10K,6 mm,US 9,5.29,1540,1155,130,563.38
EON-SIERA-Y,EON-SIERA-Y-10-06-095,10K,6 mm,US 9.5,5.39,1560,1170,130,569.8
EON-SIERA-Y,EON-SIERA-Y-10-06-100,10K,6 mm,US 10,5.49,1575,1181.25,130,576.21
EON-SIERA-Y,EON-SIERA-Y-10-06-105,10K,6 mm,US 10.5,5.6,1595,1196.25,130,583.26
EON-SIERA-Y,EON-SIERA-Y-10-06-110,10K,6 mm,US 11,5.7,1615,1211.25,130,589.68
EON-SIERA-Y,EON-SIERA-Y-10-06-115,10K,6 mm,US 11.5,5.8,1630,1222.5,130,596.09
EON-SIERA-Y,EON-SIERA-Y-10-06-120,10K,6 mm,US 12,5.91,1650,1237.5,130,603.14
EON-SIERA-Y,EON-SIERA-Y-10-06-125,10K,6 mm,US 12.5,6.01,1670,1252.5,130,609.56
EON-SIERA-Y,EON-SIERA-Y-10-06-130,10K,6 mm,US 13,6.11,1685,1263.75,130,615.97
EON-SIERA-Y,EON-SIERA-Y-10-07-030,10K,7 mm,US 3,4.73,1445,1083.75,130,527.47
EON-SIERA-Y,EON-SIERA-Y-10-07-035,10K,7 mm,US 3.5,4.85,1465,1098.75,130,535.16
EON-SIERA-Y,EON-SIERA-Y-10-07-040,10K,7 mm,US 4,4.97,1485,1113.75,130,542.86
EON-SIERA-Y,EON-SIERA-Y-10-07-045,10K,7 mm,US 4.5,5.09,1505,1128.75,130,550.56
EON-SIERA-Y,EON-SIERA-Y-10-07-050,10K,7 mm,US 5,5.21,1530,1147.5,130,558.25
EON-SIERA-Y,EON-SIERA-Y-10-07-055,10K,7 mm,US 5.5,5.33,1550,1162.5,130,565.95
EON-SIERA-Y,EON-SIERA-Y-10-07-060,10K,7 mm,US 6,5.45,1570,1177.5,130,573.64
EON-SIERA-Y,EON-SIERA-Y-10-07-065,10K,7 mm,US 6.5,5.57,1590,1192.5,130,581.34
EON-SIERA-Y,EON-SIERA-Y-10-07-070,10K,7 mm,US 7,5.69,1615,1211.25,130,589.03
EON-SIERA-Y,EON-SIERA-Y-10-07-075,10K,7 mm,US 7.5,5.81,1635,1226.25,130,596.73
EON-SIERA-Y,EON-SIERA-Y-10-07-080,10K,7 mm,US 8,5.93,1655,1241.25,130,604.43
EON-SIERA-Y,EON-SIERA-Y-10-07-085,10K,7 mm,US 8.5,6.05,1675,1256.25,130,612.12
EON-SIERA-Y,EON-SIERA-Y-10-07-090,10K,7 mm,US 9,6.17,1695,1271.25,130,619.82
EON-SIERA-Y,EON-SIERA-Y-10-07-095,10K,7 mm,US 9.5,6.29,1720,1290,130,627.51
EON-SIERA-Y,EON-SIERA-Y-10-07-100,10K,7 mm,US 10,6.41,1740,1305,130,635.21
EON-SIERA-Y,EON-SIERA-Y-10-07-105,10K,7 mm,US 10.5,6.53,1760,1320,130,642.9
EON-SIERA-Y,EON-SIERA-Y-10-07-110,10K,7 mm,US 11,6.65,1780,1335,130,650.6
EON-SIERA-Y,EON-SIERA-Y-10-07-115,10K,7 mm,US 11.5,6.77,1800,1350,130,658.3
EON-SIERA-Y,EON-SIERA-Y-10-07-120,10K,7 mm,US 12,6.89,1825,1368.75,130,665.99
EON-SIERA-Y,EON-SIERA-Y-10-07-125,10K,7 mm,US 12.5,7.01,1845,1383.75,130,673.69
EON-SIERA-Y,EON-SIERA-Y-10-07-130,10K,7 mm,US 13,7.13,1865,1398.75,130,681.38
EON-SIERA-Y,EON-SIERA-Y-10-08-030,10K,8 mm,US 3,5.4,1675,1256.25,130,570.44
EON-SIERA-Y,EON-SIERA-Y-10-08-035,10K,8 mm,US 3.5,5.54,1700,1275,130,579.42
EON-SIERA-Y,EON-SIERA-Y-10-08-040,10K,8 mm,US 4,5.68,1730,1297.5,130,588.39
EON-SIERA-Y,EON-SIERA-Y-10-08-045,10K,8 mm,US 4.5,5.81,1755,1316.25,130,596.73
EON-SIERA-Y,EON-SIERA-Y-10-08-050,10K,8 mm,US 5,5.95,1780,1335,130,605.71
EON-SIERA-Y,EON-SIERA-Y-10-08-055,10K,8 mm,US 5.5,6.09,1805,1353.75,130,614.69
EON-SIERA-Y,EON-SIERA-Y-10-08-060,10K,8 mm,US 6,6.22,1830,1372.5,130,623.02
EON-SIERA-Y,EON-SIERA-Y-10-08-065,10K,8 mm,US 6.5,6.36,1855,1391.25,130,632
EON-SIERA-Y,EON-SIERA-Y-10-08-070,10K,8 mm,US 7,6.5,1885,1413.75,130,640.98
EON-SIERA-Y,EON-SIERA-Y-10-08-075,10K,8 mm,US 7.5,6.64,1910,1432.5,130,649.96
EON-SIERA-Y,EON-SIERA-Y-10-08-080,10K,8 mm,US 8,6.78,1935,1451.25,130,658.94
EON-SIERA-Y,EON-SIERA-Y-10-08-085,10K,8 mm,US 8.5,6.91,1960,1470,130,667.27
EON-SIERA-Y,EON-SIERA-Y-10-08-090,10K,8 mm,US 9,7.05,1985,1488.75,130,676.25
EON-SIERA-Y,EON-SIERA-Y-10-08-095,10K,8 mm,US 9.5,7.19,2015,1511.25,130,685.23
EON-SIERA-Y,EON-SIERA-Y-10-08-100,10K,8 mm,US 10,7.33,2040,1530,130,694.21
EON-SIERA-Y,EON-SIERA-Y-10-08-105,10K,8 mm,US 10.5,7.46,2065,1548.75,130,702.55
EON-SIERA-Y,EON-SIERA-Y-10-08-110,10K,8 mm,US 11,7.59,2090,1567.5,130,710.88
EON-SIERA-Y,EON-SIERA-Y-10-08-115,10K,8 mm,US 11.5,7.73,2115,1586.25,130,719.86
EON-SIERA-Y,EON-SIERA-Y-10-08-120,10K,8 mm,US 12,7.87,2140,1605,130,728.84
EON-SIERA-Y,EON-SIERA-Y-10-08-125,10K,8 mm,US 12.5,8.01,2165,1623.75,130,737.82
EON-SIERA-Y,EON-SIERA-Y-10-08-130,10K,8 mm,US 13,8.14,2190,1642.5,130,746.16
EON-SIERA-Y,EON-SIERA-Y-14-03-030,14K,3 mm,US 3,2.29,1250,937.5,130,455.99
EON-SIERA-Y,EON-SIERA-Y-14-03-035,14K,3 mm,US 3.5,2.36,1265,948.75,130,462.29
EON-SIERA-Y,EON-SIERA-Y-14-03-040,14K,3 mm,US 4,2.42,1280,960,130,467.69
EON-SIERA-Y,EON-SIERA-Y-14-03-045,14K,3 mm,US 4.5,2.48,1295,971.25,130,473.09
EON-SIERA-Y,EON-SIERA-Y-14-03-050,14K,3 mm,US 5,2.54,1310,982.5,130,478.49
EON-SIERA-Y,EON-SIERA-Y-14-03-055,14K,3 mm,US 5.5,2.6,1325,993.75,130,483.88
EON-SIERA-Y,EON-SIERA-Y-14-03-060,14K,3 mm,US 6,2.66,1340,1005,130,489.28
EON-SIERA-Y,EON-SIERA-Y-14-03-065,14K,3 mm,US 6.5,2.71,1350,1012.5,130,493.78
EON-SIERA-Y,EON-SIERA-Y-14-03-070,14K,3 mm,US 7,2.77,1365,1023.75,130,499.18
EON-SIERA-Y,EON-SIERA-Y-14-03-075,14K,3 mm,US 7.5,2.83,1380,1035,130,504.58
EON-SIERA-Y,EON-SIERA-Y-14-03-080,14K,3 mm,US 8,2.89,1395,1046.25,130,509.97
EON-SIERA-Y,EON-SIERA-Y-14-03-085,14K,3 mm,US 8.5,2.95,1410,1057.5,130,515.37
EON-SIERA-Y,EON-SIERA-Y-14-03-090,14K,3 mm,US 9,3.01,1425,1068.75,130,520.77
EON-SIERA-Y,EON-SIERA-Y-14-03-095,14K,3 mm,US 9.5,3.06,1440,1080,130,525.27
EON-SIERA-Y,EON-SIERA-Y-14-03-100,14K,3 mm,US 10,3.12,1455,1091.25,130,530.67
EON-SIERA-Y,EON-SIERA-Y-14-03-105,14K,3 mm,US 10.5,3.18,1470,1102.5,130,536.06
EON-SIERA-Y,EON-SIERA-Y-14-03-110,14K,3 mm,US 11,3.23,1480,1110,130,540.56
EON-SIERA-Y,EON-SIERA-Y-14-03-115,14K,3 mm,US 11.5,3.3,1495,1121.25,130,546.86
EON-SIERA-Y,EON-SIERA-Y-14-03-120,14K,3 mm,US 12,3.36,1510,1132.5,130,552.26
EON-SIERA-Y,EON-SIERA-Y-14-03-125,14K,3 mm,US 12.5,3.41,1525,1143.75,130,556.76
EON-SIERA-Y,EON-SIERA-Y-14-03-130,14K,3 mm,US 13,3.47,1540,1155,130,562.16
EON-SIERA-Y,EON-SIERA-Y-14-04-030,14K,4 mm,US 3,3.07,1440,1080,130,526.17
EON-SIERA-Y,EON-SIERA-Y-14-04-035,14K,4 mm,US 3.5,3.15,1460,1095,130,533.37
EON-SIERA-Y,EON-SIERA-Y-14-04-040,14K,4 mm,US 4,3.23,1480,1110,130,540.56
EON-SIERA-Y,EON-SIERA-Y-14-04-045,14K,4 mm,US 4.5,3.3,1495,1121.25,130,546.86
EON-SIERA-Y,EON-SIERA-Y-14-04-050,14K,4 mm,US 5,3.38,1515,1136.25,130,554.06
EON-SIERA-Y,EON-SIERA-Y-14-04-055,14K,4 mm,US 5.5,3.46,1535,1151.25,130,561.26
EON-SIERA-Y,EON-SIERA-Y-14-04-060,14K,4 mm,US 6,3.54,1555,1166.25,130,568.45
EON-SIERA-Y,EON-SIERA-Y-14-04-065,14K,4 mm,US 6.5,3.61,1575,1181.25,130,574.75
EON-SIERA-Y,EON-SIERA-Y-14-04-070,14K,4 mm,US 7,3.69,1595,1196.25,130,581.95
EON-SIERA-Y,EON-SIERA-Y-14-04-075,14K,4 mm,US 7.5,3.77,1615,1211.25,130,589.15
EON-SIERA-Y,EON-SIERA-Y-14-04-080,14K,4 mm,US 8,3.85,1635,1226.25,130,596.34
EON-SIERA-Y,EON-SIERA-Y-14-04-085,14K,4 mm,US 8.5,3.92,1650,1237.5,130,602.64
EON-SIERA-Y,EON-SIERA-Y-14-04-090,14K,4 mm,US 9,4,1670,1252.5,130,609.84
EON-SIERA-Y,EON-SIERA-Y-14-04-095,14K,4 mm,US 9.5,4.08,1690,1267.5,130,617.04
EON-SIERA-Y,EON-SIERA-Y-14-04-100,14K,4 mm,US 10,4.16,1710,1282.5,130,624.23
EON-SIERA-Y,EON-SIERA-Y-14-04-105,14K,4 mm,US 10.5,4.24,1730,1297.5,130,631.43
EON-SIERA-Y,EON-SIERA-Y-14-04-110,14K,4 mm,US 11,4.32,1750,1312.5,130,638.63
EON-SIERA-Y,EON-SIERA-Y-14-04-115,14K,4 mm,US 11.5,4.4,1770,1327.5,130,645.83
EON-SIERA-Y,EON-SIERA-Y-14-04-120,14K,4 mm,US 12,4.48,1785,1338.75,130,653.02
EON-SIERA-Y,EON-SIERA-Y-14-04-125,14K,4 mm,US 12.5,4.55,1805,1353.75,130,659.32
EON-SIERA-Y,EON-SIERA-Y-14-04-130,14K,4 mm,US 13,4.63,1825,1368.75,130,666.52
EON-SIERA-Y,EON-SIERA-Y-14-05-030,14K,5 mm,US 3,3.86,1635,1226.25,130,597.24
EON-SIERA-Y,EON-SIERA-Y-14-05-035,14K,5 mm,US 3.5,3.95,1655,1241.25,130,605.34
EON-SIERA-Y,EON-SIERA-Y-14-05-040,14K,5 mm,US 4,4.04,1680,1260,130,613.44
EON-SIERA-Y,EON-SIERA-Y-14-05-045,14K,5 mm,US 4.5,4.12,1700,1275,130,620.63
EON-SIERA-Y,EON-SIERA-Y-14-05-050,14K,5 mm,US 5,4.21,1720,1290,130,628.73
EON-SIERA-Y,EON-SIERA-Y-14-05-055,14K,5 mm,US 5.5,4.32,1750,1312.5,130,638.63
EON-SIERA-Y,EON-SIERA-Y-14-05-060,14K,5 mm,US 6,4.42,1775,1331.25,130,647.62
EON-SIERA-Y,EON-SIERA-Y-14-05-065,14K,5 mm,US 6.5,4.52,1795,1346.25,130,656.62
EON-SIERA-Y,EON-SIERA-Y-14-05-070,14K,5 mm,US 7,4.61,1820,1365,130,664.72
EON-SIERA-Y,EON-SIERA-Y-14-05-075,14K,5 mm,US 7.5,4.71,1845,1383.75,130,673.72
EON-SIERA-Y,EON-SIERA-Y-14-05-080,14K,5 mm,US 8,4.81,1870,1402.5,130,682.71
EON-SIERA-Y,EON-SIERA-Y-14-05-085,14K,5 mm,US 8.5,4.91,1895,1421.25,130,691.71
EON-SIERA-Y,EON-SIERA-Y-14-05-090,14K,5 mm,US 9,5.01,1920,1440,130,700.71
EON-SIERA-Y,EON-SIERA-Y-14-05-095,14K,5 mm,US 9.5,5.11,1940,1455,130,709.7
EON-SIERA-Y,EON-SIERA-Y-14-05-100,14K,5 mm,US 10,5.2,1965,1473.75,130,717.8
EON-SIERA-Y,EON-SIERA-Y-14-05-105,14K,5 mm,US 10.5,5.3,1990,1492.5,130,726.8
EON-SIERA-Y,EON-SIERA-Y-14-05-110,14K,5 mm,US 11,5.4,2015,1511.25,130,735.79
EON-SIERA-Y,EON-SIERA-Y-14-05-115,14K,5 mm,US 11.5,5.5,2040,1530,130,744.79
EON-SIERA-Y,EON-SIERA-Y-14-05-120,14K,5 mm,US 12,5.6,2065,1548.75,130,753.79
EON-SIERA-Y,EON-SIERA-Y-14-05-125,14K,5 mm,US 12.5,5.69,2085,1563.75,130,761.88
EON-SIERA-Y,EON-SIERA-Y-14-05-130,14K,5 mm,US 13,5.78,2105,1578.75,130,769.98
EON-SIERA-Y,EON-SIERA-Y-14-06-030,14K,6 mm,US 3,4.62,1820,1365,130,665.62
EON-SIERA-Y,EON-SIERA-Y-14-06-035,14K,6 mm,US 3.5,4.73,1850,1387.5,130,675.51
EON-SIERA-Y,EON-SIERA-Y-14-06-040,14K,6 mm,US 4,4.84,1875,1406.25,130,685.41
EON-SIERA-Y,EON-SIERA-Y-14-06-045,14K,6 mm,US 4.5,4.96,1905,1428.75,130,696.21
EON-SIERA-Y,EON-SIERA-Y-14-06-050,14K,6 mm,US 5,5.07,1935,1451.25,130,706.1
EON-SIERA-Y,EON-SIERA-Y-14-06-055,14K,6 mm,US 5.5,5.19,1960,1470,130,716.9
EON-SIERA-Y,EON-SIERA-Y-14-06-060,14K,6 mm,US 6,5.31,1990,1492.5,130,727.7
EON-SIERA-Y,EON-SIERA-Y-14-06-065,14K,6 mm,US 6.5,5.42,2020,1515,130,737.59
EON-SIERA-Y,EON-SIERA-Y-14-06-070,14K,6 mm,US 7,5.54,2050,1537.5,130,748.39
EON-SIERA-Y,EON-SIERA-Y-14-06-075,14K,6 mm,US 7.5,5.66,2080,1560,130,759.18
EON-SIERA-Y,EON-SIERA-Y-14-06-080,14K,6 mm,US 8,5.78,2105,1578.75,130,769.98
EON-SIERA-Y,EON-SIERA-Y-14-06-085,14K,6 mm,US 8.5,5.89,2135,1601.25,130,779.88
EON-SIERA-Y,EON-SIERA-Y-14-06-090,14K,6 mm,US 9,6.01,2165,1623.75,130,790.67
EON-SIERA-Y,EON-SIERA-Y-14-06-095,14K,6 mm,US 9.5,6.13,2195,1646.25,130,801.47
EON-SIERA-Y,EON-SIERA-Y-14-06-100,14K,6 mm,US 10,6.24,2220,1665,130,811.37
EON-SIERA-Y,EON-SIERA-Y-14-06-105,14K,6 mm,US 10.5,6.36,2250,1687.5,130,822.16
EON-SIERA-Y,EON-SIERA-Y-14-06-110,14K,6 mm,US 11,6.48,2280,1710,130,832.96
EON-SIERA-Y,EON-SIERA-Y-14-06-115,14K,6 mm,US 11.5,6.59,2305,1728.75,130,842.85
EON-SIERA-Y,EON-SIERA-Y-14-06-120,14K,6 mm,US 12,6.71,2335,1751.25,130,853.65
EON-SIERA-Y,EON-SIERA-Y-14-06-125,14K,6 mm,US 12.5,6.82,2365,1773.75,130,863.55
EON-SIERA-Y,EON-SIERA-Y-14-06-130,14K,6 mm,US 13,6.94,2390,1792.5,130,874.34
EON-SIERA-Y,EON-SIERA-Y-14-07-030,14K,7 mm,US 3,5.37,2005,1503.75,130,733.09
EON-SIERA-Y,EON-SIERA-Y-14-07-035,14K,7 mm,US 3.5,5.51,2040,1530,130,745.69
EON-SIERA-Y,EON-SIERA-Y-14-07-040,14K,7 mm,US 4,5.64,2075,1556.25,130,757.38
EON-SIERA-Y,EON-SIERA-Y-14-07-045,14K,7 mm,US 4.5,5.78,2105,1578.75,130,769.98
EON-SIERA-Y,EON-SIERA-Y-14-07-050,14K,7 mm,US 5,5.92,2140,1605,130,782.58
EON-SIERA-Y,EON-SIERA-Y-14-07-055,14K,7 mm,US 5.5,6.06,2175,1631.25,130,795.17
EON-SIERA-Y,EON-SIERA-Y-14-07-060,14K,7 mm,US 6,6.19,2210,1657.5,130,806.87
EON-SIERA-Y,EON-SIERA-Y-14-07-065,14K,7 mm,US 6.5,6.33,2240,1680,130,819.46
EON-SIERA-Y,EON-SIERA-Y-14-07-070,14K,7 mm,US 7,6.46,2275,1706.25,130,831.16
EON-SIERA-Y,EON-SIERA-Y-14-07-075,14K,7 mm,US 7.5,6.6,2310,1732.5,130,843.75
EON-SIERA-Y,EON-SIERA-Y-14-07-080,14K,7 mm,US 8,6.74,2345,1758.75,130,856.35
EON-SIERA-Y,EON-SIERA-Y-14-07-085,14K,7 mm,US 8.5,6.87,2375,1781.25,130,868.05
EON-SIERA-Y,EON-SIERA-Y-14-07-090,14K,7 mm,US 9,7.01,2410,1807.5,130,880.64
EON-SIERA-Y,EON-SIERA-Y-14-07-095,14K,7 mm,US 9.5,7.15,2445,1833.75,130,893.24
EON-SIERA-Y,EON-SIERA-Y-14-07-100,14K,7 mm,US 10,7.29,2480,1860,130,905.83
EON-SIERA-Y,EON-SIERA-Y-14-07-105,14K,7 mm,US 10.5,7.42,2510,1882.5,130,917.53
EON-SIERA-Y,EON-SIERA-Y-14-07-110,14K,7 mm,US 11,7.56,2545,1908.75,130,930.12
EON-SIERA-Y,EON-SIERA-Y-14-07-115,14K,7 mm,US 11.5,7.69,2575,1931.25,130,941.82
EON-SIERA-Y,EON-SIERA-Y-14-07-120,14K,7 mm,US 12,7.82,2610,1957.5,130,953.51
EON-SIERA-Y,EON-SIERA-Y-14-07-125,14K,7 mm,US 12.5,7.96,2645,1983.75,130,966.11
EON-SIERA-Y,EON-SIERA-Y-14-07-130,14K,7 mm,US 13,8.1,2680,2010,130,978.71
EON-SIERA-Y,EON-SIERA-Y-14-08-030,14K,8 mm,US 3,6.14,2355,1766.25,130,802.37
EON-SIERA-Y,EON-SIERA-Y-14-08-035,14K,8 mm,US 3.5,6.3,2400,1800,130,816.76
EON-SIERA-Y,EON-SIERA-Y-14-08-040,14K,8 mm,US 4,6.45,2440,1830,130,830.26
EON-SIERA-Y,EON-SIERA-Y-14-08-045,14K,8 mm,US 4.5,6.61,2480,1860,130,844.65
EON-SIERA-Y,EON-SIERA-Y-14-08-050,14K,8 mm,US 5,6.76,2520,1890,130,858.15
EON-SIERA-Y,EON-SIERA-Y-14-08-055,14K,8 mm,US 5.5,6.92,2560,1920,130,872.54
EON-SIERA-Y,EON-SIERA-Y-14-08-060,14K,8 mm,US 6,7.07,2600,1950,130,886.04
EON-SIERA-Y,EON-SIERA-Y-14-08-065,14K,8 mm,US 6.5,7.23,2645,1983.75,130,900.43
EON-SIERA-Y,EON-SIERA-Y-14-08-070,14K,8 mm,US 7,7.39,2685,2013.75,130,914.83
EON-SIERA-Y,EON-SIERA-Y-14-08-075,14K,8 mm,US 7.5,7.55,2730,2047.5,130,929.22
EON-SIERA-Y,EON-SIERA-Y-14-08-080,14K,8 mm,US 8,7.7,2770,2077.5,130,942.72
EON-SIERA-Y,EON-SIERA-Y-14-08-085,14K,8 mm,US 8.5,7.86,2810,2107.5,130,957.11
EON-SIERA-Y,EON-SIERA-Y-14-08-090,14K,8 mm,US 9,8.01,2850,2137.5,130,970.61
EON-SIERA-Y,EON-SIERA-Y-14-08-095,14K,8 mm,US 9.5,8.17,2890,2167.5,130,985
EON-SIERA-Y,EON-SIERA-Y-14-08-100,14K,8 mm,US 10,8.32,2930,2197.5,130,998.5
EON-SIERA-Y,EON-SIERA-Y-14-08-105,14K,8 mm,US 10.5,8.48,2975,2231.25,130,1012.89
EON-SIERA-Y,EON-SIERA-Y-14-08-110,14K,8 mm,US 11,8.63,3015,2261.25,130,1026.39
EON-SIERA-Y,EON-SIERA-Y-14-08-115,14K,8 mm,US 11.5,8.79,3055,2291.25,130,1040.78
EON-SIERA-Y,EON-SIERA-Y-14-08-120,14K,8 mm,US 12,8.94,3095,2321.25,130,1054.28
EON-SIERA-Y,EON-SIERA-Y-14-08-125,14K,8 mm,US 12.5,9.1,3135,2351.25,130,1068.67
EON-SIERA-Y,EON-SIERA-Y-14-08-130,14K,8 mm,US 13,9.25,3175,2381.25,130,1082.17
EON-SIERA-Y,EON-SIERA-Y-18-03-030,18K,3 mm,US 3,2.64,1585,1188.75,130,579.85
EON-SIERA-Y,EON-SIERA-Y-18-03-035,18K,3 mm,US 3.5,2.71,1610,1207.5,130,587.92
EON-SIERA-Y,EON-SIERA-Y-18-03-040,18K,3 mm,US 4,2.77,1630,1222.5,130,594.84
EON-SIERA-Y,EON-SIERA-Y-18-03-045,18K,3 mm,US 4.5,2.84,1650,1237.5,130,602.92
EON-SIERA-Y,EON-SIERA-Y-18-03-050,18K,3 mm,US 5,2.9,1670,1252.5,130,609.84
EON-SIERA-Y,EON-SIERA-Y-18-03-055,18K,3 mm,US 5.5,2.96,1690,1267.5,130,616.76
EON-SIERA-Y,EON-SIERA-Y-18-03-060,18K,3 mm,US 6,3.03,1710,1282.5,130,624.83
EON-SIERA-Y,EON-SIERA-Y-18-03-065,18K,3 mm,US 6.5,3.09,1730,1297.5,130,631.75
EON-SIERA-Y,EON-SIERA-Y-18-03-070,18K,3 mm,US 7,3.16,1750,1312.5,130,639.83
EON-SIERA-Y,EON-SIERA-Y-18-03-075,18K,3 mm,US 7.5,3.22,1770,1327.5,130,646.75
EON-SIERA-Y,EON-SIERA-Y-18-03-080,18K,3 mm,US 8,3.28,1790,1342.5,130,653.67
EON-SIERA-Y,EON-SIERA-Y-18-03-085,18K,3 mm,US 8.5,3.35,1810,1357.5,130,661.74
EON-SIERA-Y,EON-SIERA-Y-18-03-090,18K,3 mm,US 9,3.41,1830,1372.5,130,668.66
EON-SIERA-Y,EON-SIERA-Y-18-03-095,18K,3 mm,US 9.5,3.48,1850,1387.5,130,676.74
EON-SIERA-Y,EON-SIERA-Y-18-03-100,18K,3 mm,US 10,3.54,1870,1402.5,130,683.66
EON-SIERA-Y,EON-SIERA-Y-18-03-105,18K,3 mm,US 10.5,3.6,1890,1417.5,130,690.58
EON-SIERA-Y,EON-SIERA-Y-18-03-110,18K,3 mm,US 11,3.67,1910,1432.5,130,698.65
EON-SIERA-Y,EON-SIERA-Y-18-03-115,18K,3 mm,US 11.5,3.73,1930,1447.5,130,705.57
EON-SIERA-Y,EON-SIERA-Y-18-03-120,18K,3 mm,US 12,3.8,1955,1466.25,130,713.65
EON-SIERA-Y,EON-SIERA-Y-18-03-125,18K,3 mm,US 12.5,3.86,1970,1477.5,130,720.57
EON-SIERA-Y,EON-SIERA-Y-18-03-130,18K,3 mm,US 13,3.92,1990,1492.5,130,727.49
EON-SIERA-Y,EON-SIERA-Y-18-04-030,18K,4 mm,US 3,3.61,1895,1421.25,130,691.73
EON-SIERA-Y,EON-SIERA-Y-18-04-035,18K,4 mm,US 3.5,3.68,1915,1436.25,130,699.81
EON-SIERA-Y,EON-SIERA-Y-18-04-040,18K,4 mm,US 4,3.76,1940,1455,130,709.03
EON-SIERA-Y,EON-SIERA-Y-18-04-045,18K,4 mm,US 4.5,3.83,1965,1473.75,130,717.11
EON-SIERA-Y,EON-SIERA-Y-18-04-050,18K,4 mm,US 5,3.91,1990,1492.5,130,726.33
EON-SIERA-Y,EON-SIERA-Y-18-04-055,18K,4 mm,US 5.5,3.98,2010,1507.5,130,734.41
EON-SIERA-Y,EON-SIERA-Y-18-04-060,18K,4 mm,US 6,4.06,2035,1526.25,130,743.64
EON-SIERA-Y,EON-SIERA-Y-18-04-065,18K,4 mm,US 6.5,4.14,2060,1545,130,752.86
EON-SIERA-Y,EON-SIERA-Y-18-04-070,18K,4 mm,US 7,4.22,2085,1563.75,130,762.09
EON-SIERA-Y,EON-SIERA-Y-18-04-075,18K,4 mm,US 7.5,4.3,2110,1582.5,130,771.32
EON-SIERA-Y,EON-SIERA-Y-18-04-080,18K,4 mm,US 8,4.38,2135,1601.25,130,780.55
EON-SIERA-Y,EON-SIERA-Y-18-04-085,18K,4 mm,US 8.5,4.45,2160,1620,130,788.62
EON-SIERA-Y,EON-SIERA-Y-18-04-090,18K,4 mm,US 9,4.53,2185,1638.75,130,797.85
EON-SIERA-Y,EON-SIERA-Y-18-04-095,18K,4 mm,US 9.5,4.61,2210,1657.5,130,807.07
EON-SIERA-Y,EON-SIERA-Y-18-04-100,18K,4 mm,US 10,4.68,2230,1672.5,130,815.15
EON-SIERA-Y,EON-SIERA-Y-18-04-105,18K,4 mm,US 10.5,4.76,2255,1691.25,130,824.38
EON-SIERA-Y,EON-SIERA-Y-18-04-110,18K,4 mm,US 11,4.84,2280,1710,130,833.6
EON-SIERA-Y,EON-SIERA-Y-18-04-115,18K,4 mm,US 11.5,4.92,2305,1728.75,130,842.83
EON-SIERA-Y,EON-SIERA-Y-18-04-120,18K,4 mm,US 12,5,2330,1747.5,130,852.06
EON-SIERA-Y,EON-SIERA-Y-18-04-125,18K,4 mm,US 12.5,5.07,2355,1766.25,130,860.13
EON-SIERA-Y,EON-SIERA-Y-18-04-130,18K,4 mm,US 13,5.15,2380,1785,130,869.36
EON-SIERA-Y,EON-SIERA-Y-18-05-030,18K,5 mm,US 3,4.58,2200,1650,130,803.61
EON-SIERA-Y,EON-SIERA-Y-18-05-035,18K,5 mm,US 3.5,4.68,2230,1672.5,130,815.15
EON-SIERA-Y,EON-SIERA-Y-18-05-040,18K,5 mm,US 4,4.78,2260,1695,130,826.68
EON-SIERA-Y,EON-SIERA-Y-18-05-045,18K,5 mm,US 4.5,4.87,2290,1717.5,130,837.06
EON-SIERA-Y,EON-SIERA-Y-18-05-050,18K,5 mm,US 5,4.97,2320,1740,130,848.6
EON-SIERA-Y,EON-SIERA-Y-18-05-055,18K,5 mm,US 5.5,5.07,2355,1766.25,130,860.13
EON-SIERA-Y,EON-SIERA-Y-18-05-060,18K,5 mm,US 6,5.16,2380,1785,130,870.51
EON-SIERA-Y,EON-SIERA-Y-18-05-065,18K,5 mm,US 6.5,5.26,2415,1811.25,130,882.05
EON-SIERA-Y,EON-SIERA-Y-18-05-070,18K,5 mm,US 7,5.36,2445,1833.75,130,893.58
EON-SIERA-Y,EON-SIERA-Y-18-05-075,18K,5 mm,US 7.5,5.45,2475,1856.25,130,903.96
EON-SIERA-Y,EON-SIERA-Y-18-05-080,18K,5 mm,US 8,5.55,2505,1878.75,130,915.5
EON-SIERA-Y,EON-SIERA-Y-18-05-085,18K,5 mm,US 8.5,5.65,2535,1901.25,130,927.03
EON-SIERA-Y,EON-SIERA-Y-18-05-090,18K,5 mm,US 9,5.76,2570,1927.5,130,939.72
EON-SIERA-Y,EON-SIERA-Y-18-05-095,18K,5 mm,US 9.5,5.85,2600,1950,130,950.1
EON-SIERA-Y,EON-SIERA-Y-18-05-100,18K,5 mm,US 10,5.94,2630,1972.5,130,960.48
EON-SIERA-Y,EON-SIERA-Y-18-05-105,18K,5 mm,US 10.5,6.04,2660,1995,130,972.02
EON-SIERA-Y,EON-SIERA-Y-18-05-110,18K,5 mm,US 11,6.14,2690,2017.5,130,983.55
EON-SIERA-Y,EON-SIERA-Y-18-05-115,18K,5 mm,US 11.5,6.24,2720,2040,130,995.08
EON-SIERA-Y,EON-SIERA-Y-18-05-120,18K,5 mm,US 12,6.33,2750,2062.5,130,1005.46
EON-SIERA-Y,EON-SIERA-Y-18-05-125,18K,5 mm,US 12.5,6.43,2780,2085,130,1017
EON-SIERA-Y,EON-SIERA-Y-18-05-130,18K,5 mm,US 13,6.53,2815,2111.25,130,1028.53
EON-SIERA-Y,EON-SIERA-Y-18-06-030,18K,6 mm,US 3,5.43,2465,1848.75,130,901.66
EON-SIERA-Y,EON-SIERA-Y-18-06-035,18K,6 mm,US 3.5,5.55,2505,1878.75,130,915.5
EON-SIERA-Y,EON-SIERA-Y-18-06-040,18K,6 mm,US 4,5.66,2540,1905,130,928.18
EON-SIERA-Y,EON-SIERA-Y-18-06-045,18K,6 mm,US 4.5,5.78,2575,1931.25,130,942.03
EON-SIERA-Y,EON-SIERA-Y-18-06-050,18K,6 mm,US 5,5.9,2615,1961.25,130,955.87
EON-SIERA-Y,EON-SIERA-Y-18-06-055,18K,6 mm,US 5.5,6.02,2655,1991.25,130,969.71
EON-SIERA-Y,EON-SIERA-Y-18-06-060,18K,6 mm,US 6,6.14,2690,2017.5,130,983.55
EON-SIERA-Y,EON-SIERA-Y-18-06-065,18K,6 mm,US 6.5,6.25,2725,2043.75,130,996.24
EON-SIERA-Y,EON-SIERA-Y-18-06-070,18K,6 mm,US 7,6.37,2765,2073.75,130,1010.08
EON-SIERA-Y,EON-SIERA-Y-18-06-075,18K,6 mm,US 7.5,6.49,2800,2100,130,1023.92
EON-SIERA-Y,EON-SIERA-Y-18-06-080,18K,6 mm,US 8,6.61,2840,2130,130,1037.76
EON-SIERA-Y,EON-SIERA-Y-18-06-085,18K,6 mm,US 8.5,6.72,2875,2156.25,130,1050.45
EON-SIERA-Y,EON-SIERA-Y-18-06-090,18K,6 mm,US 9,6.84,2910,2182.5,130,1064.29
EON-SIERA-Y,EON-SIERA-Y-18-06-095,18K,6 mm,US 9.5,6.95,2945,2208.75,130,1076.98
EON-SIERA-Y,EON-SIERA-Y-18-06-100,18K,6 mm,US 10,7.07,2985,2238.75,130,1090.82
EON-SIERA-Y,EON-SIERA-Y-18-06-105,18K,6 mm,US 10.5,7.19,3020,2265,130,1104.66
EON-SIERA-Y,EON-SIERA-Y-18-06-110,18K,6 mm,US 11,7.3,3055,2291.25,130,1117.35
EON-SIERA-Y,EON-SIERA-Y-18-06-115,18K,6 mm,US 11.5,7.42,3095,2321.25,130,1131.19
EON-SIERA-Y,EON-SIERA-Y-18-06-120,18K,6 mm,US 12,7.54,3130,2347.5,130,1145.03
EON-SIERA-Y,EON-SIERA-Y-18-06-125,18K,6 mm,US 12.5,7.66,3170,2377.5,130,1158.87
EON-SIERA-Y,EON-SIERA-Y-18-06-130,18K,6 mm,US 13,7.78,3210,2407.5,130,1172.71
EON-SIERA-Y,EON-SIERA-Y-18-07-030,18K,7 mm,US 3,5.93,2625,1968.75,130,959.33
EON-SIERA-Y,EON-SIERA-Y-18-07-035,18K,7 mm,US 3.5,6.07,2670,2002.5,130,975.48
EON-SIERA-Y,EON-SIERA-Y-18-07-040,18K,7 mm,US 4,6.21,2715,2036.25,130,991.62
EON-SIERA-Y,EON-SIERA-Y-18-07-045,18K,7 mm,US 4.5,6.35,2755,2066.25,130,1007.77
EON-SIERA-Y,EON-SIERA-Y-18-07-050,18K,7 mm,US 5,6.49,2800,2100,130,1023.92
EON-SIERA-Y,EON-SIERA-Y-18-07-055,18K,7 mm,US 5.5,6.63,2845,2133.75,130,1040.07
EON-SIERA-Y,EON-SIERA-Y-18-07-060,18K,7 mm,US 6,6.78,2895,2171.25,130,1057.37
EON-SIERA-Y,EON-SIERA-Y-18-07-065,18K,7 mm,US 6.5,6.92,2935,2201.25,130,1073.52
EON-SIERA-Y,EON-SIERA-Y-18-07-070,18K,7 mm,US 7,7.07,2985,2238.75,130,1090.82
EON-SIERA-Y,EON-SIERA-Y-18-07-075,18K,7 mm,US 7.5,7.21,3030,2272.5,130,1106.97
EON-SIERA-Y,EON-SIERA-Y-18-07-080,18K,7 mm,US 8,7.35,3070,2302.5,130,1123.11
EON-SIERA-Y,EON-SIERA-Y-18-07-085,18K,7 mm,US 8.5,7.49,3115,2336.25,130,1139.26
EON-SIERA-Y,EON-SIERA-Y-18-07-090,18K,7 mm,US 9,7.64,3165,2373.75,130,1156.56
EON-SIERA-Y,EON-SIERA-Y-18-07-095,18K,7 mm,US 9.5,7.78,3210,2407.5,130,1172.71
EON-SIERA-Y,EON-SIERA-Y-18-07-100,18K,7 mm,US 10,7.92,3250,2437.5,130,1188.86
EON-SIERA-Y,EON-SIERA-Y-18-07-105,18K,7 mm,US 10.5,8.07,3300,2475,130,1206.16
EON-SIERA-Y,EON-SIERA-Y-18-07-110,18K,7 mm,US 11,8.21,3345,2508.75,130,1222.31
EON-SIERA-Y,EON-SIERA-Y-18-07-115,18K,7 mm,US 11.5,8.35,3390,2542.5,130,1238.46
EON-SIERA-Y,EON-SIERA-Y-18-07-120,18K,7 mm,US 12,8.49,3430,2572.5,130,1254.61
EON-SIERA-Y,EON-SIERA-Y-18-07-125,18K,7 mm,US 12.5,8.63,3475,2606.25,130,1270.75
EON-SIERA-Y,EON-SIERA-Y-18-07-130,18K,7 mm,US 13,8.77,3520,2640,130,1286.9
EON-SIERA-Y,EON-SIERA-Y-18-08-030,18K,8 mm,US 3,6.52,3015,2261.25,130,1027.38
EON-SIERA-Y,EON-SIERA-Y-18-08-035,18K,8 mm,US 3.5,6.69,3075,2306.25,130,1046.99
EON-SIERA-Y,EON-SIERA-Y-18-08-040,18K,8 mm,US 4,6.85,3130,2347.5,130,1065.44
EON-SIERA-Y,EON-SIERA-Y-18-08-045,18K,8 mm,US 4.5,7.02,3185,2388.75,130,1085.05
EON-SIERA-Y,EON-SIERA-Y-18-08-050,18K,8 mm,US 5,7.19,3245,2433.75,130,1104.66
EON-SIERA-Y,EON-SIERA-Y-18-08-055,18K,8 mm,US 5.5,7.34,3295,2471.25,130,1121.96
EON-SIERA-Y,EON-SIERA-Y-18-08-060,18K,8 mm,US 6,7.5,3350,2512.5,130,1140.42
EON-SIERA-Y,EON-SIERA-Y-18-08-065,18K,8 mm,US 6.5,7.65,3400,2550,130,1157.72
EON-SIERA-Y,EON-SIERA-Y-18-08-070,18K,8 mm,US 7,7.79,3445,2583.75,130,1173.87
EON-SIERA-Y,EON-SIERA-Y-18-08-075,18K,8 mm,US 7.5,7.95,3500,2625,130,1192.32
EON-SIERA-Y,EON-SIERA-Y-18-08-080,18K,8 mm,US 8,8.11,3555,2666.25,130,1210.78
EON-SIERA-Y,EON-SIERA-Y-18-08-085,18K,8 mm,US 8.5,8.26,3605,2703.75,130,1228.08
EON-SIERA-Y,EON-SIERA-Y-18-08-090,18K,8 mm,US 9,8.41,3655,2741.25,130,1245.38
EON-SIERA-Y,EON-SIERA-Y-18-08-095,18K,8 mm,US 9.5,8.56,3705,2778.75,130,1262.68
EON-SIERA-Y,EON-SIERA-Y-18-08-100,18K,8 mm,US 10,8.72,3760,2820,130,1281.13
EON-SIERA-Y,EON-SIERA-Y-18-08-105,18K,8 mm,US 10.5,8.88,3815,2861.25,130,1299.59
EON-SIERA-Y,EON-SIERA-Y-18-08-110,18K,8 mm,US 11,9.03,3865,2898.75,130,1316.89
EON-SIERA-Y,EON-SIERA-Y-18-08-115,18K,8 mm,US 11.5,9.19,3920,2940,130,1335.35
EON-SIERA-Y,EON-SIERA-Y-18-08-120,18K,8 mm,US 12,9.35,3975,2981.25,130,1353.8
EON-SIERA-Y,EON-SIERA-Y-18-08-125,18K,8 mm,US 12.5,9.5,4025,3018.75,130,1371.1
EON-SIERA-Y,EON-SIERA-Y-18-08-130,18K,8 mm,US 13,9.65,4075,3056.25,130,1388.4
EON-SIERA-W,EON-SIERA-W-10-03-030,10K,3 mm,US 3,2.02,970,727.5,130,353.67
EON-SIERA-W,EON-SIERA-W-10-03-035,10K,3 mm,US 3.5,2.08,980,735,130,357.52
EON-SIERA-W,EON-SIERA-W-10-03-040,10K,3 mm,US 4,2.13,990,742.5,130,360.73
EON-SIERA-W,EON-SIERA-W-10-03-045,10K,3 mm,US 4.5,2.18,995,746.25,130,363.94
EON-SIERA-W,EON-SIERA-W-10-03-050,10K,3 mm,US 5,2.23,1005,753.75,130,367.14
EON-SIERA-W,EON-SIERA-W-10-03-055,10K,3 mm,US 5.5,2.28,1015,761.25,130,370.35
EON-SIERA-W,EON-SIERA-W-10-03-060,10K,3 mm,US 6,2.33,1025,768.75,130,373.56
EON-SIERA-W,EON-SIERA-W-10-03-065,10K,3 mm,US 6.5,2.39,1035,776.25,130,377.4
EON-SIERA-W,EON-SIERA-W-10-03-070,10K,3 mm,US 7,2.44,1045,783.75,130,380.61
EON-SIERA-W,EON-SIERA-W-10-03-075,10K,3 mm,US 7.5,2.49,1050,787.5,130,383.82
EON-SIERA-W,EON-SIERA-W-10-03-080,10K,3 mm,US 8,2.54,1060,795,130,387.02
EON-SIERA-W,EON-SIERA-W-10-03-085,10K,3 mm,US 8.5,2.59,1070,802.5,130,390.23
EON-SIERA-W,EON-SIERA-W-10-03-090,10K,3 mm,US 9,2.64,1080,810,130,393.44
EON-SIERA-W,EON-SIERA-W-10-03-095,10K,3 mm,US 9.5,2.7,1090,817.5,130,397.28
EON-SIERA-W,EON-SIERA-W-10-03-100,10K,3 mm,US 10,2.75,1095,821.25,130,400.49
EON-SIERA-W,EON-SIERA-W-10-03-105,10K,3 mm,US 10.5,2.8,1105,828.75,130,403.7
EON-SIERA-W,EON-SIERA-W-10-03-110,10K,3 mm,US 11,2.85,1115,836.25,130,406.9
EON-SIERA-W,EON-SIERA-W-10-03-115,10K,3 mm,US 11.5,2.9,1125,843.75,130,410.11
EON-SIERA-W,EON-SIERA-W-10-03-120,10K,3 mm,US 12,2.95,1130,847.5,130,413.32
EON-SIERA-W,EON-SIERA-W-10-03-125,10K,3 mm,US 12.5,3,1140,855,130,416.52
EON-SIERA-W,EON-SIERA-W-10-03-130,10K,3 mm,US 13,3.06,1150,862.5,130,420.37
EON-SIERA-W,EON-SIERA-W-10-04-030,10K,4 mm,US 3,2.71,1090,817.5,130,397.93
EON-SIERA-W,EON-SIERA-W-10-04-035,10K,4 mm,US 3.5,2.77,1100,825,130,401.77
EON-SIERA-W,EON-SIERA-W-10-04-040,10K,4 mm,US 4,2.84,1115,836.25,130,406.26
EON-SIERA-W,EON-SIERA-W-10-04-045,10K,4 mm,US 4.5,2.91,1125,843.75,130,410.75
EON-SIERA-W,EON-SIERA-W-10-04-050,10K,4 mm,US 5,2.98,1135,851.25,130,415.24
EON-SIERA-W,EON-SIERA-W-10-04-055,10K,4 mm,US 5.5,3.04,1150,862.5,130,419.09
EON-SIERA-W,EON-SIERA-W-10-04-060,10K,4 mm,US 6,3.11,1160,870,130,423.58
EON-SIERA-W,EON-SIERA-W-10-04-065,10K,4 mm,US 6.5,3.18,1175,881.25,130,428.07
EON-SIERA-W,EON-SIERA-W-10-04-070,10K,4 mm,US 7,3.26,1185,888.75,130,433.2
EON-SIERA-W,EON-SIERA-W-10-04-075,10K,4 mm,US 7.5,3.32,1195,896.25,130,437.04
EON-SIERA-W,EON-SIERA-W-10-04-080,10K,4 mm,US 8,3.39,1210,907.5,130,441.53
EON-SIERA-W,EON-SIERA-W-10-04-085,10K,4 mm,US 8.5,3.46,1220,915,130,446.02
EON-SIERA-W,EON-SIERA-W-10-04-090,10K,4 mm,US 9,3.52,1230,922.5,130,449.87
EON-SIERA-W,EON-SIERA-W-10-04-095,10K,4 mm,US 9.5,3.59,1245,933.75,130,454.36
EON-SIERA-W,EON-SIERA-W-10-04-100,10K,4 mm,US 10,3.66,1255,941.25,130,458.85
EON-SIERA-W,EON-SIERA-W-10-04-105,10K,4 mm,US 10.5,3.73,1270,952.5,130,463.34
EON-SIERA-W,EON-SIERA-W-10-04-110,10K,4 mm,US 11,3.8,1280,960,130,467.83
EON-SIERA-W,EON-SIERA-W-10-04-115,10K,4 mm,US 11.5,3.87,1295,971.25,130,472.32
EON-SIERA-W,EON-SIERA-W-10-04-120,10K,4 mm,US 12,3.94,1305,978.75,130,476.81
EON-SIERA-W,EON-SIERA-W-10-04-125,10K,4 mm,US 12.5,4.01,1320,990,130,481.3
EON-SIERA-W,EON-SIERA-W-10-04-130,10K,4 mm,US 13,4.07,1330,997.5,130,485.14
EON-SIERA-W,EON-SIERA-W-10-05-030,10K,5 mm,US 3,3.37,1205,903.75,130,440.25
EON-SIERA-W,EON-SIERA-W-10-05-035,10K,5 mm,US 3.5,3.46,1220,915,130,446.02
EON-SIERA-W,EON-SIERA-W-10-05-040,10K,5 mm,US 4,3.55,1235,926.25,130,451.79
EON-SIERA-W,EON-SIERA-W-10-05-045,10K,5 mm,US 4.5,3.64,1255,941.25,130,457.57
EON-SIERA-W,EON-SIERA-W-10-05-050,10K,5 mm,US 5,3.72,1265,948.75,130,462.7
EON-SIERA-W,EON-SIERA-W-10-05-055,10K,5 mm,US 5.5,3.81,1285,963.75,130,468.47
EON-SIERA-W,EON-SIERA-W-10-05-060,10K,5 mm,US 6,3.89,1295,971.25,130,473.6
EON-SIERA-W,EON-SIERA-W-10-05-065,10K,5 mm,US 6.5,3.98,1315,986.25,130,479.37
EON-SIERA-W,EON-SIERA-W-10-05-070,10K,5 mm,US 7,4.06,1325,993.75,130,484.5
EON-SIERA-W,EON-SIERA-W-10-05-075,10K,5 mm,US 7.5,4.15,1345,1008.75,130,490.27
EON-SIERA-W,EON-SIERA-W-10-05-080,10K,5 mm,US 8,4.23,1355,1016.25,130,495.4
EON-SIERA-W,EON-SIERA-W-10-05-085,10K,5 mm,US 8.5,4.32,1370,1027.5,130,501.18
EON-SIERA-W,EON-SIERA-W-10-05-090,10K,5 mm,US 9,4.41,1390,1042.5,130,506.95
EON-SIERA-W,EON-SIERA-W-10-05-095,10K,5 mm,US 9.5,4.49,1400,1050,130,512.08
EON-SIERA-W,EON-SIERA-W-10-05-100,10K,5 mm,US 10,4.58,1420,1065,130,517.85
EON-SIERA-W,EON-SIERA-W-10-05-105,10K,5 mm,US 10.5,4.66,1430,1072.5,130,522.98
EON-SIERA-W,EON-SIERA-W-10-05-110,10K,5 mm,US 11,4.75,1450,1087.5,130,528.75
EON-SIERA-W,EON-SIERA-W-10-05-115,10K,5 mm,US 11.5,4.83,1460,1095,130,533.88
EON-SIERA-W,EON-SIERA-W-10-05-120,10K,5 mm,US 12,4.92,1480,1110,130,539.65
EON-SIERA-W,EON-SIERA-W-10-05-125,10K,5 mm,US 12.5,5.01,1495,1121.25,130,545.43
EON-SIERA-W,EON-SIERA-W-10-05-130,10K,5 mm,US 13,5.09,1505,1128.75,130,550.56
EON-SIERA-W,EON-SIERA-W-10-06-030,10K,6 mm,US 3,4.07,1330,997.5,130,485.14
EON-SIERA-W,EON-SIERA-W-10-06-035,10K,6 mm,US 3.5,4.16,1345,1008.75,130,490.91
EON-SIERA-W,EON-SIERA-W-10-06-040,10K,6 mm,US 4,4.26,1360,1020,130,497.33
EON-SIERA-W,EON-SIERA-W-10-06-045,10K,6 mm,US 4.5,4.36,1380,1035,130,503.74
EON-SIERA-W,EON-SIERA-W-10-06-050,10K,6 mm,US 5,4.46,1395,1046.25,130,510.15
EON-SIERA-W,EON-SIERA-W-10-06-055,10K,6 mm,US 5.5,4.56,1415,1061.25,130,516.57
EON-SIERA-W,EON-SIERA-W-10-06-060,10K,6 mm,US 6,4.67,1435,1076.25,130,523.62
EON-SIERA-W,EON-SIERA-W-10-06-065,10K,6 mm,US 6.5,4.77,1450,1087.5,130,530.03
EON-SIERA-W,EON-SIERA-W-10-06-070,10K,6 mm,US 7,4.87,1470,1102.5,130,536.45
EON-SIERA-W,EON-SIERA-W-10-06-075,10K,6 mm,US 7.5,4.98,1490,1117.5,130,543.5
EON-SIERA-W,EON-SIERA-W-10-06-080,10K,6 mm,US 8,5.08,1505,1128.75,130,549.91
EON-SIERA-W,EON-SIERA-W-10-06-085,10K,6 mm,US 8.5,5.18,1525,1143.75,130,556.33
EON-SIERA-W,EON-SIERA-W-10-06-090,10K,6 mm,US 9,5.29,1540,1155,130,563.38
EON-SIERA-W,EON-SIERA-W-10-06-095,10K,6 mm,US 9.5,5.39,1560,1170,130,569.8
EON-SIERA-W,EON-SIERA-W-10-06-100,10K,6 mm,US 10,5.49,1575,1181.25,130,576.21
EON-SIERA-W,EON-SIERA-W-10-06-105,10K,6 mm,US 10.5,5.6,1595,1196.25,130,583.26
EON-SIERA-W,EON-SIERA-W-10-06-110,10K,6 mm,US 11,5.7,1615,1211.25,130,589.68
EON-SIERA-W,EON-SIERA-W-10-06-115,10K,6 mm,US 11.5,5.8,1630,1222.5,130,596.09
EON-SIERA-W,EON-SIERA-W-10-06-120,10K,6 mm,US 12,5.91,1650,1237.5,130,603.14
EON-SIERA-W,EON-SIERA-W-10-06-125,10K,6 mm,US 12.5,6.01,1670,1252.5,130,609.56
EON-SIERA-W,EON-SIERA-W-10-06-130,10K,6 mm,US 13,6.11,1685,1263.75,130,615.97
EON-SIERA-W,EON-SIERA-W-10-07-030,10K,7 mm,US 3,4.73,1445,1083.75,130,527.47
EON-SIERA-W,EON-SIERA-W-10-07-035,10K,7 mm,US 3.5,4.85,1465,1098.75,130,535.16
EON-SIERA-W,EON-SIERA-W-10-07-040,10K,7 mm,US 4,4.97,1485,1113.75,130,542.86
EON-SIERA-W,EON-SIERA-W-10-07-045,10K,7 mm,US 4.5,5.09,1505,1128.75,130,550.56
EON-SIERA-W,EON-SIERA-W-10-07-050,10K,7 mm,US 5,5.21,1530,1147.5,130,558.25
EON-SIERA-W,EON-SIERA-W-10-07-055,10K,7 mm,US 5.5,5.33,1550,1162.5,130,565.95
EON-SIERA-W,EON-SIERA-W-10-07-060,10K,7 mm,US 6,5.45,1570,1177.5,130,573.64
EON-SIERA-W,EON-SIERA-W-10-07-065,10K,7 mm,US 6.5,5.57,1590,1192.5,130,581.34
EON-SIERA-W,EON-SIERA-W-10-07-070,10K,7 mm,US 7,5.69,1615,1211.25,130,589.03
EON-SIERA-W,EON-SIERA-W-10-07-075,10K,7 mm,US 7.5,5.81,1635,1226.25,130,596.73
EON-SIERA-W,EON-SIERA-W-10-07-080,10K,7 mm,US 8,5.93,1655,1241.25,130,604.43
EON-SIERA-W,EON-SIERA-W-10-07-085,10K,7 mm,US 8.5,6.05,1675,1256.25,130,612.12
EON-SIERA-W,EON-SIERA-W-10-07-090,10K,7 mm,US 9,6.17,1695,1271.25,130,619.82
EON-SIERA-W,EON-SIERA-W-10-07-095,10K,7 mm,US 9.5,6.29,1720,1290,130,627.51
EON-SIERA-W,EON-SIERA-W-10-07-100,10K,7 mm,US 10,6.41,1740,1305,130,635.21
EON-SIERA-W,EON-SIERA-W-10-07-105,10K,7 mm,US 10.5,6.53,1760,1320,130,642.9
EON-SIERA-W,EON-SIERA-W-10-07-110,10K,7 mm,US 11,6.65,1780,1335,130,650.6
EON-SIERA-W,EON-SIERA-W-10-07-115,10K,7 mm,US 11.5,6.77,1800,1350,130,658.3
EON-SIERA-W,EON-SIERA-W-10-07-120,10K,7 mm,US 12,6.89,1825,1368.75,130,665.99
EON-SIERA-W,EON-SIERA-W-10-07-125,10K,7 mm,US 12.5,7.01,1845,1383.75,130,673.69
EON-SIERA-W,EON-SIERA-W-10-07-130,10K,7 mm,US 13,7.13,1865,1398.75,130,681.38
EON-SIERA-W,EON-SIERA-W-10-08-030,10K,8 mm,US 3,5.4,1675,1256.25,130,570.44
EON-SIERA-W,EON-SIERA-W-10-08-035,10K,8 mm,US 3.5,5.54,1700,1275,130,579.42
EON-SIERA-W,EON-SIERA-W-10-08-040,10K,8 mm,US 4,5.68,1730,1297.5,130,588.39
EON-SIERA-W,EON-SIERA-W-10-08-045,10K,8 mm,US 4.5,5.81,1755,1316.25,130,596.73
EON-SIERA-W,EON-SIERA-W-10-08-050,10K,8 mm,US 5,5.95,1780,1335,130,605.71
EON-SIERA-W,EON-SIERA-W-10-08-055,10K,8 mm,US 5.5,6.09,1805,1353.75,130,614.69
EON-SIERA-W,EON-SIERA-W-10-08-060,10K,8 mm,US 6,6.22,1830,1372.5,130,623.02
EON-SIERA-W,EON-SIERA-W-10-08-065,10K,8 mm,US 6.5,6.36,1855,1391.25,130,632
EON-SIERA-W,EON-SIERA-W-10-08-070,10K,8 mm,US 7,6.5,1885,1413.75,130,640.98
EON-SIERA-W,EON-SIERA-W-10-08-075,10K,8 mm,US 7.5,6.64,1910,1432.5,130,649.96
EON-SIERA-W,EON-SIERA-W-10-08-080,10K,8 mm,US 8,6.78,1935,1451.25,130,658.94
EON-SIERA-W,EON-SIERA-W-10-08-085,10K,8 mm,US 8.5,6.91,1960,1470,130,667.27
EON-SIERA-W,EON-SIERA-W-10-08-090,10K,8 mm,US 9,7.05,1985,1488.75,130,676.25
EON-SIERA-W,EON-SIERA-W-10-08-095,10K,8 mm,US 9.5,7.19,2015,1511.25,130,685.23
EON-SIERA-W,EON-SIERA-W-10-08-100,10K,8 mm,US 10,7.33,2040,1530,130,694.21
EON-SIERA-W,EON-SIERA-W-10-08-105,10K,8 mm,US 10.5,7.46,2065,1548.75,130,702.55
EON-SIERA-W,EON-SIERA-W-10-08-110,10K,8 mm,US 11,7.59,2090,1567.5,130,710.88
EON-SIERA-W,EON-SIERA-W-10-08-115,10K,8 mm,US 11.5,7.73,2115,1586.25,130,719.86
EON-SIERA-W,EON-SIERA-W-10-08-120,10K,8 mm,US 12,7.87,2140,1605,130,728.84
EON-SIERA-W,EON-SIERA-W-10-08-125,10K,8 mm,US 12.5,8.01,2165,1623.75,130,737.82
EON-SIERA-W,EON-SIERA-W-10-08-130,10K,8 mm,US 13,8.14,2190,1642.5,130,746.16
EON-SIERA-W,EON-SIERA-W-14-03-030,14K,3 mm,US 3,2.29,1250,937.5,130,455.99
EON-SIERA-W,EON-SIERA-W-14-03-035,14K,3 mm,US 3.5,2.36,1265,948.75,130,462.29
EON-SIERA-W,EON-SIERA-W-14-03-040,14K,3 mm,US 4,2.42,1280,960,130,467.69
EON-SIERA-W,EON-SIERA-W-14-03-045,14K,3 mm,US 4.5,2.48,1295,971.25,130,473.09
EON-SIERA-W,EON-SIERA-W-14-03-050,14K,3 mm,US 5,2.54,1310,982.5,130,478.49
EON-SIERA-W,EON-SIERA-W-14-03-055,14K,3 mm,US 5.5,2.6,1325,993.75,130,483.88
EON-SIERA-W,EON-SIERA-W-14-03-060,14K,3 mm,US 6,2.66,1340,1005,130,489.28
EON-SIERA-W,EON-SIERA-W-14-03-065,14K,3 mm,US 6.5,2.71,1350,1012.5,130,493.78
EON-SIERA-W,EON-SIERA-W-14-03-070,14K,3 mm,US 7,2.77,1365,1023.75,130,499.18
EON-SIERA-W,EON-SIERA-W-14-03-075,14K,3 mm,US 7.5,2.83,1380,1035,130,504.58
EON-SIERA-W,EON-SIERA-W-14-03-080,14K,3 mm,US 8,2.89,1395,1046.25,130,509.97
EON-SIERA-W,EON-SIERA-W-14-03-085,14K,3 mm,US 8.5,2.95,1410,1057.5,130,515.37
EON-SIERA-W,EON-SIERA-W-14-03-090,14K,3 mm,US 9,3.01,1425,1068.75,130,520.77
EON-SIERA-W,EON-SIERA-W-14-03-095,14K,3 mm,US 9.5,3.06,1440,1080,130,525.27
EON-SIERA-W,EON-SIERA-W-14-03-100,14K,3 mm,US 10,3.12,1455,1091.25,130,530.67
EON-SIERA-W,EON-SIERA-W-14-03-105,14K,3 mm,US 10.5,3.18,1470,1102.5,130,536.06
EON-SIERA-W,EON-SIERA-W-14-03-110,14K,3 mm,US 11,3.23,1480,1110,130,540.56
EON-SIERA-W,EON-SIERA-W-14-03-115,14K,3 mm,US 11.5,3.3,1495,1121.25,130,546.86
EON-SIERA-W,EON-SIERA-W-14-03-120,14K,3 mm,US 12,3.36,1510,1132.5,130,552.26
EON-SIERA-W,EON-SIERA-W-14-03-125,14K,3 mm,US 12.5,3.41,1525,1143.75,130,556.76
EON-SIERA-W,EON-SIERA-W-14-03-130,14K,3 mm,US 13,3.47,1540,1155,130,562.16
EON-SIERA-W,EON-SIERA-W-14-04-030,14K,4 mm,US 3,3.07,1440,1080,130,526.17
EON-SIERA-W,EON-SIERA-W-14-04-035,14K,4 mm,US 3.5,3.15,1460,1095,130,533.37
EON-SIERA-W,EON-SIERA-W-14-04-040,14K,4 mm,US 4,3.23,1480,1110,130,540.56
EON-SIERA-W,EON-SIERA-W-14-04-045,14K,4 mm,US 4.5,3.3,1495,1121.25,130,546.86
EON-SIERA-W,EON-SIERA-W-14-04-050,14K,4 mm,US 5,3.38,1515,1136.25,130,554.06
EON-SIERA-W,EON-SIERA-W-14-04-055,14K,4 mm,US 5.5,3.46,1535,1151.25,130,561.26
EON-SIERA-W,EON-SIERA-W-14-04-060,14K,4 mm,US 6,3.54,1555,1166.25,130,568.45
EON-SIERA-W,EON-SIERA-W-14-04-065,14K,4 mm,US 6.5,3.61,1575,1181.25,130,574.75
EON-SIERA-W,EON-SIERA-W-14-04-070,14K,4 mm,US 7,3.69,1595,1196.25,130,581.95
EON-SIERA-W,EON-SIERA-W-14-04-075,14K,4 mm,US 7.5,3.77,1615,1211.25,130,589.15
EON-SIERA-W,EON-SIERA-W-14-04-080,14K,4 mm,US 8,3.85,1635,1226.25,130,596.34
EON-SIERA-W,EON-SIERA-W-14-04-085,14K,4 mm,US 8.5,3.92,1650,1237.5,130,602.64
EON-SIERA-W,EON-SIERA-W-14-04-090,14K,4 mm,US 9,4,1670,1252.5,130,609.84
EON-SIERA-W,EON-SIERA-W-14-04-095,14K,4 mm,US 9.5,4.08,1690,1267.5,130,617.04
EON-SIERA-W,EON-SIERA-W-14-04-100,14K,4 mm,US 10,4.16,1710,1282.5,130,624.23
EON-SIERA-W,EON-SIERA-W-14-04-105,14K,4 mm,US 10.5,4.24,1730,1297.5,130,631.43
EON-SIERA-W,EON-SIERA-W-14-04-110,14K,4 mm,US 11,4.32,1750,1312.5,130,638.63
EON-SIERA-W,EON-SIERA-W-14-04-115,14K,4 mm,US 11.5,4.4,1770,1327.5,130,645.83
EON-SIERA-W,EON-SIERA-W-14-04-120,14K,4 mm,US 12,4.48,1785,1338.75,130,653.02
EON-SIERA-W,EON-SIERA-W-14-04-125,14K,4 mm,US 12.5,4.55,1805,1353.75,130,659.32
EON-SIERA-W,EON-SIERA-W-14-04-130,14K,4 mm,US 13,4.63,1825,1368.75,130,666.52
EON-SIERA-W,EON-SIERA-W-14-05-030,14K,5 mm,US 3,3.86,1635,1226.25,130,597.24
EON-SIERA-W,EON-SIERA-W-14-05-035,14K,5 mm,US 3.5,3.95,1655,1241.25,130,605.34
EON-SIERA-W,EON-SIERA-W-14-05-040,14K,5 mm,US 4,4.04,1680,1260,130,613.44
EON-SIERA-W,EON-SIERA-W-14-05-045,14K,5 mm,US 4.5,4.12,1700,1275,130,620.63
EON-SIERA-W,EON-SIERA-W-14-05-050,14K,5 mm,US 5,4.21,1720,1290,130,628.73
EON-SIERA-W,EON-SIERA-W-14-05-055,14K,5 mm,US 5.5,4.32,1750,1312.5,130,638.63
EON-SIERA-W,EON-SIERA-W-14-05-060,14K,5 mm,US 6,4.42,1775,1331.25,130,647.62
EON-SIERA-W,EON-SIERA-W-14-05-065,14K,5 mm,US 6.5,4.52,1795,1346.25,130,656.62
EON-SIERA-W,EON-SIERA-W-14-05-070,14K,5 mm,US 7,4.61,1820,1365,130,664.72
EON-SIERA-W,EON-SIERA-W-14-05-075,14K,5 mm,US 7.5,4.71,1845,1383.75,130,673.72
EON-SIERA-W,EON-SIERA-W-14-05-080,14K,5 mm,US 8,4.81,1870,1402.5,130,682.71
EON-SIERA-W,EON-SIERA-W-14-05-085,14K,5 mm,US 8.5,4.91,1895,1421.25,130,691.71
EON-SIERA-W,EON-SIERA-W-14-05-090,14K,5 mm,US 9,5.01,1920,1440,130,700.71
EON-SIERA-W,EON-SIERA-W-14-05-095,14K,5 mm,US 9.5,5.11,1940,1455,130,709.7
EON-SIERA-W,EON-SIERA-W-14-05-100,14K,5 mm,US 10,5.2,1965,1473.75,130,717.8
EON-SIERA-W,EON-SIERA-W-14-05-105,14K,5 mm,US 10.5,5.3,1990,1492.5,130,726.8
EON-SIERA-W,EON-SIERA-W-14-05-110,14K,5 mm,US 11,5.4,2015,1511.25,130,735.79
EON-SIERA-W,EON-SIERA-W-14-05-115,14K,5 mm,US 11.5,5.5,2040,1530,130,744.79
EON-SIERA-W,EON-SIERA-W-14-05-120,14K,5 mm,US 12,5.6,2065,1548.75,130,753.79
EON-SIERA-W,EON-SIERA-W-14-05-125,14K,5 mm,US 12.5,5.69,2085,1563.75,130,761.88
EON-SIERA-W,EON-SIERA-W-14-05-130,14K,5 mm,US 13,5.78,2105,1578.75,130,769.98
EON-SIERA-W,EON-SIERA-W-14-06-030,14K,6 mm,US 3,4.62,1820,1365,130,665.62
EON-SIERA-W,EON-SIERA-W-14-06-035,14K,6 mm,US 3.5,4.73,1850,1387.5,130,675.51
EON-SIERA-W,EON-SIERA-W-14-06-040,14K,6 mm,US 4,4.84,1875,1406.25,130,685.41
EON-SIERA-W,EON-SIERA-W-14-06-045,14K,6 mm,US 4.5,4.96,1905,1428.75,130,696.21
EON-SIERA-W,EON-SIERA-W-14-06-050,14K,6 mm,US 5,5.07,1935,1451.25,130,706.1
EON-SIERA-W,EON-SIERA-W-14-06-055,14K,6 mm,US 5.5,5.19,1960,1470,130,716.9
EON-SIERA-W,EON-SIERA-W-14-06-060,14K,6 mm,US 6,5.31,1990,1492.5,130,727.7
EON-SIERA-W,EON-SIERA-W-14-06-065,14K,6 mm,US 6.5,5.42,2020,1515,130,737.59
EON-SIERA-W,EON-SIERA-W-14-06-070,14K,6 mm,US 7,5.54,2050,1537.5,130,748.39
EON-SIERA-W,EON-SIERA-W-14-06-075,14K,6 mm,US 7.5,5.66,2080,1560,130,759.18
EON-SIERA-W,EON-SIERA-W-14-06-080,14K,6 mm,US 8,5.78,2105,1578.75,130,769.98
EON-SIERA-W,EON-SIERA-W-14-06-085,14K,6 mm,US 8.5,5.89,2135,1601.25,130,779.88
EON-SIERA-W,EON-SIERA-W-14-06-090,14K,6 mm,US 9,6.01,2165,1623.75,130,790.67
EON-SIERA-W,EON-SIERA-W-14-06-095,14K,6 mm,US 9.5,6.13,2195,1646.25,130,801.47
EON-SIERA-W,EON-SIERA-W-14-06-100,14K,6 mm,US 10,6.24,2220,1665,130,811.37
EON-SIERA-W,EON-SIERA-W-14-06-105,14K,6 mm,US 10.5,6.36,2250,1687.5,130,822.16
EON-SIERA-W,EON-SIERA-W-14-06-110,14K,6 mm,US 11,6.48,2280,1710,130,832.96
EON-SIERA-W,EON-SIERA-W-14-06-115,14K,6 mm,US 11.5,6.59,2305,1728.75,130,842.85
EON-SIERA-W,EON-SIERA-W-14-06-120,14K,6 mm,US 12,6.71,2335,1751.25,130,853.65
EON-SIERA-W,EON-SIERA-W-14-06-125,14K,6 mm,US 12.5,6.82,2365,1773.75,130,863.55
EON-SIERA-W,EON-SIERA-W-14-06-130,14K,6 mm,US 13,6.94,2390,1792.5,130,874.34
EON-SIERA-W,EON-SIERA-W-14-07-030,14K,7 mm,US 3,5.37,2005,1503.75,130,733.09
EON-SIERA-W,EON-SIERA-W-14-07-035,14K,7 mm,US 3.5,5.51,2040,1530,130,745.69
EON-SIERA-W,EON-SIERA-W-14-07-040,14K,7 mm,US 4,5.64,2075,1556.25,130,757.38
EON-SIERA-W,EON-SIERA-W-14-07-045,14K,7 mm,US 4.5,5.78,2105,1578.75,130,769.98
EON-SIERA-W,EON-SIERA-W-14-07-050,14K,7 mm,US 5,5.92,2140,1605,130,782.58
EON-SIERA-W,EON-SIERA-W-14-07-055,14K,7 mm,US 5.5,6.06,2175,1631.25,130,795.17
EON-SIERA-W,EON-SIERA-W-14-07-060,14K,7 mm,US 6,6.19,2210,1657.5,130,806.87
EON-SIERA-W,EON-SIERA-W-14-07-065,14K,7 mm,US 6.5,6.33,2240,1680,130,819.46
EON-SIERA-W,EON-SIERA-W-14-07-070,14K,7 mm,US 7,6.46,2275,1706.25,130,831.16
EON-SIERA-W,EON-SIERA-W-14-07-075,14K,7 mm,US 7.5,6.6,2310,1732.5,130,843.75
EON-SIERA-W,EON-SIERA-W-14-07-080,14K,7 mm,US 8,6.74,2345,1758.75,130,856.35
EON-SIERA-W,EON-SIERA-W-14-07-085,14K,7 mm,US 8.5,6.87,2375,1781.25,130,868.05
EON-SIERA-W,EON-SIERA-W-14-07-090,14K,7 mm,US 9,7.01,2410,1807.5,130,880.64
EON-SIERA-W,EON-SIERA-W-14-07-095,14K,7 mm,US 9.5,7.15,2445,1833.75,130,893.24
EON-SIERA-W,EON-SIERA-W-14-07-100,14K,7 mm,US 10,7.29,2480,1860,130,905.83
EON-SIERA-W,EON-SIERA-W-14-07-105,14K,7 mm,US 10.5,7.42,2510,1882.5,130,917.53
EON-SIERA-W,EON-SIERA-W-14-07-110,14K,7 mm,US 11,7.56,2545,1908.75,130,930.12
EON-SIERA-W,EON-SIERA-W-14-07-115,14K,7 mm,US 11.5,7.69,2575,1931.25,130,941.82
EON-SIERA-W,EON-SIERA-W-14-07-120,14K,7 mm,US 12,7.82,2610,1957.5,130,953.51
EON-SIERA-W,EON-SIERA-W-14-07-125,14K,7 mm,US 12.5,7.96,2645,1983.75,130,966.11
EON-SIERA-W,EON-SIERA-W-14-07-130,14K,7 mm,US 13,8.1,2680,2010,130,978.71
EON-SIERA-W,EON-SIERA-W-14-08-030,14K,8 mm,US 3,6.14,2355,1766.25,130,802.37
EON-SIERA-W,EON-SIERA-W-14-08-035,14K,8 mm,US 3.5,6.3,2400,1800,130,816.76
EON-SIERA-W,EON-SIERA-W-14-08-040,14K,8 mm,US 4,6.45,2440,1830,130,830.26
EON-SIERA-W,EON-SIERA-W-14-08-045,14K,8 mm,US 4.5,6.61,2480,1860,130,844.65
EON-SIERA-W,EON-SIERA-W-14-08-050,14K,8 mm,US 5,6.76,2520,1890,130,858.15
EON-SIERA-W,EON-SIERA-W-14-08-055,14K,8 mm,US 5.5,6.92,2560,1920,130,872.54
EON-SIERA-W,EON-SIERA-W-14-08-060,14K,8 mm,US 6,7.07,2600,1950,130,886.04
EON-SIERA-W,EON-SIERA-W-14-08-065,14K,8 mm,US 6.5,7.23,2645,1983.75,130,900.43
EON-SIERA-W,EON-SIERA-W-14-08-070,14K,8 mm,US 7,7.39,2685,2013.75,130,914.83
EON-SIERA-W,EON-SIERA-W-14-08-075,14K,8 mm,US 7.5,7.55,2730,2047.5,130,929.22
EON-SIERA-W,EON-SIERA-W-14-08-080,14K,8 mm,US 8,7.7,2770,2077.5,130,942.72
EON-SIERA-W,EON-SIERA-W-14-08-085,14K,8 mm,US 8.5,7.86,2810,2107.5,130,957.11
EON-SIERA-W,EON-SIERA-W-14-08-090,14K,8 mm,US 9,8.01,2850,2137.5,130,970.61
EON-SIERA-W,EON-SIERA-W-14-08-095,14K,8 mm,US 9.5,8.17,2890,2167.5,130,985
EON-SIERA-W,EON-SIERA-W-14-08-100,14K,8 mm,US 10,8.32,2930,2197.5,130,998.5
EON-SIERA-W,EON-SIERA-W-14-08-105,14K,8 mm,US 10.5,8.48,2975,2231.25,130,1012.89
EON-SIERA-W,EON-SIERA-W-14-08-110,14K,8 mm,US 11,8.63,3015,2261.25,130,1026.39
EON-SIERA-W,EON-SIERA-W-14-08-115,14K,8 mm,US 11.5,8.79,3055,2291.25,130,1040.78
EON-SIERA-W,EON-SIERA-W-14-08-120,14K,8 mm,US 12,8.94,3095,2321.25,130,1054.28
EON-SIERA-W,EON-SIERA-W-14-08-125,14K,8 mm,US 12.5,9.1,3135,2351.25,130,1068.67
EON-SIERA-W,EON-SIERA-W-14-08-130,14K,8 mm,US 13,9.25,3175,2381.25,130,1082.17
EON-SIERA-W,EON-SIERA-W-18-03-030,18K,3 mm,US 3,2.64,1585,1188.75,130,579.85
EON-SIERA-W,EON-SIERA-W-18-03-035,18K,3 mm,US 3.5,2.71,1610,1207.5,130,587.92
EON-SIERA-W,EON-SIERA-W-18-03-040,18K,3 mm,US 4,2.77,1630,1222.5,130,594.84
EON-SIERA-W,EON-SIERA-W-18-03-045,18K,3 mm,US 4.5,2.84,1650,1237.5,130,602.92
EON-SIERA-W,EON-SIERA-W-18-03-050,18K,3 mm,US 5,2.9,1670,1252.5,130,609.84
EON-SIERA-W,EON-SIERA-W-18-03-055,18K,3 mm,US 5.5,2.96,1690,1267.5,130,616.76
EON-SIERA-W,EON-SIERA-W-18-03-060,18K,3 mm,US 6,3.03,1710,1282.5,130,624.83
EON-SIERA-W,EON-SIERA-W-18-03-065,18K,3 mm,US 6.5,3.09,1730,1297.5,130,631.75
EON-SIERA-W,EON-SIERA-W-18-03-070,18K,3 mm,US 7,3.16,1750,1312.5,130,639.83
EON-SIERA-W,EON-SIERA-W-18-03-075,18K,3 mm,US 7.5,3.22,1770,1327.5,130,646.75
EON-SIERA-W,EON-SIERA-W-18-03-080,18K,3 mm,US 8,3.28,1790,1342.5,130,653.67
EON-SIERA-W,EON-SIERA-W-18-03-085,18K,3 mm,US 8.5,3.35,1810,1357.5,130,661.74
EON-SIERA-W,EON-SIERA-W-18-03-090,18K,3 mm,US 9,3.41,1830,1372.5,130,668.66
EON-SIERA-W,EON-SIERA-W-18-03-095,18K,3 mm,US 9.5,3.48,1850,1387.5,130,676.74
EON-SIERA-W,EON-SIERA-W-18-03-100,18K,3 mm,US 10,3.54,1870,1402.5,130,683.66
EON-SIERA-W,EON-SIERA-W-18-03-105,18K,3 mm,US 10.5,3.6,1890,1417.5,130,690.58
EON-SIERA-W,EON-SIERA-W-18-03-110,18K,3 mm,US 11,3.67,1910,1432.5,130,698.65
EON-SIERA-W,EON-SIERA-W-18-03-115,18K,3 mm,US 11.5,3.73,1930,1447.5,130,705.57
EON-SIERA-W,EON-SIERA-W-18-03-120,18K,3 mm,US 12,3.8,1955,1466.25,130,713.65
EON-SIERA-W,EON-SIERA-W-18-03-125,18K,3 mm,US 12.5,3.86,1970,1477.5,130,720.57
EON-SIERA-W,EON-SIERA-W-18-03-130,18K,3 mm,US 13,3.92,1990,1492.5,130,727.49
EON-SIERA-W,EON-SIERA-W-18-04-030,18K,4 mm,US 3,3.61,1895,1421.25,130,691.73
EON-SIERA-W,EON-SIERA-W-18-04-035,18K,4 mm,US 3.5,3.68,1915,1436.25,130,699.81
EON-SIERA-W,EON-SIERA-W-18-04-040,18K,4 mm,US 4,3.76,1940,1455,130,709.03
EON-SIERA-W,EON-SIERA-W-18-04-045,18K,4 mm,US 4.5,3.83,1965,1473.75,130,717.11
EON-SIERA-W,EON-SIERA-W-18-04-050,18K,4 mm,US 5,3.91,1990,1492.5,130,726.33
EON-SIERA-W,EON-SIERA-W-18-04-055,18K,4 mm,US 5.5,3.98,2010,1507.5,130,734.41
EON-SIERA-W,EON-SIERA-W-18-04-060,18K,4 mm,US 6,4.06,2035,1526.25,130,743.64
EON-SIERA-W,EON-SIERA-W-18-04-065,18K,4 mm,US 6.5,4.14,2060,1545,130,752.86
EON-SIERA-W,EON-SIERA-W-18-04-070,18K,4 mm,US 7,4.22,2085,1563.75,130,762.09
EON-SIERA-W,EON-SIERA-W-18-04-075,18K,4 mm,US 7.5,4.3,2110,1582.5,130,771.32
EON-SIERA-W,EON-SIERA-W-18-04-080,18K,4 mm,US 8,4.38,2135,1601.25,130,780.55
EON-SIERA-W,EON-SIERA-W-18-04-085,18K,4 mm,US 8.5,4.45,2160,1620,130,788.62
EON-SIERA-W,EON-SIERA-W-18-04-090,18K,4 mm,US 9,4.53,2185,1638.75,130,797.85
EON-SIERA-W,EON-SIERA-W-18-04-095,18K,4 mm,US 9.5,4.61,2210,1657.5,130,807.07
EON-SIERA-W,EON-SIERA-W-18-04-100,18K,4 mm,US 10,4.68,2230,1672.5,130,815.15
EON-SIERA-W,EON-SIERA-W-18-04-105,18K,4 mm,US 10.5,4.76,2255,1691.25,130,824.38
EON-SIERA-W,EON-SIERA-W-18-04-110,18K,4 mm,US 11,4.84,2280,1710,130,833.6
EON-SIERA-W,EON-SIERA-W-18-04-115,18K,4 mm,US 11.5,4.92,2305,1728.75,130,842.83
EON-SIERA-W,EON-SIERA-W-18-04-120,18K,4 mm,US 12,5,2330,1747.5,130,852.06
EON-SIERA-W,EON-SIERA-W-18-04-125,18K,4 mm,US 12.5,5.07,2355,1766.25,130,860.13
EON-SIERA-W,EON-SIERA-W-18-04-130,18K,4 mm,US 13,5.15,2380,1785,130,869.36
EON-SIERA-W,EON-SIERA-W-18-05-030,18K,5 mm,US 3,4.58,2200,1650,130,803.61
EON-SIERA-W,EON-SIERA-W-18-05-035,18K,5 mm,US 3.5,4.68,2230,1672.5,130,815.15
EON-SIERA-W,EON-SIERA-W-18-05-040,18K,5 mm,US 4,4.78,2260,1695,130,826.68
EON-SIERA-W,EON-SIERA-W-18-05-045,18K,5 mm,US 4.5,4.87,2290,1717.5,130,837.06
EON-SIERA-W,EON-SIERA-W-18-05-050,18K,5 mm,US 5,4.97,2320,1740,130,848.6
EON-SIERA-W,EON-SIERA-W-18-05-055,18K,5 mm,US 5.5,5.07,2355,1766.25,130,860.13
EON-SIERA-W,EON-SIERA-W-18-05-060,18K,5 mm,US 6,5.16,2380,1785,130,870.51
EON-SIERA-W,EON-SIERA-W-18-05-065,18K,5 mm,US 6.5,5.26,2415,1811.25,130,882.05
EON-SIERA-W,EON-SIERA-W-18-05-070,18K,5 mm,US 7,5.36,2445,1833.75,130,893.58
EON-SIERA-W,EON-SIERA-W-18-05-075,18K,5 mm,US 7.5,5.45,2475,1856.25,130,903.96
EON-SIERA-W,EON-SIERA-W-18-05-080,18K,5 mm,US 8,5.55,2505,1878.75,130,915.5
EON-SIERA-W,EON-SIERA-W-18-05-085,18K,5 mm,US 8.5,5.65,2535,1901.25,130,927.03
EON-SIERA-W,EON-SIERA-W-18-05-090,18K,5 mm,US 9,5.76,2570,1927.5,130,939.72
EON-SIERA-W,EON-SIERA-W-18-05-095,18K,5 mm,US 9.5,5.85,2600,1950,130,950.1
EON-SIERA-W,EON-SIERA-W-18-05-100,18K,5 mm,US 10,5.94,2630,1972.5,130,960.48
EON-SIERA-W,EON-SIERA-W-18-05-105,18K,5 mm,US 10.5,6.04,2660,1995,130,972.02
EON-SIERA-W,EON-SIERA-W-18-05-110,18K,5 mm,US 11,6.14,2690,2017.5,130,983.55
EON-SIERA-W,EON-SIERA-W-18-05-115,18K,5 mm,US 11.5,6.24,2720,2040,130,995.08
EON-SIERA-W,EON-SIERA-W-18-05-120,18K,5 mm,US 12,6.33,2750,2062.5,130,1005.46
EON-SIERA-W,EON-SIERA-W-18-05-125,18K,5 mm,US 12.5,6.43,2780,2085,130,1017
EON-SIERA-W,EON-SIERA-W-18-05-130,18K,5 mm,US 13,6.53,2815,2111.25,130,1028.53
EON-SIERA-W,EON-SIERA-W-18-06-030,18K,6 mm,US 3,5.43,2465,1848.75,130,901.66
EON-SIERA-W,EON-SIERA-W-18-06-035,18K,6 mm,US 3.5,5.55,2505,1878.75,130,915.5
EON-SIERA-W,EON-SIERA-W-18-06-040,18K,6 mm,US 4,5.66,2540,1905,130,928.18
EON-SIERA-W,EON-SIERA-W-18-06-045,18K,6 mm,US 4.5,5.78,2575,1931.25,130,942.03
EON-SIERA-W,EON-SIERA-W-18-06-050,18K,6 mm,US 5,5.9,2615,1961.25,130,955.87
EON-SIERA-W,EON-SIERA-W-18-06-055,18K,6 mm,US 5.5,6.02,2655,1991.25,130,969.71
EON-SIERA-W,EON-SIERA-W-18-06-060,18K,6 mm,US 6,6.14,2690,2017.5,130,983.55
EON-SIERA-W,EON-SIERA-W-18-06-065,18K,6 mm,US 6.5,6.25,2725,2043.75,130,996.24
EON-SIERA-W,EON-SIERA-W-18-06-070,18K,6 mm,US 7,6.37,2765,2073.75,130,1010.08
EON-SIERA-W,EON-SIERA-W-18-06-075,18K,6 mm,US 7.5,6.49,2800,2100,130,1023.92
EON-SIERA-W,EON-SIERA-W-18-06-080,18K,6 mm,US 8,6.61,2840,2130,130,1037.76
EON-SIERA-W,EON-SIERA-W-18-06-085,18K,6 mm,US 8.5,6.72,2875,2156.25,130,1050.45
EON-SIERA-W,EON-SIERA-W-18-06-090,18K,6 mm,US 9,6.84,2910,2182.5,130,1064.29
EON-SIERA-W,EON-SIERA-W-18-06-095,18K,6 mm,US 9.5,6.95,2945,2208.75,130,1076.98
EON-SIERA-W,EON-SIERA-W-18-06-100,18K,6 mm,US 10,7.07,2985,2238.75,130,1090.82
EON-SIERA-W,EON-SIERA-W-18-06-105,18K,6 mm,US 10.5,7.19,3020,2265,130,1104.66
EON-SIERA-W,EON-SIERA-W-18-06-110,18K,6 mm,US 11,7.3,3055,2291.25,130,1117.35
EON-SIERA-W,EON-SIERA-W-18-06-115,18K,6 mm,US 11.5,7.42,3095,2321.25,130,1131.19
EON-SIERA-W,EON-SIERA-W-18-06-120,18K,6 mm,US 12,7.54,3130,2347.5,130,1145.03
EON-SIERA-W,EON-SIERA-W-18-06-125,18K,6 mm,US 12.5,7.66,3170,2377.5,130,1158.87
EON-SIERA-W,EON-SIERA-W-18-06-130,18K,6 mm,US 13,7.78,3210,2407.5,130,1172.71
EON-SIERA-W,EON-SIERA-W-18-07-030,18K,7 mm,US 3,5.93,2625,1968.75,130,959.33
EON-SIERA-W,EON-SIERA-W-18-07-035,18K,7 mm,US 3.5,6.07,2670,2002.5,130,975.48
EON-SIERA-W,EON-SIERA-W-18-07-040,18K,7 mm,US 4,6.21,2715,2036.25,130,991.62
EON-SIERA-W,EON-SIERA-W-18-07-045,18K,7 mm,US 4.5,6.35,2755,2066.25,130,1007.77
EON-SIERA-W,EON-SIERA-W-18-07-050,18K,7 mm,US 5,6.49,2800,2100,130,1023.92
EON-SIERA-W,EON-SIERA-W-18-07-055,18K,7 mm,US 5.5,6.63,2845,2133.75,130,1040.07
EON-SIERA-W,EON-SIERA-W-18-07-060,18K,7 mm,US 6,6.78,2895,2171.25,130,1057.37
EON-SIERA-W,EON-SIERA-W-18-07-065,18K,7 mm,US 6.5,6.92,2935,2201.25,130,1073.52
EON-SIERA-W,EON-SIERA-W-18-07-070,18K,7 mm,US 7,7.07,2985,2238.75,130,1090.82
EON-SIERA-W,EON-SIERA-W-18-07-075,18K,7 mm,US 7.5,7.21,3030,2272.5,130,1106.97
EON-SIERA-W,EON-SIERA-W-18-07-080,18K,7 mm,US 8,7.35,3070,2302.5,130,1123.11
EON-SIERA-W,EON-SIERA-W-18-07-085,18K,7 mm,US 8.5,7.49,3115,2336.25,130,1139.26
EON-SIERA-W,EON-SIERA-W-18-07-090,18K,7 mm,US 9,7.64,3165,2373.75,130,1156.56
EON-SIERA-W,EON-SIERA-W-18-07-095,18K,7 mm,US 9.5,7.78,3210,2407.5,130,1172.71
EON-SIERA-W,EON-SIERA-W-18-07-100,18K,7 mm,US 10,7.92,3250,2437.5,130,1188.86
EON-SIERA-W,EON-SIERA-W-18-07-105,18K,7 mm,US 10.5,8.07,3300,2475,130,1206.16
EON-SIERA-W,EON-SIERA-W-18-07-110,18K,7 mm,US 11,8.21,3345,2508.75,130,1222.31
EON-SIERA-W,EON-SIERA-W-18-07-115,18K,7 mm,US 11.5,8.35,3390,2542.5,130,1238.46
EON-SIERA-W,EON-SIERA-W-18-07-120,18K,7 mm,US 12,8.49,3430,2572.5,130,1254.61
EON-SIERA-W,EON-SIERA-W-18-07-125,18K,7 mm,US 12.5,8.63,3475,2606.25,130,1270.75
EON-SIERA-W,EON-SIERA-W-18-07-130,18K,7 mm,US 13,8.77,3520,2640,130,1286.9
EON-SIERA-W,EON-SIERA-W-18-08-030,18K,8 mm,US 3,6.52,3015,2261.25,130,1027.38
EON-SIERA-W,EON-SIERA-W-18-08-035,18K,8 mm,US 3.5,6.69,3075,2306.25,130,1046.99
EON-SIERA-W,EON-SIERA-W-18-08-040,18K,8 mm,US 4,6.85,3130,2347.5,130,1065.44
EON-SIERA-W,EON-SIERA-W-18-08-045,18K,8 mm,US 4.5,7.02,3185,2388.75,130,1085.05
EON-SIERA-W,EON-SIERA-W-18-08-050,18K,8 mm,US 5,7.19,3245,2433.75,130,1104.66
EON-SIERA-W,EON-SIERA-W-18-08-055,18K,8 mm,US 5.5,7.34,3295,2471.25,130,1121.96
EON-SIERA-W,EON-SIERA-W-18-08-060,18K,8 mm,US 6,7.5,3350,2512.5,130,1140.42
EON-SIERA-W,EON-SIERA-W-18-08-065,18K,8 mm,US 6.5,7.65,3400,2550,130,1157.72
EON-SIERA-W,EON-SIERA-W-18-08-070,18K,8 mm,US 7,7.79,3445,2583.75,130,1173.87
EON-SIERA-W,EON-SIERA-W-18-08-075,18K,8 mm,US 7.5,7.95,3500,2625,130,1192.32
EON-SIERA-W,EON-SIERA-W-18-08-080,18K,8 mm,US 8,8.11,3555,2666.25,130,1210.78
EON-SIERA-W,EON-SIERA-W-18-08-085,18K,8 mm,US 8.5,8.26,3605,2703.75,130,1228.08
EON-SIERA-W,EON-SIERA-W-18-08-090,18K,8 mm,US 9,8.41,3655,2741.25,130,1245.38
EON-SIERA-W,EON-SIERA-W-18-08-095,18K,8 mm,US 9.5,8.56,3705,2778.75,130,1262.68
EON-SIERA-W,EON-SIERA-W-18-08-100,18K,8 mm,US 10,8.72,3760,2820,130,1281.13
EON-SIERA-W,EON-SIERA-W-18-08-105,18K,8 mm,US 10.5,8.88,3815,2861.25,130,1299.59
EON-SIERA-W,EON-SIERA-W-18-08-110,18K,8 mm,US 11,9.03,3865,2898.75,130,1316.89
EON-SIERA-W,EON-SIERA-W-18-08-115,18K,8 mm,US 11.5,9.19,3920,2940,130,1335.35
EON-SIERA-W,EON-SIERA-W-18-08-120,18K,8 mm,US 12,9.35,3975,2981.25,130,1353.8
EON-SIERA-W,EON-SIERA-W-18-08-125,18K,8 mm,US 12.5,9.5,4025,3018.75,130,1371.1
EON-SIERA-W,EON-SIERA-W-18-08-130,18K,8 mm,US 13,9.65,4075,3056.25,130,1388.4
EON-SIERA-R,EON-SIERA-R-10-03-030,10K,3 mm,US 3,2.02,970,727.5,130,353.67
EON-SIERA-R,EON-SIERA-R-10-03-035,10K,3 mm,US 3.5,2.08,980,735,130,357.52
EON-SIERA-R,EON-SIERA-R-10-03-040,10K,3 mm,US 4,2.13,990,742.5,130,360.73
EON-SIERA-R,EON-SIERA-R-10-03-045,10K,3 mm,US 4.5,2.18,995,746.25,130,363.94
EON-SIERA-R,EON-SIERA-R-10-03-050,10K,3 mm,US 5,2.23,1005,753.75,130,367.14
EON-SIERA-R,EON-SIERA-R-10-03-055,10K,3 mm,US 5.5,2.28,1015,761.25,130,370.35
EON-SIERA-R,EON-SIERA-R-10-03-060,10K,3 mm,US 6,2.33,1025,768.75,130,373.56
EON-SIERA-R,EON-SIERA-R-10-03-065,10K,3 mm,US 6.5,2.39,1035,776.25,130,377.4
EON-SIERA-R,EON-SIERA-R-10-03-070,10K,3 mm,US 7,2.44,1045,783.75,130,380.61
EON-SIERA-R,EON-SIERA-R-10-03-075,10K,3 mm,US 7.5,2.49,1050,787.5,130,383.82
EON-SIERA-R,EON-SIERA-R-10-03-080,10K,3 mm,US 8,2.54,1060,795,130,387.02
EON-SIERA-R,EON-SIERA-R-10-03-085,10K,3 mm,US 8.5,2.59,1070,802.5,130,390.23
EON-SIERA-R,EON-SIERA-R-10-03-090,10K,3 mm,US 9,2.64,1080,810,130,393.44
EON-SIERA-R,EON-SIERA-R-10-03-095,10K,3 mm,US 9.5,2.7,1090,817.5,130,397.28
EON-SIERA-R,EON-SIERA-R-10-03-100,10K,3 mm,US 10,2.75,1095,821.25,130,400.49
EON-SIERA-R,EON-SIERA-R-10-03-105,10K,3 mm,US 10.5,2.8,1105,828.75,130,403.7
EON-SIERA-R,EON-SIERA-R-10-03-110,10K,3 mm,US 11,2.85,1115,836.25,130,406.9
EON-SIERA-R,EON-SIERA-R-10-03-115,10K,3 mm,US 11.5,2.9,1125,843.75,130,410.11
EON-SIERA-R,EON-SIERA-R-10-03-120,10K,3 mm,US 12,2.95,1130,847.5,130,413.32
EON-SIERA-R,EON-SIERA-R-10-03-125,10K,3 mm,US 12.5,3,1140,855,130,416.52
EON-SIERA-R,EON-SIERA-R-10-03-130,10K,3 mm,US 13,3.06,1150,862.5,130,420.37
EON-SIERA-R,EON-SIERA-R-10-04-030,10K,4 mm,US 3,2.71,1090,817.5,130,397.93
EON-SIERA-R,EON-SIERA-R-10-04-035,10K,4 mm,US 3.5,2.77,1100,825,130,401.77
EON-SIERA-R,EON-SIERA-R-10-04-040,10K,4 mm,US 4,2.84,1115,836.25,130,406.26
EON-SIERA-R,EON-SIERA-R-10-04-045,10K,4 mm,US 4.5,2.91,1125,843.75,130,410.75
EON-SIERA-R,EON-SIERA-R-10-04-050,10K,4 mm,US 5,2.98,1135,851.25,130,415.24
EON-SIERA-R,EON-SIERA-R-10-04-055,10K,4 mm,US 5.5,3.04,1150,862.5,130,419.09
EON-SIERA-R,EON-SIERA-R-10-04-060,10K,4 mm,US 6,3.11,1160,870,130,423.58
EON-SIERA-R,EON-SIERA-R-10-04-065,10K,4 mm,US 6.5,3.18,1175,881.25,130,428.07
EON-SIERA-R,EON-SIERA-R-10-04-070,10K,4 mm,US 7,3.26,1185,888.75,130,433.2
EON-SIERA-R,EON-SIERA-R-10-04-075,10K,4 mm,US 7.5,3.32,1195,896.25,130,437.04
EON-SIERA-R,EON-SIERA-R-10-04-080,10K,4 mm,US 8,3.39,1210,907.5,130,441.53
EON-SIERA-R,EON-SIERA-R-10-04-085,10K,4 mm,US 8.5,3.46,1220,915,130,446.02
EON-SIERA-R,EON-SIERA-R-10-04-090,10K,4 mm,US 9,3.52,1230,922.5,130,449.87
EON-SIERA-R,EON-SIERA-R-10-04-095,10K,4 mm,US 9.5,3.59,1245,933.75,130,454.36
EON-SIERA-R,EON-SIERA-R-10-04-100,10K,4 mm,US 10,3.66,1255,941.25,130,458.85
EON-SIERA-R,EON-SIERA-R-10-04-105,10K,4 mm,US 10.5,3.73,1270,952.5,130,463.34
EON-SIERA-R,EON-SIERA-R-10-04-110,10K,4 mm,US 11,3.8,1280,960,130,467.83
EON-SIERA-R,EON-SIERA-R-10-04-115,10K,4 mm,US 11.5,3.87,1295,971.25,130,472.32
EON-SIERA-R,EON-SIERA-R-10-04-120,10K,4 mm,US 12,3.94,1305,978.75,130,476.81
EON-SIERA-R,EON-SIERA-R-10-04-125,10K,4 mm,US 12.5,4.01,1320,990,130,481.3
EON-SIERA-R,EON-SIERA-R-10-04-130,10K,4 mm,US 13,4.07,1330,997.5,130,485.14
EON-SIERA-R,EON-SIERA-R-10-05-030,10K,5 mm,US 3,3.37,1205,903.75,130,440.25
EON-SIERA-R,EON-SIERA-R-10-05-035,10K,5 mm,US 3.5,3.46,1220,915,130,446.02
EON-SIERA-R,EON-SIERA-R-10-05-040,10K,5 mm,US 4,3.55,1235,926.25,130,451.79
EON-SIERA-R,EON-SIERA-R-10-05-045,10K,5 mm,US 4.5,3.64,1255,941.25,130,457.57
EON-SIERA-R,EON-SIERA-R-10-05-050,10K,5 mm,US 5,3.72,1265,948.75,130,462.7
EON-SIERA-R,EON-SIERA-R-10-05-055,10K,5 mm,US 5.5,3.81,1285,963.75,130,468.47
EON-SIERA-R,EON-SIERA-R-10-05-060,10K,5 mm,US 6,3.89,1295,971.25,130,473.6
EON-SIERA-R,EON-SIERA-R-10-05-065,10K,5 mm,US 6.5,3.98,1315,986.25,130,479.37
EON-SIERA-R,EON-SIERA-R-10-05-070,10K,5 mm,US 7,4.06,1325,993.75,130,484.5
EON-SIERA-R,EON-SIERA-R-10-05-075,10K,5 mm,US 7.5,4.15,1345,1008.75,130,490.27
EON-SIERA-R,EON-SIERA-R-10-05-080,10K,5 mm,US 8,4.23,1355,1016.25,130,495.4
EON-SIERA-R,EON-SIERA-R-10-05-085,10K,5 mm,US 8.5,4.32,1370,1027.5,130,501.18
EON-SIERA-R,EON-SIERA-R-10-05-090,10K,5 mm,US 9,4.41,1390,1042.5,130,506.95
EON-SIERA-R,EON-SIERA-R-10-05-095,10K,5 mm,US 9.5,4.49,1400,1050,130,512.08
EON-SIERA-R,EON-SIERA-R-10-05-100,10K,5 mm,US 10,4.58,1420,1065,130,517.85
EON-SIERA-R,EON-SIERA-R-10-05-105,10K,5 mm,US 10.5,4.66,1430,1072.5,130,522.98
EON-SIERA-R,EON-SIERA-R-10-05-110,10K,5 mm,US 11,4.75,1450,1087.5,130,528.75
EON-SIERA-R,EON-SIERA-R-10-05-115,10K,5 mm,US 11.5,4.83,1460,1095,130,533.88
EON-SIERA-R,EON-SIERA-R-10-05-120,10K,5 mm,US 12,4.92,1480,1110,130,539.65
EON-SIERA-R,EON-SIERA-R-10-05-125,10K,5 mm,US 12.5,5.01,1495,1121.25,130,545.43
EON-SIERA-R,EON-SIERA-R-10-05-130,10K,5 mm,US 13,5.09,1505,1128.75,130,550.56
EON-SIERA-R,EON-SIERA-R-10-06-030,10K,6 mm,US 3,4.07,1330,997.5,130,485.14
EON-SIERA-R,EON-SIERA-R-10-06-035,10K,6 mm,US 3.5,4.16,1345,1008.75,130,490.91
EON-SIERA-R,EON-SIERA-R-10-06-040,10K,6 mm,US 4,4.26,1360,1020,130,497.33
EON-SIERA-R,EON-SIERA-R-10-06-045,10K,6 mm,US 4.5,4.36,1380,1035,130,503.74
EON-SIERA-R,EON-SIERA-R-10-06-050,10K,6 mm,US 5,4.46,1395,1046.25,130,510.15
EON-SIERA-R,EON-SIERA-R-10-06-055,10K,6 mm,US 5.5,4.56,1415,1061.25,130,516.57
EON-SIERA-R,EON-SIERA-R-10-06-060,10K,6 mm,US 6,4.67,1435,1076.25,130,523.62
EON-SIERA-R,EON-SIERA-R-10-06-065,10K,6 mm,US 6.5,4.77,1450,1087.5,130,530.03
EON-SIERA-R,EON-SIERA-R-10-06-070,10K,6 mm,US 7,4.87,1470,1102.5,130,536.45
EON-SIERA-R,EON-SIERA-R-10-06-075,10K,6 mm,US 7.5,4.98,1490,1117.5,130,543.5
EON-SIERA-R,EON-SIERA-R-10-06-080,10K,6 mm,US 8,5.08,1505,1128.75,130,549.91
EON-SIERA-R,EON-SIERA-R-10-06-085,10K,6 mm,US 8.5,5.18,1525,1143.75,130,556.33
EON-SIERA-R,EON-SIERA-R-10-06-090,10K,6 mm,US 9,5.29,1540,1155,130,563.38
EON-SIERA-R,EON-SIERA-R-10-06-095,10K,6 mm,US 9.5,5.39,1560,1170,130,569.8
EON-SIERA-R,EON-SIERA-R-10-06-100,10K,6 mm,US 10,5.49,1575,1181.25,130,576.21
EON-SIERA-R,EON-SIERA-R-10-06-105,10K,6 mm,US 10.5,5.6,1595,1196.25,130,583.26
EON-SIERA-R,EON-SIERA-R-10-06-110,10K,6 mm,US 11,5.7,1615,1211.25,130,589.68
EON-SIERA-R,EON-SIERA-R-10-06-115,10K,6 mm,US 11.5,5.8,1630,1222.5,130,596.09
EON-SIERA-R,EON-SIERA-R-10-06-120,10K,6 mm,US 12,5.91,1650,1237.5,130,603.14
EON-SIERA-R,EON-SIERA-R-10-06-125,10K,6 mm,US 12.5,6.01,1670,1252.5,130,609.56
EON-SIERA-R,EON-SIERA-R-10-06-130,10K,6 mm,US 13,6.11,1685,1263.75,130,615.97
EON-SIERA-R,EON-SIERA-R-10-07-030,10K,7 mm,US 3,4.73,1445,1083.75,130,527.47
EON-SIERA-R,EON-SIERA-R-10-07-035,10K,7 mm,US 3.5,4.85,1465,1098.75,130,535.16
EON-SIERA-R,EON-SIERA-R-10-07-040,10K,7 mm,US 4,4.97,1485,1113.75,130,542.86
EON-SIERA-R,EON-SIERA-R-10-07-045,10K,7 mm,US 4.5,5.09,1505,1128.75,130,550.56
EON-SIERA-R,EON-SIERA-R-10-07-050,10K,7 mm,US 5,5.21,1530,1147.5,130,558.25
EON-SIERA-R,EON-SIERA-R-10-07-055,10K,7 mm,US 5.5,5.33,1550,1162.5,130,565.95
EON-SIERA-R,EON-SIERA-R-10-07-060,10K,7 mm,US 6,5.45,1570,1177.5,130,573.64
EON-SIERA-R,EON-SIERA-R-10-07-065,10K,7 mm,US 6.5,5.57,1590,1192.5,130,581.34
EON-SIERA-R,EON-SIERA-R-10-07-070,10K,7 mm,US 7,5.69,1615,1211.25,130,589.03
EON-SIERA-R,EON-SIERA-R-10-07-075,10K,7 mm,US 7.5,5.81,1635,1226.25,130,596.73
EON-SIERA-R,EON-SIERA-R-10-07-080,10K,7 mm,US 8,5.93,1655,1241.25,130,604.43
EON-SIERA-R,EON-SIERA-R-10-07-085,10K,7 mm,US 8.5,6.05,1675,1256.25,130,612.12
EON-SIERA-R,EON-SIERA-R-10-07-090,10K,7 mm,US 9,6.17,1695,1271.25,130,619.82
EON-SIERA-R,EON-SIERA-R-10-07-095,10K,7 mm,US 9.5,6.29,1720,1290,130,627.51
EON-SIERA-R,EON-SIERA-R-10-07-100,10K,7 mm,US 10,6.41,1740,1305,130,635.21
EON-SIERA-R,EON-SIERA-R-10-07-105,10K,7 mm,US 10.5,6.53,1760,1320,130,642.9
EON-SIERA-R,EON-SIERA-R-10-07-110,10K,7 mm,US 11,6.65,1780,1335,130,650.6
EON-SIERA-R,EON-SIERA-R-10-07-115,10K,7 mm,US 11.5,6.77,1800,1350,130,658.3
EON-SIERA-R,EON-SIERA-R-10-07-120,10K,7 mm,US 12,6.89,1825,1368.75,130,665.99
EON-SIERA-R,EON-SIERA-R-10-07-125,10K,7 mm,US 12.5,7.01,1845,1383.75,130,673.69
EON-SIERA-R,EON-SIERA-R-10-07-130,10K,7 mm,US 13,7.13,1865,1398.75,130,681.38
EON-SIERA-R,EON-SIERA-R-10-08-030,10K,8 mm,US 3,5.4,1675,1256.25,130,570.44
EON-SIERA-R,EON-SIERA-R-10-08-035,10K,8 mm,US 3.5,5.54,1700,1275,130,579.42
EON-SIERA-R,EON-SIERA-R-10-08-040,10K,8 mm,US 4,5.68,1730,1297.5,130,588.39
EON-SIERA-R,EON-SIERA-R-10-08-045,10K,8 mm,US 4.5,5.81,1755,1316.25,130,596.73
EON-SIERA-R,EON-SIERA-R-10-08-050,10K,8 mm,US 5,5.95,1780,1335,130,605.71
EON-SIERA-R,EON-SIERA-R-10-08-055,10K,8 mm,US 5.5,6.09,1805,1353.75,130,614.69
EON-SIERA-R,EON-SIERA-R-10-08-060,10K,8 mm,US 6,6.22,1830,1372.5,130,623.02
EON-SIERA-R,EON-SIERA-R-10-08-065,10K,8 mm,US 6.5,6.36,1855,1391.25,130,632
EON-SIERA-R,EON-SIERA-R-10-08-070,10K,8 mm,US 7,6.5,1885,1413.75,130,640.98
EON-SIERA-R,EON-SIERA-R-10-08-075,10K,8 mm,US 7.5,6.64,1910,1432.5,130,649.96
EON-SIERA-R,EON-SIERA-R-10-08-080,10K,8 mm,US 8,6.78,1935,1451.25,130,658.94
EON-SIERA-R,EON-SIERA-R-10-08-085,10K,8 mm,US 8.5,6.91,1960,1470,130,667.27
EON-SIERA-R,EON-SIERA-R-10-08-090,10K,8 mm,US 9,7.05,1985,1488.75,130,676.25
EON-SIERA-R,EON-SIERA-R-10-08-095,10K,8 mm,US 9.5,7.19,2015,1511.25,130,685.23
EON-SIERA-R,EON-SIERA-R-10-08-100,10K,8 mm,US 10,7.33,2040,1530,130,694.21
EON-SIERA-R,EON-SIERA-R-10-08-105,10K,8 mm,US 10.5,7.46,2065,1548.75,130,702.55
EON-SIERA-R,EON-SIERA-R-10-08-110,10K,8 mm,US 11,7.59,2090,1567.5,130,710.88
EON-SIERA-R,EON-SIERA-R-10-08-115,10K,8 mm,US 11.5,7.73,2115,1586.25,130,719.86
EON-SIERA-R,EON-SIERA-R-10-08-120,10K,8 mm,US 12,7.87,2140,1605,130,728.84
EON-SIERA-R,EON-SIERA-R-10-08-125,10K,8 mm,US 12.5,8.01,2165,1623.75,130,737.82
EON-SIERA-R,EON-SIERA-R-10-08-130,10K,8 mm,US 13,8.14,2190,1642.5,130,746.16
EON-SIERA-R,EON-SIERA-R-14-03-030,14K,3 mm,US 3,2.29,1250,937.5,130,455.99
EON-SIERA-R,EON-SIERA-R-14-03-035,14K,3 mm,US 3.5,2.36,1265,948.75,130,462.29
EON-SIERA-R,EON-SIERA-R-14-03-040,14K,3 mm,US 4,2.42,1280,960,130,467.69
EON-SIERA-R,EON-SIERA-R-14-03-045,14K,3 mm,US 4.5,2.48,1295,971.25,130,473.09
EON-SIERA-R,EON-SIERA-R-14-03-050,14K,3 mm,US 5,2.54,1310,982.5,130,478.49
EON-SIERA-R,EON-SIERA-R-14-03-055,14K,3 mm,US 5.5,2.6,1325,993.75,130,483.88
EON-SIERA-R,EON-SIERA-R-14-03-060,14K,3 mm,US 6,2.66,1340,1005,130,489.28
EON-SIERA-R,EON-SIERA-R-14-03-065,14K,3 mm,US 6.5,2.71,1350,1012.5,130,493.78
EON-SIERA-R,EON-SIERA-R-14-03-070,14K,3 mm,US 7,2.77,1365,1023.75,130,499.18
EON-SIERA-R,EON-SIERA-R-14-03-075,14K,3 mm,US 7.5,2.83,1380,1035,130,504.58
EON-SIERA-R,EON-SIERA-R-14-03-080,14K,3 mm,US 8,2.89,1395,1046.25,130,509.97
EON-SIERA-R,EON-SIERA-R-14-03-085,14K,3 mm,US 8.5,2.95,1410,1057.5,130,515.37
EON-SIERA-R,EON-SIERA-R-14-03-090,14K,3 mm,US 9,3.01,1425,1068.75,130,520.77
EON-SIERA-R,EON-SIERA-R-14-03-095,14K,3 mm,US 9.5,3.06,1440,1080,130,525.27
EON-SIERA-R,EON-SIERA-R-14-03-100,14K,3 mm,US 10,3.12,1455,1091.25,130,530.67
EON-SIERA-R,EON-SIERA-R-14-03-105,14K,3 mm,US 10.5,3.18,1470,1102.5,130,536.06
EON-SIERA-R,EON-SIERA-R-14-03-110,14K,3 mm,US 11,3.23,1480,1110,130,540.56
EON-SIERA-R,EON-SIERA-R-14-03-115,14K,3 mm,US 11.5,3.3,1495,1121.25,130,546.86
EON-SIERA-R,EON-SIERA-R-14-03-120,14K,3 mm,US 12,3.36,1510,1132.5,130,552.26
EON-SIERA-R,EON-SIERA-R-14-03-125,14K,3 mm,US 12.5,3.41,1525,1143.75,130,556.76
EON-SIERA-R,EON-SIERA-R-14-03-130,14K,3 mm,US 13,3.47,1540,1155,130,562.16
EON-SIERA-R,EON-SIERA-R-14-04-030,14K,4 mm,US 3,3.07,1440,1080,130,526.17
EON-SIERA-R,EON-SIERA-R-14-04-035,14K,4 mm,US 3.5,3.15,1460,1095,130,533.37
EON-SIERA-R,EON-SIERA-R-14-04-040,14K,4 mm,US 4,3.23,1480,1110,130,540.56
EON-SIERA-R,EON-SIERA-R-14-04-045,14K,4 mm,US 4.5,3.3,1495,1121.25,130,546.86
EON-SIERA-R,EON-SIERA-R-14-04-050,14K,4 mm,US 5,3.38,1515,1136.25,130,554.06
EON-SIERA-R,EON-SIERA-R-14-04-055,14K,4 mm,US 5.5,3.46,1535,1151.25,130,561.26
EON-SIERA-R,EON-SIERA-R-14-04-060,14K,4 mm,US 6,3.54,1555,1166.25,130,568.45
EON-SIERA-R,EON-SIERA-R-14-04-065,14K,4 mm,US 6.5,3.61,1575,1181.25,130,574.75
EON-SIERA-R,EON-SIERA-R-14-04-070,14K,4 mm,US 7,3.69,1595,1196.25,130,581.95
EON-SIERA-R,EON-SIERA-R-14-04-075,14K,4 mm,US 7.5,3.77,1615,1211.25,130,589.15
EON-SIERA-R,EON-SIERA-R-14-04-080,14K,4 mm,US 8,3.85,1635,1226.25,130,596.34
EON-SIERA-R,EON-SIERA-R-14-04-085,14K,4 mm,US 8.5,3.92,1650,1237.5,130,602.64
EON-SIERA-R,EON-SIERA-R-14-04-090,14K,4 mm,US 9,4,1670,1252.5,130,609.84
EON-SIERA-R,EON-SIERA-R-14-04-095,14K,4 mm,US 9.5,4.08,1690,1267.5,130,617.04
EON-SIERA-R,EON-SIERA-R-14-04-100,14K,4 mm,US 10,4.16,1710,1282.5,130,624.23
EON-SIERA-R,EON-SIERA-R-14-04-105,14K,4 mm,US 10.5,4.24,1730,1297.5,130,631.43
EON-SIERA-R,EON-SIERA-R-14-04-110,14K,4 mm,US 11,4.32,1750,1312.5,130,638.63
EON-SIERA-R,EON-SIERA-R-14-04-115,14K,4 mm,US 11.5,4.4,1770,1327.5,130,645.83
EON-SIERA-R,EON-SIERA-R-14-04-120,14K,4 mm,US 12,4.48,1785,1338.75,130,653.02
EON-SIERA-R,EON-SIERA-R-14-04-125,14K,4 mm,US 12.5,4.55,1805,1353.75,130,659.32
EON-SIERA-R,EON-SIERA-R-14-04-130,14K,4 mm,US 13,4.63,1825,1368.75,130,666.52
EON-SIERA-R,EON-SIERA-R-14-05-030,14K,5 mm,US 3,3.86,1635,1226.25,130,597.24
EON-SIERA-R,EON-SIERA-R-14-05-035,14K,5 mm,US 3.5,3.95,1655,1241.25,130,605.34
EON-SIERA-R,EON-SIERA-R-14-05-040,14K,5 mm,US 4,4.04,1680,1260,130,613.44
EON-SIERA-R,EON-SIERA-R-14-05-045,14K,5 mm,US 4.5,4.12,1700,1275,130,620.63
EON-SIERA-R,EON-SIERA-R-14-05-050,14K,5 mm,US 5,4.21,1720,1290,130,628.73
EON-SIERA-R,EON-SIERA-R-14-05-055,14K,5 mm,US 5.5,4.32,1750,1312.5,130,638.63
EON-SIERA-R,EON-SIERA-R-14-05-060,14K,5 mm,US 6,4.42,1775,1331.25,130,647.62
EON-SIERA-R,EON-SIERA-R-14-05-065,14K,5 mm,US 6.5,4.52,1795,1346.25,130,656.62
EON-SIERA-R,EON-SIERA-R-14-05-070,14K,5 mm,US 7,4.61,1820,1365,130,664.72
EON-SIERA-R,EON-SIERA-R-14-05-075,14K,5 mm,US 7.5,4.71,1845,1383.75,130,673.72
EON-SIERA-R,EON-SIERA-R-14-05-080,14K,5 mm,US 8,4.81,1870,1402.5,130,682.71
EON-SIERA-R,EON-SIERA-R-14-05-085,14K,5 mm,US 8.5,4.91,1895,1421.25,130,691.71
EON-SIERA-R,EON-SIERA-R-14-05-090,14K,5 mm,US 9,5.01,1920,1440,130,700.71
EON-SIERA-R,EON-SIERA-R-14-05-095,14K,5 mm,US 9.5,5.11,1940,1455,130,709.7
EON-SIERA-R,EON-SIERA-R-14-05-100,14K,5 mm,US 10,5.2,1965,1473.75,130,717.8
EON-SIERA-R,EON-SIERA-R-14-05-105,14K,5 mm,US 10.5,5.3,1990,1492.5,130,726.8
EON-SIERA-R,EON-SIERA-R-14-05-110,14K,5 mm,US 11,5.4,2015,1511.25,130,735.79
EON-SIERA-R,EON-SIERA-R-14-05-115,14K,5 mm,US 11.5,5.5,2040,1530,130,744.79
EON-SIERA-R,EON-SIERA-R-14-05-120,14K,5 mm,US 12,5.6,2065,1548.75,130,753.79
EON-SIERA-R,EON-SIERA-R-14-05-125,14K,5 mm,US 12.5,5.69,2085,1563.75,130,761.88
EON-SIERA-R,EON-SIERA-R-14-05-130,14K,5 mm,US 13,5.78,2105,1578.75,130,769.98
EON-SIERA-R,EON-SIERA-R-14-06-030,14K,6 mm,US 3,4.62,1820,1365,130,665.62
EON-SIERA-R,EON-SIERA-R-14-06-035,14K,6 mm,US 3.5,4.73,1850,1387.5,130,675.51
EON-SIERA-R,EON-SIERA-R-14-06-040,14K,6 mm,US 4,4.84,1875,1406.25,130,685.41
EON-SIERA-R,EON-SIERA-R-14-06-045,14K,6 mm,US 4.5,4.96,1905,1428.75,130,696.21
EON-SIERA-R,EON-SIERA-R-14-06-050,14K,6 mm,US 5,5.07,1935,1451.25,130,706.1
EON-SIERA-R,EON-SIERA-R-14-06-055,14K,6 mm,US 5.5,5.19,1960,1470,130,716.9
EON-SIERA-R,EON-SIERA-R-14-06-060,14K,6 mm,US 6,5.31,1990,1492.5,130,727.7
EON-SIERA-R,EON-SIERA-R-14-06-065,14K,6 mm,US 6.5,5.42,2020,1515,130,737.59
EON-SIERA-R,EON-SIERA-R-14-06-070,14K,6 mm,US 7,5.54,2050,1537.5,130,748.39
EON-SIERA-R,EON-SIERA-R-14-06-075,14K,6 mm,US 7.5,5.66,2080,1560,130,759.18
EON-SIERA-R,EON-SIERA-R-14-06-080,14K,6 mm,US 8,5.78,2105,1578.75,130,769.98
EON-SIERA-R,EON-SIERA-R-14-06-085,14K,6 mm,US 8.5,5.89,2135,1601.25,130,779.88
EON-SIERA-R,EON-SIERA-R-14-06-090,14K,6 mm,US 9,6.01,2165,1623.75,130,790.67
EON-SIERA-R,EON-SIERA-R-14-06-095,14K,6 mm,US 9.5,6.13,2195,1646.25,130,801.47
EON-SIERA-R,EON-SIERA-R-14-06-100,14K,6 mm,US 10,6.24,2220,1665,130,811.37
EON-SIERA-R,EON-SIERA-R-14-06-105,14K,6 mm,US 10.5,6.36,2250,1687.5,130,822.16
EON-SIERA-R,EON-SIERA-R-14-06-110,14K,6 mm,US 11,6.48,2280,1710,130,832.96
EON-SIERA-R,EON-SIERA-R-14-06-115,14K,6 mm,US 11.5,6.59,2305,1728.75,130,842.85
EON-SIERA-R,EON-SIERA-R-14-06-120,14K,6 mm,US 12,6.71,2335,1751.25,130,853.65
EON-SIERA-R,EON-SIERA-R-14-06-125,14K,6 mm,US 12.5,6.82,2365,1773.75,130,863.55
EON-SIERA-R,EON-SIERA-R-14-06-130,14K,6 mm,US 13,6.94,2390,1792.5,130,874.34
EON-SIERA-R,EON-SIERA-R-14-07-030,14K,7 mm,US 3,5.37,2005,1503.75,130,733.09
EON-SIERA-R,EON-SIERA-R-14-07-035,14K,7 mm,US 3.5,5.51,2040,1530,130,745.69
EON-SIERA-R,EON-SIERA-R-14-07-040,14K,7 mm,US 4,5.64,2075,1556.25,130,757.38
EON-SIERA-R,EON-SIERA-R-14-07-045,14K,7 mm,US 4.5,5.78,2105,1578.75,130,769.98
EON-SIERA-R,EON-SIERA-R-14-07-050,14K,7 mm,US 5,5.92,2140,1605,130,782.58
EON-SIERA-R,EON-SIERA-R-14-07-055,14K,7 mm,US 5.5,6.06,2175,1631.25,130,795.17
EON-SIERA-R,EON-SIERA-R-14-07-060,14K,7 mm,US 6,6.19,2210,1657.5,130,806.87
EON-SIERA-R,EON-SIERA-R-14-07-065,14K,7 mm,US 6.5,6.33,2240,1680,130,819.46
EON-SIERA-R,EON-SIERA-R-14-07-070,14K,7 mm,US 7,6.46,2275,1706.25,130,831.16
EON-SIERA-R,EON-SIERA-R-14-07-075,14K,7 mm,US 7.5,6.6,2310,1732.5,130,843.75
EON-SIERA-R,EON-SIERA-R-14-07-080,14K,7 mm,US 8,6.74,2345,1758.75,130,856.35
EON-SIERA-R,EON-SIERA-R-14-07-085,14K,7 mm,US 8.5,6.87,2375,1781.25,130,868.05
EON-SIERA-R,EON-SIERA-R-14-07-090,14K,7 mm,US 9,7.01,2410,1807.5,130,880.64
EON-SIERA-R,EON-SIERA-R-14-07-095,14K,7 mm,US 9.5,7.15,2445,1833.75,130,893.24
EON-SIERA-R,EON-SIERA-R-14-07-100,14K,7 mm,US 10,7.29,2480,1860,130,905.83
EON-SIERA-R,EON-SIERA-R-14-07-105,14K,7 mm,US 10.5,7.42,2510,1882.5,130,917.53
EON-SIERA-R,EON-SIERA-R-14-07-110,14K,7 mm,US 11,7.56,2545,1908.75,130,930.12
EON-SIERA-R,EON-SIERA-R-14-07-115,14K,7 mm,US 11.5,7.69,2575,1931.25,130,941.82
EON-SIERA-R,EON-SIERA-R-14-07-120,14K,7 mm,US 12,7.82,2610,1957.5,130,953.51
EON-SIERA-R,EON-SIERA-R-14-07-125,14K,7 mm,US 12.5,7.96,2645,1983.75,130,966.11
EON-SIERA-R,EON-SIERA-R-14-07-130,14K,7 mm,US 13,8.1,2680,2010,130,978.71
EON-SIERA-R,EON-SIERA-R-14-08-030,14K,8 mm,US 3,6.14,2355,1766.25,130,802.37
EON-SIERA-R,EON-SIERA-R-14-08-035,14K,8 mm,US 3.5,6.3,2400,1800,130,816.76
EON-SIERA-R,EON-SIERA-R-14-08-040,14K,8 mm,US 4,6.45,2440,1830,130,830.26
EON-SIERA-R,EON-SIERA-R-14-08-045,14K,8 mm,US 4.5,6.61,2480,1860,130,844.65
EON-SIERA-R,EON-SIERA-R-14-08-050,14K,8 mm,US 5,6.76,2520,1890,130,858.15
EON-SIERA-R,EON-SIERA-R-14-08-055,14K,8 mm,US 5.5,6.92,2560,1920,130,872.54
EON-SIERA-R,EON-SIERA-R-14-08-060,14K,8 mm,US 6,7.07,2600,1950,130,886.04
EON-SIERA-R,EON-SIERA-R-14-08-065,14K,8 mm,US 6.5,7.23,2645,1983.75,130,900.43
EON-SIERA-R,EON-SIERA-R-14-08-070,14K,8 mm,US 7,7.39,2685,2013.75,130,914.83
EON-SIERA-R,EON-SIERA-R-14-08-075,14K,8 mm,US 7.5,7.55,2730,2047.5,130,929.22
EON-SIERA-R,EON-SIERA-R-14-08-080,14K,8 mm,US 8,7.7,2770,2077.5,130,942.72
EON-SIERA-R,EON-SIERA-R-14-08-085,14K,8 mm,US 8.5,7.86,2810,2107.5,130,957.11
EON-SIERA-R,EON-SIERA-R-14-08-090,14K,8 mm,US 9,8.01,2850,2137.5,130,970.61
EON-SIERA-R,EON-SIERA-R-14-08-095,14K,8 mm,US 9.5,8.17,2890,2167.5,130,985
EON-SIERA-R,EON-SIERA-R-14-08-100,14K,8 mm,US 10,8.32,2930,2197.5,130,998.5
EON-SIERA-R,EON-SIERA-R-14-08-105,14K,8 mm,US 10.5,8.48,2975,2231.25,130,1012.89
EON-SIERA-R,EON-SIERA-R-14-08-110,14K,8 mm,US 11,8.63,3015,2261.25,130,1026.39
EON-SIERA-R,EON-SIERA-R-14-08-115,14K,8 mm,US 11.5,8.79,3055,2291.25,130,1040.78
EON-SIERA-R,EON-SIERA-R-14-08-120,14K,8 mm,US 12,8.94,3095,2321.25,130,1054.28
EON-SIERA-R,EON-SIERA-R-14-08-125,14K,8 mm,US 12.5,9.1,3135,2351.25,130,1068.67
EON-SIERA-R,EON-SIERA-R-14-08-130,14K,8 mm,US 13,9.25,3175,2381.25,130,1082.17
EON-SIERA-R,EON-SIERA-R-18-03-030,18K,3 mm,US 3,2.64,1585,1188.75,130,579.85
EON-SIERA-R,EON-SIERA-R-18-03-035,18K,3 mm,US 3.5,2.71,1610,1207.5,130,587.92
EON-SIERA-R,EON-SIERA-R-18-03-040,18K,3 mm,US 4,2.77,1630,1222.5,130,594.84
EON-SIERA-R,EON-SIERA-R-18-03-045,18K,3 mm,US 4.5,2.84,1650,1237.5,130,602.92
EON-SIERA-R,EON-SIERA-R-18-03-050,18K,3 mm,US 5,2.9,1670,1252.5,130,609.84
EON-SIERA-R,EON-SIERA-R-18-03-055,18K,3 mm,US 5.5,2.96,1690,1267.5,130,616.76
EON-SIERA-R,EON-SIERA-R-18-03-060,18K,3 mm,US 6,3.03,1710,1282.5,130,624.83
EON-SIERA-R,EON-SIERA-R-18-03-065,18K,3 mm,US 6.5,3.09,1730,1297.5,130,631.75
EON-SIERA-R,EON-SIERA-R-18-03-070,18K,3 mm,US 7,3.16,1750,1312.5,130,639.83
EON-SIERA-R,EON-SIERA-R-18-03-075,18K,3 mm,US 7.5,3.22,1770,1327.5,130,646.75
EON-SIERA-R,EON-SIERA-R-18-03-080,18K,3 mm,US 8,3.28,1790,1342.5,130,653.67
EON-SIERA-R,EON-SIERA-R-18-03-085,18K,3 mm,US 8.5,3.35,1810,1357.5,130,661.74
EON-SIERA-R,EON-SIERA-R-18-03-090,18K,3 mm,US 9,3.41,1830,1372.5,130,668.66
EON-SIERA-R,EON-SIERA-R-18-03-095,18K,3 mm,US 9.5,3.48,1850,1387.5,130,676.74
EON-SIERA-R,EON-SIERA-R-18-03-100,18K,3 mm,US 10,3.54,1870,1402.5,130,683.66
EON-SIERA-R,EON-SIERA-R-18-03-105,18K,3 mm,US 10.5,3.6,1890,1417.5,130,690.58
EON-SIERA-R,EON-SIERA-R-18-03-110,18K,3 mm,US 11,3.67,1910,1432.5,130,698.65
EON-SIERA-R,EON-SIERA-R-18-03-115,18K,3 mm,US 11.5,3.73,1930,1447.5,130,705.57
EON-SIERA-R,EON-SIERA-R-18-03-120,18K,3 mm,US 12,3.8,1955,1466.25,130,713.65
EON-SIERA-R,EON-SIERA-R-18-03-125,18K,3 mm,US 12.5,3.86,1970,1477.5,130,720.57
EON-SIERA-R,EON-SIERA-R-18-03-130,18K,3 mm,US 13,3.92,1990,1492.5,130,727.49
EON-SIERA-R,EON-SIERA-R-18-04-030,18K,4 mm,US 3,3.61,1895,1421.25,130,691.73
EON-SIERA-R,EON-SIERA-R-18-04-035,18K,4 mm,US 3.5,3.68,1915,1436.25,130,699.81
EON-SIERA-R,EON-SIERA-R-18-04-040,18K,4 mm,US 4,3.76,1940,1455,130,709.03
EON-SIERA-R,EON-SIERA-R-18-04-045,18K,4 mm,US 4.5,3.83,1965,1473.75,130,717.11
EON-SIERA-R,EON-SIERA-R-18-04-050,18K,4 mm,US 5,3.91,1990,1492.5,130,726.33
EON-SIERA-R,EON-SIERA-R-18-04-055,18K,4 mm,US 5.5,3.98,2010,1507.5,130,734.41
EON-SIERA-R,EON-SIERA-R-18-04-060,18K,4 mm,US 6,4.06,2035,1526.25,130,743.64
EON-SIERA-R,EON-SIERA-R-18-04-065,18K,4 mm,US 6.5,4.14,2060,1545,130,752.86
EON-SIERA-R,EON-SIERA-R-18-04-070,18K,4 mm,US 7,4.22,2085,1563.75,130,762.09
EON-SIERA-R,EON-SIERA-R-18-04-075,18K,4 mm,US 7.5,4.3,2110,1582.5,130,771.32
EON-SIERA-R,EON-SIERA-R-18-04-080,18K,4 mm,US 8,4.38,2135,1601.25,130,780.55
EON-SIERA-R,EON-SIERA-R-18-04-085,18K,4 mm,US 8.5,4.45,2160,1620,130,788.62
EON-SIERA-R,EON-SIERA-R-18-04-090,18K,4 mm,US 9,4.53,2185,1638.75,130,797.85
EON-SIERA-R,EON-SIERA-R-18-04-095,18K,4 mm,US 9.5,4.61,2210,1657.5,130,807.07
EON-SIERA-R,EON-SIERA-R-18-04-100,18K,4 mm,US 10,4.68,2230,1672.5,130,815.15
EON-SIERA-R,EON-SIERA-R-18-04-105,18K,4 mm,US 10.5,4.76,2255,1691.25,130,824.38
EON-SIERA-R,EON-SIERA-R-18-04-110,18K,4 mm,US 11,4.84,2280,1710,130,833.6
EON-SIERA-R,EON-SIERA-R-18-04-115,18K,4 mm,US 11.5,4.92,2305,1728.75,130,842.83
EON-SIERA-R,EON-SIERA-R-18-04-120,18K,4 mm,US 12,5,2330,1747.5,130,852.06
EON-SIERA-R,EON-SIERA-R-18-04-125,18K,4 mm,US 12.5,5.07,2355,1766.25,130,860.13
EON-SIERA-R,EON-SIERA-R-18-04-130,18K,4 mm,US 13,5.15,2380,1785,130,869.36
EON-SIERA-R,EON-SIERA-R-18-05-030,18K,5 mm,US 3,4.58,2200,1650,130,803.61
EON-SIERA-R,EON-SIERA-R-18-05-035,18K,5 mm,US 3.5,4.68,2230,1672.5,130,815.15
EON-SIERA-R,EON-SIERA-R-18-05-040,18K,5 mm,US 4,4.78,2260,1695,130,826.68
EON-SIERA-R,EON-SIERA-R-18-05-045,18K,5 mm,US 4.5,4.87,2290,1717.5,130,837.06
EON-SIERA-R,EON-SIERA-R-18-05-050,18K,5 mm,US 5,4.97,2320,1740,130,848.6
EON-SIERA-R,EON-SIERA-R-18-05-055,18K,5 mm,US 5.5,5.07,2355,1766.25,130,860.13
EON-SIERA-R,EON-SIERA-R-18-05-060,18K,5 mm,US 6,5.16,2380,1785,130,870.51
EON-SIERA-R,EON-SIERA-R-18-05-065,18K,5 mm,US 6.5,5.26,2415,1811.25,130,882.05
EON-SIERA-R,EON-SIERA-R-18-05-070,18K,5 mm,US 7,5.36,2445,1833.75,130,893.58
EON-SIERA-R,EON-SIERA-R-18-05-075,18K,5 mm,US 7.5,5.45,2475,1856.25,130,903.96
EON-SIERA-R,EON-SIERA-R-18-05-080,18K,5 mm,US 8,5.55,2505,1878.75,130,915.5
EON-SIERA-R,EON-SIERA-R-18-05-085,18K,5 mm,US 8.5,5.65,2535,1901.25,130,927.03
EON-SIERA-R,EON-SIERA-R-18-05-090,18K,5 mm,US 9,5.76,2570,1927.5,130,939.72
EON-SIERA-R,EON-SIERA-R-18-05-095,18K,5 mm,US 9.5,5.85,2600,1950,130,950.1
EON-SIERA-R,EON-SIERA-R-18-05-100,18K,5 mm,US 10,5.94,2630,1972.5,130,960.48
EON-SIERA-R,EON-SIERA-R-18-05-105,18K,5 mm,US 10.5,6.04,2660,1995,130,972.02
EON-SIERA-R,EON-SIERA-R-18-05-110,18K,5 mm,US 11,6.14,2690,2017.5,130,983.55
EON-SIERA-R,EON-SIERA-R-18-05-115,18K,5 mm,US 11.5,6.24,2720,2040,130,995.08
EON-SIERA-R,EON-SIERA-R-18-05-120,18K,5 mm,US 12,6.33,2750,2062.5,130,1005.46
EON-SIERA-R,EON-SIERA-R-18-05-125,18K,5 mm,US 12.5,6.43,2780,2085,130,1017
EON-SIERA-R,EON-SIERA-R-18-05-130,18K,5 mm,US 13,6.53,2815,2111.25,130,1028.53
EON-SIERA-R,EON-SIERA-R-18-06-030,18K,6 mm,US 3,5.43,2465,1848.75,130,901.66
EON-SIERA-R,EON-SIERA-R-18-06-035,18K,6 mm,US 3.5,5.55,2505,1878.75,130,915.5
EON-SIERA-R,EON-SIERA-R-18-06-040,18K,6 mm,US 4,5.66,2540,1905,130,928.18
EON-SIERA-R,EON-SIERA-R-18-06-045,18K,6 mm,US 4.5,5.78,2575,1931.25,130,942.03
EON-SIERA-R,EON-SIERA-R-18-06-050,18K,6 mm,US 5,5.9,2615,1961.25,130,955.87
EON-SIERA-R,EON-SIERA-R-18-06-055,18K,6 mm,US 5.5,6.02,2655,1991.25,130,969.71
EON-SIERA-R,EON-SIERA-R-18-06-060,18K,6 mm,US 6,6.14,2690,2017.5,130,983.55
EON-SIERA-R,EON-SIERA-R-18-06-065,18K,6 mm,US 6.5,6.25,2725,2043.75,130,996.24
EON-SIERA-R,EON-SIERA-R-18-06-070,18K,6 mm,US 7,6.37,2765,2073.75,130,1010.08
EON-SIERA-R,EON-SIERA-R-18-06-075,18K,6 mm,US 7.5,6.49,2800,2100,130,1023.92
EON-SIERA-R,EON-SIERA-R-18-06-080,18K,6 mm,US 8,6.61,2840,2130,130,1037.76
EON-SIERA-R,EON-SIERA-R-18-06-085,18K,6 mm,US 8.5,6.72,2875,2156.25,130,1050.45
EON-SIERA-R,EON-SIERA-R-18-06-090,18K,6 mm,US 9,6.84,2910,2182.5,130,1064.29
EON-SIERA-R,EON-SIERA-R-18-06-095,18K,6 mm,US 9.5,6.95,2945,2208.75,130,1076.98
EON-SIERA-R,EON-SIERA-R-18-06-100,18K,6 mm,US 10,7.07,2985,2238.75,130,1090.82
EON-SIERA-R,EON-SIERA-R-18-06-105,18K,6 mm,US 10.5,7.19,3020,2265,130,1104.66
EON-SIERA-R,EON-SIERA-R-18-06-110,18K,6 mm,US 11,7.3,3055,2291.25,130,1117.35
EON-SIERA-R,EON-SIERA-R-18-06-115,18K,6 mm,US 11.5,7.42,3095,2321.25,130,1131.19
EON-SIERA-R,EON-SIERA-R-18-06-120,18K,6 mm,US 12,7.54,3130,2347.5,130,1145.03
EON-SIERA-R,EON-SIERA-R-18-06-125,18K,6 mm,US 12.5,7.66,3170,2377.5,130,1158.87
EON-SIERA-R,EON-SIERA-R-18-06-130,18K,6 mm,US 13,7.78,3210,2407.5,130,1172.71
EON-SIERA-R,EON-SIERA-R-18-07-030,18K,7 mm,US 3,5.93,2625,1968.75,130,959.33
EON-SIERA-R,EON-SIERA-R-18-07-035,18K,7 mm,US 3.5,6.07,2670,2002.5,130,975.48
EON-SIERA-R,EON-SIERA-R-18-07-040,18K,7 mm,US 4,6.21,2715,2036.25,130,991.62
EON-SIERA-R,EON-SIERA-R-18-07-045,18K,7 mm,US 4.5,6.35,2755,2066.25,130,1007.77
EON-SIERA-R,EON-SIERA-R-18-07-050,18K,7 mm,US 5,6.49,2800,2100,130,1023.92
EON-SIERA-R,EON-SIERA-R-18-07-055,18K,7 mm,US 5.5,6.63,2845,2133.75,130,1040.07
EON-SIERA-R,EON-SIERA-R-18-07-060,18K,7 mm,US 6,6.78,2895,2171.25,130,1057.37
EON-SIERA-R,EON-SIERA-R-18-07-065,18K,7 mm,US 6.5,6.92,2935,2201.25,130,1073.52
EON-SIERA-R,EON-SIERA-R-18-07-070,18K,7 mm,US 7,7.07,2985,2238.75,130,1090.82
EON-SIERA-R,EON-SIERA-R-18-07-075,18K,7 mm,US 7.5,7.21,3030,2272.5,130,1106.97
EON-SIERA-R,EON-SIERA-R-18-07-080,18K,7 mm,US 8,7.35,3070,2302.5,130,1123.11
EON-SIERA-R,EON-SIERA-R-18-07-085,18K,7 mm,US 8.5,7.49,3115,2336.25,130,1139.26
EON-SIERA-R,EON-SIERA-R-18-07-090,18K,7 mm,US 9,7.64,3165,2373.75,130,1156.56
EON-SIERA-R,EON-SIERA-R-18-07-095,18K,7 mm,US 9.5,7.78,3210,2407.5,130,1172.71
EON-SIERA-R,EON-SIERA-R-18-07-100,18K,7 mm,US 10,7.92,3250,2437.5,130,1188.86
EON-SIERA-R,EON-SIERA-R-18-07-105,18K,7 mm,US 10.5,8.07,3300,2475,130,1206.16
EON-SIERA-R,EON-SIERA-R-18-07-110,18K,7 mm,US 11,8.21,3345,2508.75,130,1222.31
EON-SIERA-R,EON-SIERA-R-18-07-115,18K,7 mm,US 11.5,8.35,3390,2542.5,130,1238.46
EON-SIERA-R,EON-SIERA-R-18-07-120,18K,7 mm,US 12,8.49,3430,2572.5,130,1254.61
EON-SIERA-R,EON-SIERA-R-18-07-125,18K,7 mm,US 12.5,8.63,3475,2606.25,130,1270.75
EON-SIERA-R,EON-SIERA-R-18-07-130,18K,7 mm,US 13,8.77,3520,2640,130,1286.9
EON-SIERA-R,EON-SIERA-R-18-08-030,18K,8 mm,US 3,6.52,3015,2261.25,130,1027.38
EON-SIERA-R,EON-SIERA-R-18-08-035,18K,8 mm,US 3.5,6.69,3075,2306.25,130,1046.99
EON-SIERA-R,EON-SIERA-R-18-08-040,18K,8 mm,US 4,6.85,3130,2347.5,130,1065.44
EON-SIERA-R,EON-SIERA-R-18-08-045,18K,8 mm,US 4.5,7.02,3185,2388.75,130,1085.05
EON-SIERA-R,EON-SIERA-R-18-08-050,18K,8 mm,US 5,7.19,3245,2433.75,130,1104.66
EON-SIERA-R,EON-SIERA-R-18-08-055,18K,8 mm,US 5.5,7.34,3295,2471.25,130,1121.96
EON-SIERA-R,EON-SIERA-R-18-08-060,18K,8 mm,US 6,7.5,3350,2512.5,130,1140.42
EON-SIERA-R,EON-SIERA-R-18-08-065,18K,8 mm,US 6.5,7.65,3400,2550,130,1157.72
EON-SIERA-R,EON-SIERA-R-18-08-070,18K,8 mm,US 7,7.79,3445,2583.75,130,1173.87
EON-SIERA-R,EON-SIERA-R-18-08-075,18K,8 mm,US 7.5,7.95,3500,2625,130,1192.32
EON-SIERA-R,EON-SIERA-R-18-08-080,18K,8 mm,US 8,8.11,3555,2666.25,130,1210.78
EON-SIERA-R,EON-SIERA-R-18-08-085,18K,8 mm,US 8.5,8.26,3605,2703.75,130,1228.08
EON-SIERA-R,EON-SIERA-R-18-08-090,18K,8 mm,US 9,8.41,3655,2741.25,130,1245.38
EON-SIERA-R,EON-SIERA-R-18-08-095,18K,8 mm,US 9.5,8.56,3705,2778.75,130,1262.68
EON-SIERA-R,EON-SIERA-R-18-08-100,18K,8 mm,US 10,8.72,3760,2820,130,1281.13
EON-SIERA-R,EON-SIERA-R-18-08-105,18K,8 mm,US 10.5,8.88,3815,2861.25,130,1299.59
EON-SIERA-R,EON-SIERA-R-18-08-110,18K,8 mm,US 11,9.03,3865,2898.75,130,1316.89
EON-SIERA-R,EON-SIERA-R-18-08-115,18K,8 mm,US 11.5,9.19,3920,2940,130,1335.35
EON-SIERA-R,EON-SIERA-R-18-08-120,18K,8 mm,US 12,9.35,3975,2981.25,130,1353.8
EON-SIERA-R,EON-SIERA-R-18-08-125,18K,8 mm,US 12.5,9.5,4025,3018.75,130,1371.1
EON-SIERA-R,EON-SIERA-R-18-08-130,18K,8 mm,US 13,9.65,4075,3056.25,130,1388.4
