karat,profil,genislik_mm,beden_us,gram_1_5mm,landed_usd,motor_usd,etsy_liste_usd,gorunen_sale_usd,floor_usd,offsite_floor_usd,canli_liste_usd,fark_usd,fark_yuzde,kontrol
10K,standard,2,4,1.37,140.38,218.0,295.0,221.25,157.0,189.0,355.0,-60.0,-16.9,OK
10K,standard,2,5,1.43,143.9,223.0,300.0,225.0,161.0,194.0,365.0,-65.0,-17.8,OK
10K,standard,2,6,1.5,148.01,229.0,310.0,232.5,166.0,199.0,375.0,-65.0,-17.3,OK
10K,standard,2,7,1.57,152.12,236.0,315.0,236.25,170.0,205.0,390.0,-75.0,-19.2,OK
10K,standard,2,8,1.63,155.64,241.0,325.0,243.75,174.0,209.0,395.0,-70.0,-17.7,OK
10K,standard,2,9,1.7,159.74,248.0,335.0,251.25,179.0,215.0,410.0,-75.0,-18.3,OK
10K,standard,2,10,1.77,163.85,254.0,340.0,255.0,184.0,220.0,420.0,-80.0,-19.0,OK
10K,standard,2,11,1.83,167.37,259.0,350.0,262.5,188.0,225.0,430.0,-80.0,-18.6,OK
10K,standard,2,12,1.9,171.48,266.0,355.0,266.25,192.0,231.0,440.0,-85.0,-19.3,OK
10K,standard,2,13,1.97,175.58,272.0,365.0,273.75,197.0,236.0,450.0,-85.0,-18.9,OK
10K,standard,2,14,2.03,179.1,278.0,375.0,281.25,201.0,241.0,460.0,-85.0,-18.5,OK
10K,standard,2,15,2.1,183.21,284.0,380.0,285.0,205.0,246.0,470.0,-90.0,-19.1,OK
10K,standard,2,16,2.16,186.73,289.0,390.0,292.5,209.0,251.0,480.0,-90.0,-18.8,OK
10K,standard,3,4,2.05,180.28,279.0,375.0,281.25,202.0,242.0,470.0,-95.0,-20.2,OK
10K,standard,3,5,2.15,186.15,289.0,390.0,292.5,208.0,250.0,485.0,-95.0,-19.6,OK
10K,standard,3,6,2.25,192.01,298.0,400.0,300.0,215.0,258.0,500.0,-100.0,-20.0,OK
10K,standard,3,7,2.35,197.88,307.0,410.0,307.5,222.0,266.0,515.0,-105.0,-20.4,OK
10K,standard,3,8,2.45,203.75,316.0,425.0,318.75,228.0,274.0,535.0,-110.0,-20.6,OK
10K,standard,3,9,2.55,209.61,325.0,435.0,326.25,235.0,282.0,550.0,-115.0,-20.9,OK
10K,standard,3,10,2.65,215.48,334.0,450.0,337.5,241.0,290.0,565.0,-115.0,-20.4,OK
10K,standard,3,11,2.75,221.35,343.0,460.0,345.0,248.0,298.0,580.0,-120.0,-20.7,OK
10K,standard,3,12,2.85,227.22,352.0,470.0,352.5,254.0,305.0,595.0,-125.0,-21.0,OK
10K,standard,3,13,2.95,233.08,361.0,485.0,363.75,261.0,313.0,615.0,-130.0,-21.1,OK
10K,standard,3,14,3.05,238.95,370.0,495.0,371.25,267.0,321.0,630.0,-135.0,-21.4,OK
10K,standard,3,15,3.15,244.82,379.0,510.0,382.5,274.0,329.0,645.0,-135.0,-20.9,OK
10K,standard,3,16,3.25,250.69,389.0,520.0,390.0,281.0,337.0,660.0,-140.0,-21.2,OK
10K,standard,4,4,2.74,220.76,342.0,460.0,345.0,247.0,297.0,580.0,-120.0,-20.7,OK
10K,standard,4,5,2.87,228.39,354.0,475.0,356.25,256.0,307.0,605.0,-130.0,-21.5,OK
10K,standard,4,6,3.0,236.02,366.0,490.0,367.5,264.0,317.0,625.0,-135.0,-21.6,OK
10K,standard,4,7,3.14,244.23,379.0,510.0,382.5,273.0,328.0,645.0,-135.0,-20.9,OK
10K,standard,4,8,3.27,251.86,390.0,520.0,390.0,282.0,339.0,670.0,-150.0,-22.4,OK
10K,standard,4,9,3.4,259.49,402.0,540.0,405.0,290.0,349.0,690.0,-150.0,-21.7,OK
10K,standard,4,10,3.53,267.11,414.0,555.0,416.25,299.0,359.0,710.0,-155.0,-21.8,OK
10K,standard,4,11,3.67,275.33,427.0,570.0,427.5,308.0,370.0,735.0,-165.0,-22.4,OK
10K,standard,4,12,3.8,282.96,439.0,590.0,442.5,317.0,380.0,755.0,-165.0,-21.9,OK
10K,standard,4,13,3.93,290.58,450.0,600.0,450.0,325.0,391.0,775.0,-175.0,-22.6,OK
10K,standard,4,14,4.06,298.21,462.0,620.0,465.0,334.0,401.0,795.0,-175.0,-22.0,OK
10K,standard,4,15,4.2,306.42,475.0,635.0,476.25,343.0,412.0,820.0,-185.0,-22.6,OK
10K,standard,4,16,4.33,314.05,487.0,650.0,487.5,351.0,422.0,840.0,-190.0,-22.6,OK
10K,standard,5,4,3.42,260.66,404.0,540.0,405.0,292.0,350.0,695.0,-155.0,-22.3,OK
10K,standard,5,5,3.59,270.63,419.0,560.0,420.0,303.0,364.0,720.0,-160.0,-22.2,OK
10K,standard,5,6,3.75,280.02,434.0,580.0,435.0,313.0,376.0,750.0,-170.0,-22.7,OK
10K,standard,5,7,3.92,290.0,450.0,600.0,450.0,325.0,390.0,775.0,-175.0,-22.6,OK
10K,standard,5,8,4.08,299.38,464.0,620.0,465.0,335.0,402.0,800.0,-180.0,-22.5,OK
10K,standard,5,9,4.25,309.36,480.0,640.0,480.0,346.0,416.0,830.0,-190.0,-22.9,OK
10K,standard,5,10,4.42,319.33,495.0,660.0,495.0,357.0,429.0,855.0,-195.0,-22.8,OK
10K,standard,5,11,4.58,328.72,510.0,680.0,510.0,368.0,442.0,885.0,-205.0,-23.2,OK
10K,standard,5,12,4.75,338.69,525.0,700.0,525.0,379.0,455.0,910.0,-210.0,-23.1,OK
10K,standard,5,13,4.91,348.08,540.0,720.0,540.0,389.0,468.0,935.0,-215.0,-23.0,OK
10K,standard,5,14,5.08,358.06,555.0,740.0,555.0,401.0,481.0,965.0,-225.0,-23.3,OK
10K,standard,5,15,5.29,370.38,574.0,770.0,577.5,414.0,498.0,990.0,-220.0,-22.2,OK
10K,standard,5,16,5.42,378.0,586.0,785.0,588.75,423.0,508.0,1015.0,-230.0,-22.7,OK
10K,standard,6,4,4.11,301.14,467.0,625.0,468.75,337.0,405.0,810.0,-185.0,-22.8,OK
10K,standard,6,5,4.3,312.29,484.0,650.0,487.5,349.0,420.0,840.0,-190.0,-22.6,OK
10K,standard,6,6,4.5,324.03,502.0,670.0,502.5,363.0,435.0,875.0,-205.0,-23.4,OK
10K,standard,6,7,4.7,335.76,520.0,695.0,521.25,376.0,451.0,910.0,-215.0,-23.6,OK
10K,standard,6,8,4.9,347.49,539.0,720.0,540.0,389.0,467.0,940.0,-220.0,-23.4,OK
10K,standard,6,9,5.1,359.23,557.0,745.0,558.75,402.0,483.0,970.0,-225.0,-23.2,OK
10K,standard,6,10,5.3,370.96,575.0,770.0,577.5,415.0,498.0,1005.0,-235.0,-23.4,OK
10K,standard,6,11,5.5,382.7,593.0,795.0,596.25,428.0,514.0,1035.0,-240.0,-23.2,OK
10K,standard,6,12,5.7,394.43,611.0,815.0,611.25,441.0,530.0,1070.0,-255.0,-23.8,OK
10K,standard,6,13,5.9,406.17,630.0,840.0,630.0,454.0,546.0,1100.0,-260.0,-23.6,OK
10K,standard,6,14,6.1,417.9,648.0,865.0,648.75,467.0,561.0,1130.0,-265.0,-23.5,OK
10K,standard,6,15,6.29,429.05,665.0,890.0,667.5,480.0,576.0,1165.0,-275.0,-23.6,OK
10K,standard,6,16,6.49,440.78,683.0,915.0,686.25,493.0,592.0,1195.0,-280.0,-23.4,OK
10K,standard,7,4,4.79,341.04,529.0,710.0,532.5,382.0,458.0,925.0,-215.0,-23.2,OK
10K,standard,7,5,5.02,354.54,550.0,735.0,551.25,397.0,476.0,960.0,-225.0,-23.4,OK
10K,standard,7,6,5.25,368.03,570.0,760.0,570.0,412.0,494.0,1000.0,-240.0,-24.0,OK
10K,standard,7,7,5.49,382.11,592.0,790.0,592.5,427.0,513.0,1035.0,-245.0,-23.7,OK
10K,standard,7,8,5.72,395.61,613.0,820.0,615.0,443.0,532.0,1075.0,-255.0,-23.7,OK
10K,standard,7,9,5.95,409.1,634.0,850.0,637.5,458.0,550.0,1110.0,-260.0,-23.4,OK
10K,standard,7,10,6.18,422.6,655.0,875.0,656.25,473.0,568.0,1150.0,-275.0,-23.9,OK
10K,standard,7,11,6.42,436.68,677.0,905.0,678.75,488.0,587.0,1190.0,-285.0,-23.9,OK
10K,standard,7,12,6.65,450.17,698.0,935.0,701.25,503.0,605.0,1225.0,-290.0,-23.7,OK
10K,standard,7,13,6.88,463.67,719.0,960.0,720.0,519.0,623.0,1260.0,-300.0,-23.8,OK
10K,standard,7,14,7.11,477.16,740.0,990.0,742.5,534.0,641.0,1300.0,-310.0,-23.8,OK
10K,standard,7,15,7.34,490.66,761.0,1015.0,761.25,549.0,659.0,1340.0,-325.0,-24.3,OK
10K,standard,7,16,7.58,504.74,782.0,1045.0,783.75,564.0,678.0,1375.0,-330.0,-24.0,OK
10K,standard,8,4,5.47,380.94,590.0,790.0,592.5,426.0,512.0,1040.0,-250.0,-24.0,OK
10K,standard,8,5,5.74,396.78,615.0,820.0,615.0,444.0,533.0,1080.0,-260.0,-24.1,OK
10K,standard,8,6,6.0,412.03,639.0,855.0,641.25,461.0,554.0,1125.0,-270.0,-24.0,OK
10K,standard,8,7,6.27,427.88,663.0,885.0,663.75,479.0,575.0,1160.0,-275.0,-23.7,OK
10K,standard,8,8,6.54,443.72,688.0,920.0,690.0,496.0,596.0,1210.0,-290.0,-24.0,OK
10K,standard,8,9,6.8,458.97,711.0,950.0,712.5,513.0,617.0,1250.0,-300.0,-24.0,OK
10K,standard,8,10,7.07,474.81,736.0,985.0,738.75,531.0,638.0,1295.0,-310.0,-23.9,OK
10K,standard,8,11,7.33,490.07,760.0,1015.0,761.25,548.0,658.0,1340.0,-325.0,-24.3,OK
10K,standard,8,12,7.6,505.91,784.0,1050.0,787.5,566.0,680.0,1380.0,-330.0,-23.9,OK
10K,standard,8,13,7.86,521.17,808.0,1080.0,810.0,583.0,700.0,1425.0,-345.0,-24.2,OK
10K,standard,8,14,8.13,537.01,832.0,1110.0,832.5,601.0,721.0,1470.0,-360.0,-24.5,OK
10K,standard,8,15,8.39,552.26,856.0,1145.0,858.75,618.0,742.0,1510.0,-365.0,-24.2,OK
10K,standard,8,16,8.66,568.1,881.0,1175.0,881.25,635.0,763.0,1555.0,-380.0,-24.4,OK
10K,standard,9,4,6.16,421.42,653.0,875.0,656.25,471.0,566.0,1150.0,-275.0,-23.9,OK
10K,standard,9,5,6.46,439.02,680.0,910.0,682.5,491.0,590.0,1200.0,-290.0,-24.2,OK
10K,standard,9,6,6.76,456.63,708.0,945.0,708.75,511.0,613.0,1250.0,-305.0,-24.4,OK
10K,standard,9,7,7.05,473.64,734.0,980.0,735.0,530.0,636.0,1295.0,-315.0,-24.3,OK
10K,standard,9,8,7.35,491.24,761.0,1015.0,761.25,549.0,660.0,1345.0,-330.0,-24.5,OK
10K,standard,9,9,7.65,508.84,789.0,1055.0,791.25,569.0,684.0,1395.0,-340.0,-24.4,OK
10K,standard,9,10,7.95,526.45,816.0,1090.0,817.5,589.0,707.0,1440.0,-350.0,-24.3,OK
10K,standard,9,11,8.25,544.05,843.0,1125.0,843.75,608.0,731.0,1490.0,-365.0,-24.5,OK
10K,standard,9,12,8.55,561.65,871.0,1165.0,873.75,628.0,754.0,1540.0,-375.0,-24.4,OK
10K,standard,9,13,8.85,579.25,898.0,1200.0,900.0,648.0,778.0,1585.0,-385.0,-24.3,OK
10K,standard,9,14,9.14,596.27,924.0,1235.0,926.25,667.0,801.0,1635.0,-400.0,-24.5,OK
10K,standard,9,15,9.44,613.87,951.0,1270.0,952.5,686.0,824.0,1685.0,-415.0,-24.6,OK
10K,standard,9,16,9.74,631.47,979.0,1310.0,982.5,706.0,848.0,1730.0,-420.0,-24.3,OK
10K,standard,10,4,6.84,461.32,715.0,955.0,716.25,516.0,620.0,1265.0,-310.0,-24.5,OK
10K,standard,10,5,7.17,480.68,745.0,995.0,746.25,538.0,646.0,1320.0,-325.0,-24.6,OK
10K,standard,10,6,7.51,500.63,776.0,1035.0,776.25,560.0,672.0,1375.0,-340.0,-24.7,OK
10K,standard,10,7,7.84,519.99,806.0,1075.0,806.25,581.0,698.0,1430.0,-355.0,-24.8,OK
10K,standard,10,8,8.17,539.35,836.0,1115.0,836.25,603.0,724.0,1480.0,-365.0,-24.7,OK
10K,standard,10,9,8.5,558.72,866.0,1155.0,866.25,625.0,750.0,1535.0,-380.0,-24.8,OK
10K,standard,10,10,8.83,578.08,896.0,1195.0,896.25,646.0,776.0,1590.0,-395.0,-24.8,OK
10K,standard,10,11,9.16,597.44,926.0,1235.0,926.25,668.0,802.0,1640.0,-405.0,-24.7,OK
10K,standard,10,12,9.5,617.39,957.0,1280.0,960.0,690.0,829.0,1695.0,-415.0,-24.5,OK
10K,standard,10,13,9.83,636.75,987.0,1320.0,990.0,712.0,855.0,1750.0,-430.0,-24.6,OK
10K,standard,10,14,10.16,656.11,1017.0,1360.0,1020.0,734.0,881.0,1800.0,-440.0,-24.4,OK
10K,standard,10,15,10.49,675.47,1047.0,1400.0,1050.0,755.0,907.0,1855.0,-455.0,-24.5,OK
10K,standard,10,16,10.82,694.84,1077.0,1440.0,1080.0,777.0,933.0,1910.0,-470.0,-24.6,OK
10K,standard,11,4,7.53,501.8,778.0,1040.0,780.0,561.0,674.0,1380.0,-340.0,-24.6,OK
10K,standard,11,5,7.89,522.93,811.0,1085.0,813.75,585.0,702.0,1440.0,-355.0,-24.7,OK
10K,standard,11,6,8.26,544.63,844.0,1130.0,847.5,609.0,732.0,1500.0,-370.0,-24.7,OK
10K,standard,11,7,8.62,565.76,877.0,1170.0,877.5,633.0,760.0,1555.0,-385.0,-24.8,OK
10K,standard,11,8,8.99,587.46,911.0,1215.0,911.25,657.0,789.0,1615.0,-400.0,-24.8,OK
10K,standard,11,9,9.35,608.59,943.0,1260.0,945.0,680.0,817.0,1675.0,-415.0,-24.8,OK
10K,standard,11,10,9.72,630.3,977.0,1305.0,978.75,705.0,847.0,1735.0,-430.0,-24.8,OK
10K,standard,11,11,10.08,651.42,1010.0,1350.0,1012.5,728.0,875.0,1795.0,-445.0,-24.8,OK
10K,standard,11,12,10.45,673.13,1043.0,1395.0,1046.25,753.0,904.0,1850.0,-455.0,-24.6,OK
10K,standard,11,13,10.81,694.25,1076.0,1435.0,1076.25,776.0,932.0,1910.0,-475.0,-24.9,OK
10K,standard,11,14,11.18,715.96,1110.0,1480.0,1110.0,800.0,962.0,1970.0,-490.0,-24.9,OK
10K,standard,11,15,11.53,736.49,1142.0,1525.0,1143.75,823.0,989.0,2030.0,-505.0,-24.9,OK
10K,standard,11,16,11.91,758.79,1176.0,1570.0,1177.5,848.0,1019.0,2090.0,-520.0,-24.9,OK
10K,standard,12,4,8.21,541.7,840.0,1120.0,840.0,606.0,728.0,1495.0,-375.0,-25.1,OK
10K,standard,12,5,8.61,565.17,876.0,1170.0,877.5,632.0,759.0,1560.0,-390.0,-25.0,OK
10K,standard,12,6,9.01,588.64,912.0,1220.0,915.0,658.0,791.0,1620.0,-400.0,-24.7,OK
10K,standard,12,7,9.41,612.11,949.0,1270.0,952.5,684.0,822.0,1685.0,-415.0,-24.6,OK
10K,standard,12,8,9.8,634.99,984.0,1315.0,986.25,710.0,853.0,1750.0,-435.0,-24.9,OK
10K,standard,12,9,10.2,658.46,1021.0,1365.0,1023.75,736.0,884.0,1815.0,-450.0,-24.8,OK
10K,standard,12,10,10.6,681.93,1057.0,1410.0,1057.5,762.0,916.0,1880.0,-470.0,-25.0,OK
10K,standard,12,11,11.0,705.4,1093.0,1460.0,1095.0,789.0,947.0,1945.0,-485.0,-24.9,OK
10K,standard,12,12,11.4,728.87,1130.0,1510.0,1132.5,815.0,979.0,2010.0,-500.0,-24.9,OK
10K,standard,12,13,11.79,751.75,1165.0,1555.0,1166.25,840.0,1010.0,2075.0,-520.0,-25.1,OK
10K,standard,12,14,12.19,775.22,1202.0,1605.0,1203.75,867.0,1041.0,2140.0,-535.0,-25.0,OK
10K,standard,12,15,12.59,798.69,1238.0,1655.0,1241.25,893.0,1073.0,2200.0,-545.0,-24.8,OK
10K,standard,12,16,12.99,822.15,1274.0,1700.0,1275.0,919.0,1104.0,2265.0,-565.0,-24.9,OK
10K,milgrain,2,4,1.37,150.38,233.0,315.0,236.25,169.0,202.0,375.0,-60.0,-16.0,OK
10K,milgrain,2,5,1.43,153.9,239.0,320.0,240.0,172.0,207.0,385.0,-65.0,-16.9,OK
10K,milgrain,2,6,1.5,158.01,245.0,330.0,247.5,177.0,213.0,395.0,-65.0,-16.5,OK
10K,milgrain,2,7,1.57,162.12,251.0,335.0,251.25,182.0,218.0,410.0,-75.0,-18.3,OK
10K,milgrain,2,8,1.63,165.64,257.0,345.0,258.75,186.0,223.0,415.0,-70.0,-16.9,OK
10K,milgrain,2,9,1.7,169.74,263.0,355.0,266.25,190.0,228.0,430.0,-75.0,-17.4,OK
10K,milgrain,2,10,1.77,173.85,269.0,360.0,270.0,195.0,234.0,440.0,-80.0,-18.2,OK
10K,milgrain,2,11,1.83,177.37,275.0,370.0,277.5,199.0,239.0,450.0,-80.0,-17.8,OK
10K,milgrain,2,12,1.9,181.48,281.0,375.0,281.25,203.0,244.0,460.0,-85.0,-18.5,OK
10K,milgrain,2,13,1.97,185.58,288.0,385.0,288.75,208.0,250.0,470.0,-85.0,-18.1,OK
10K,milgrain,2,14,2.03,189.1,293.0,395.0,296.25,212.0,254.0,480.0,-85.0,-17.7,OK
10K,milgrain,2,15,2.1,193.21,299.0,400.0,300.0,216.0,260.0,495.0,-95.0,-19.2,OK
10K,milgrain,2,16,2.16,196.73,305.0,410.0,307.5,220.0,265.0,505.0,-95.0,-18.8,OK
10K,milgrain,3,4,2.05,190.28,295.0,395.0,296.25,213.0,256.0,490.0,-95.0,-19.4,OK
10K,milgrain,3,5,2.15,196.15,304.0,410.0,307.5,220.0,264.0,505.0,-95.0,-18.8,OK
10K,milgrain,3,6,2.25,202.01,313.0,420.0,315.0,226.0,272.0,520.0,-100.0,-19.2,OK
10K,milgrain,3,7,2.35,207.88,322.0,430.0,322.5,233.0,280.0,535.0,-105.0,-19.6,OK
10K,milgrain,3,8,2.45,213.75,331.0,445.0,333.75,239.0,287.0,555.0,-110.0,-19.8,OK
10K,milgrain,3,9,2.55,219.61,340.0,455.0,341.25,246.0,295.0,570.0,-115.0,-20.2,OK
10K,milgrain,3,10,2.65,225.48,349.0,470.0,352.5,252.0,303.0,585.0,-115.0,-19.7,OK
10K,milgrain,3,11,2.75,231.35,359.0,480.0,360.0,259.0,311.0,600.0,-120.0,-20.0,OK
10K,milgrain,3,12,2.85,237.22,368.0,495.0,371.25,266.0,319.0,615.0,-120.0,-19.5,OK
10K,milgrain,3,13,2.95,243.08,377.0,505.0,378.75,272.0,327.0,635.0,-130.0,-20.5,OK
10K,milgrain,3,14,3.05,248.95,386.0,515.0,386.25,279.0,335.0,650.0,-135.0,-20.8,OK
10K,milgrain,3,15,3.15,254.82,395.0,530.0,397.5,285.0,343.0,665.0,-135.0,-20.3,OK
10K,milgrain,3,16,3.25,260.69,404.0,540.0,405.0,292.0,350.0,680.0,-140.0,-20.6,OK
10K,milgrain,4,4,2.74,230.76,358.0,480.0,360.0,258.0,310.0,600.0,-120.0,-20.0,OK
10K,milgrain,4,5,2.87,238.39,370.0,495.0,371.25,267.0,320.0,625.0,-130.0,-20.8,OK
10K,milgrain,4,6,3.0,246.02,381.0,510.0,382.5,275.0,331.0,645.0,-135.0,-20.9,OK
10K,milgrain,4,7,3.14,254.23,394.0,530.0,397.5,285.0,342.0,670.0,-140.0,-20.9,OK
10K,milgrain,4,8,3.27,261.86,406.0,545.0,408.75,293.0,352.0,690.0,-145.0,-21.0,OK
10K,milgrain,4,9,3.4,269.49,418.0,560.0,420.0,302.0,362.0,710.0,-150.0,-21.1,OK
10K,milgrain,4,10,3.53,277.11,430.0,575.0,431.25,310.0,372.0,730.0,-155.0,-21.2,OK
10K,milgrain,4,11,3.67,285.33,442.0,590.0,442.5,319.0,383.0,755.0,-165.0,-21.9,OK
10K,milgrain,4,12,3.8,292.96,454.0,610.0,457.5,328.0,394.0,775.0,-165.0,-21.3,OK
10K,milgrain,4,13,3.93,300.58,466.0,625.0,468.75,336.0,404.0,795.0,-170.0,-21.4,OK
10K,milgrain,4,14,4.06,308.21,478.0,640.0,480.0,345.0,414.0,815.0,-175.0,-21.5,OK
10K,milgrain,4,15,4.2,316.42,490.0,655.0,491.25,354.0,425.0,840.0,-185.0,-22.0,OK
10K,milgrain,4,16,4.33,324.05,502.0,670.0,502.5,363.0,435.0,860.0,-190.0,-22.1,OK
10K,milgrain,5,4,3.42,270.66,420.0,560.0,420.0,303.0,364.0,715.0,-155.0,-21.7,OK
10K,milgrain,5,5,3.59,280.63,435.0,580.0,435.0,314.0,377.0,745.0,-165.0,-22.1,OK
10K,milgrain,5,6,3.75,290.02,450.0,600.0,450.0,325.0,390.0,770.0,-170.0,-22.1,OK
10K,milgrain,5,7,3.92,300.0,465.0,620.0,465.0,336.0,403.0,795.0,-175.0,-22.0,OK
10K,milgrain,5,8,4.08,309.38,480.0,640.0,480.0,346.0,416.0,825.0,-185.0,-22.4,OK
10K,milgrain,5,9,4.25,319.36,495.0,660.0,495.0,357.0,429.0,850.0,-190.0,-22.4,OK
10K,milgrain,5,10,4.42,329.33,510.0,680.0,510.0,368.0,443.0,880.0,-200.0,-22.7,OK
10K,milgrain,5,11,4.58,338.72,525.0,700.0,525.0,379.0,455.0,905.0,-205.0,-22.7,OK
10K,milgrain,5,12,4.75,348.69,540.0,720.0,540.0,390.0,469.0,930.0,-210.0,-22.6,OK
10K,milgrain,5,13,4.91,358.08,555.0,740.0,555.0,401.0,481.0,960.0,-220.0,-22.9,OK
10K,milgrain,5,14,5.08,368.06,570.0,760.0,570.0,412.0,495.0,985.0,-225.0,-22.8,OK
10K,milgrain,5,15,5.29,380.38,590.0,790.0,592.5,426.0,511.0,1010.0,-220.0,-21.8,OK
10K,milgrain,5,16,5.42,388.0,601.0,805.0,603.75,434.0,521.0,1040.0,-235.0,-22.6,OK
10K,milgrain,6,4,4.11,311.14,482.0,645.0,483.75,348.0,418.0,830.0,-185.0,-22.3,OK
10K,milgrain,6,5,4.3,322.29,500.0,670.0,502.5,361.0,433.0,865.0,-195.0,-22.5,OK
10K,milgrain,6,6,4.5,334.03,518.0,695.0,521.25,374.0,449.0,895.0,-200.0,-22.3,OK
10K,milgrain,6,7,4.7,345.76,536.0,715.0,536.25,387.0,465.0,930.0,-215.0,-23.1,OK
10K,milgrain,6,8,4.9,357.49,554.0,740.0,555.0,400.0,480.0,960.0,-220.0,-22.9,OK
10K,milgrain,6,9,5.1,369.23,572.0,765.0,573.75,413.0,496.0,990.0,-225.0,-22.7,OK
10K,milgrain,6,10,5.3,380.96,590.0,790.0,592.5,426.0,512.0,1025.0,-235.0,-22.9,OK
10K,milgrain,6,11,5.5,392.7,609.0,815.0,611.25,439.0,528.0,1055.0,-240.0,-22.7,OK
10K,milgrain,6,12,5.7,404.43,627.0,840.0,630.0,452.0,543.0,1090.0,-250.0,-22.9,OK
10K,milgrain,6,13,5.9,416.17,645.0,860.0,645.0,465.0,559.0,1120.0,-260.0,-23.2,OK
10K,milgrain,6,14,6.1,427.9,663.0,885.0,663.75,479.0,575.0,1150.0,-265.0,-23.0,OK
10K,milgrain,6,15,6.29,439.05,681.0,910.0,682.5,491.0,590.0,1185.0,-275.0,-23.2,OK
10K,milgrain,6,16,6.49,450.78,699.0,935.0,701.25,504.0,606.0,1215.0,-280.0,-23.0,OK
10K,milgrain,7,4,4.79,351.04,544.0,730.0,547.5,393.0,472.0,945.0,-215.0,-22.8,OK
10K,milgrain,7,5,5.02,364.54,565.0,755.0,566.25,408.0,490.0,980.0,-225.0,-23.0,OK
10K,milgrain,7,6,5.25,378.03,586.0,785.0,588.75,423.0,508.0,1020.0,-235.0,-23.0,OK
10K,milgrain,7,7,5.49,392.11,608.0,815.0,611.25,439.0,527.0,1055.0,-240.0,-22.7,OK
10K,milgrain,7,8,5.72,405.61,629.0,840.0,630.0,454.0,545.0,1095.0,-255.0,-23.3,OK
10K,milgrain,7,9,5.95,419.1,650.0,870.0,652.5,469.0,563.0,1135.0,-265.0,-23.3,OK
10K,milgrain,7,10,6.18,432.6,671.0,895.0,671.25,484.0,581.0,1170.0,-275.0,-23.5,OK
10K,milgrain,7,11,6.42,446.68,692.0,925.0,693.75,500.0,600.0,1210.0,-285.0,-23.6,OK
10K,milgrain,7,12,6.65,460.17,713.0,955.0,716.25,515.0,618.0,1245.0,-290.0,-23.3,OK
10K,milgrain,7,13,6.88,473.67,734.0,980.0,735.0,530.0,636.0,1285.0,-305.0,-23.7,OK
10K,milgrain,7,14,7.11,487.16,755.0,1010.0,757.5,545.0,654.0,1320.0,-310.0,-23.5,OK
10K,milgrain,7,15,7.34,500.66,776.0,1035.0,776.25,560.0,673.0,1360.0,-325.0,-23.9,OK
10K,milgrain,7,16,7.58,514.74,798.0,1065.0,798.75,576.0,691.0,1395.0,-330.0,-23.7,OK
10K,milgrain,8,4,5.47,390.94,606.0,810.0,607.5,437.0,525.0,1060.0,-250.0,-23.6,OK
10K,milgrain,8,5,5.74,406.78,631.0,845.0,633.75,455.0,547.0,1100.0,-255.0,-23.2,OK
10K,milgrain,8,6,6.0,422.03,654.0,875.0,656.25,472.0,567.0,1145.0,-270.0,-23.6,OK
10K,milgrain,8,7,6.27,437.88,679.0,910.0,682.5,490.0,588.0,1180.0,-270.0,-22.9,OK
10K,milgrain,8,8,6.54,453.72,703.0,940.0,705.0,507.0,610.0,1230.0,-290.0,-23.6,OK
10K,milgrain,8,9,6.8,468.97,727.0,970.0,727.5,524.0,630.0,1270.0,-300.0,-23.6,OK
10K,milgrain,8,10,7.07,484.81,751.0,1005.0,753.75,542.0,651.0,1315.0,-310.0,-23.6,OK
10K,milgrain,8,11,7.33,500.07,775.0,1035.0,776.25,559.0,672.0,1360.0,-325.0,-23.9,OK
10K,milgrain,8,12,7.6,515.91,800.0,1070.0,802.5,577.0,693.0,1400.0,-330.0,-23.6,OK
10K,milgrain,8,13,7.86,531.17,823.0,1100.0,825.0,594.0,713.0,1445.0,-345.0,-23.9,OK
10K,milgrain,8,14,8.13,547.01,848.0,1135.0,851.25,612.0,735.0,1490.0,-355.0,-23.8,OK
10K,milgrain,8,15,8.39,562.26,872.0,1165.0,873.75,629.0,755.0,1530.0,-365.0,-23.9,OK
10K,milgrain,8,16,8.66,578.1,896.0,1195.0,896.25,646.0,776.0,1575.0,-380.0,-24.1,OK
10K,milgrain,9,4,6.16,431.42,669.0,895.0,671.25,483.0,580.0,1175.0,-280.0,-23.8,OK
10K,milgrain,9,5,6.46,449.02,696.0,930.0,697.5,502.0,603.0,1220.0,-290.0,-23.8,OK
10K,milgrain,9,6,6.76,466.63,723.0,965.0,723.75,522.0,627.0,1270.0,-305.0,-24.0,OK
10K,milgrain,9,7,7.05,483.64,750.0,1000.0,750.0,541.0,650.0,1315.0,-315.0,-24.0,OK
10K,milgrain,9,8,7.35,501.24,777.0,1040.0,780.0,561.0,673.0,1365.0,-325.0,-23.8,OK
10K,milgrain,9,9,7.65,518.84,804.0,1075.0,806.25,580.0,697.0,1415.0,-340.0,-24.0,OK
10K,milgrain,9,10,7.95,536.45,831.0,1110.0,832.5,600.0,721.0,1460.0,-350.0,-24.0,OK
10K,milgrain,9,11,8.25,554.05,859.0,1150.0,862.5,620.0,744.0,1510.0,-360.0,-23.8,OK
10K,milgrain,9,12,8.55,571.65,886.0,1185.0,888.75,639.0,768.0,1560.0,-375.0,-24.0,OK
10K,milgrain,9,13,8.85,589.25,913.0,1220.0,915.0,659.0,791.0,1605.0,-385.0,-24.0,OK
10K,milgrain,9,14,9.14,606.27,940.0,1255.0,941.25,678.0,814.0,1655.0,-400.0,-24.2,OK
10K,milgrain,9,15,9.44,623.87,967.0,1290.0,967.5,698.0,838.0,1705.0,-415.0,-24.3,OK
10K,milgrain,9,16,9.74,641.47,994.0,1330.0,997.5,717.0,862.0,1755.0,-425.0,-24.2,OK
10K,milgrain,10,4,6.84,471.32,731.0,975.0,731.25,527.0,633.0,1285.0,-310.0,-24.1,OK
10K,milgrain,10,5,7.17,490.68,761.0,1015.0,761.25,549.0,659.0,1340.0,-325.0,-24.3,OK
10K,milgrain,10,6,7.51,510.63,791.0,1055.0,791.25,571.0,686.0,1395.0,-340.0,-24.4,OK
10K,milgrain,10,7,7.84,529.99,821.0,1095.0,821.25,593.0,712.0,1450.0,-355.0,-24.5,OK
10K,milgrain,10,8,8.17,549.35,851.0,1135.0,851.25,614.0,738.0,1500.0,-365.0,-24.3,OK
10K,milgrain,10,9,8.5,568.72,882.0,1180.0,885.0,636.0,764.0,1555.0,-375.0,-24.1,OK
10K,milgrain,10,10,8.83,588.08,912.0,1220.0,915.0,658.0,790.0,1610.0,-390.0,-24.2,OK
10K,milgrain,10,11,9.16,607.44,942.0,1260.0,945.0,679.0,816.0,1660.0,-400.0,-24.1,OK
10K,milgrain,10,12,9.5,627.39,972.0,1300.0,975.0,701.0,843.0,1715.0,-415.0,-24.2,OK
10K,milgrain,10,13,9.83,646.75,1002.0,1340.0,1005.0,723.0,869.0,1770.0,-430.0,-24.3,OK
10K,milgrain,10,14,10.16,666.11,1032.0,1380.0,1035.0,745.0,895.0,1820.0,-440.0,-24.2,OK
10K,milgrain,10,15,10.49,685.47,1062.0,1420.0,1065.0,766.0,921.0,1875.0,-455.0,-24.3,OK
10K,milgrain,10,16,10.82,704.84,1093.0,1460.0,1095.0,788.0,947.0,1930.0,-470.0,-24.4,OK
10K,milgrain,11,4,7.53,511.8,793.0,1060.0,795.0,572.0,687.0,1400.0,-340.0,-24.3,OK
10K,milgrain,11,5,7.89,532.93,826.0,1105.0,828.75,596.0,716.0,1460.0,-355.0,-24.3,OK
10K,milgrain,11,6,8.26,554.63,860.0,1150.0,862.5,620.0,745.0,1520.0,-370.0,-24.3,OK
10K,milgrain,11,7,8.62,575.76,892.0,1190.0,892.5,644.0,773.0,1580.0,-390.0,-24.7,OK
10K,milgrain,11,8,8.99,597.46,926.0,1235.0,926.25,668.0,802.0,1635.0,-400.0,-24.5,OK
10K,milgrain,11,9,9.35,618.59,959.0,1280.0,960.0,692.0,831.0,1695.0,-415.0,-24.5,OK
10K,milgrain,11,10,9.72,640.3,992.0,1325.0,993.75,716.0,860.0,1755.0,-430.0,-24.5,OK
10K,milgrain,11,11,10.08,661.42,1025.0,1370.0,1027.5,740.0,888.0,1815.0,-445.0,-24.5,OK
10K,milgrain,11,12,10.45,683.13,1059.0,1415.0,1061.25,764.0,917.0,1875.0,-460.0,-24.5,OK
10K,milgrain,11,13,10.81,704.25,1092.0,1460.0,1095.0,787.0,946.0,1930.0,-470.0,-24.4,OK
10K,milgrain,11,14,11.18,725.96,1125.0,1500.0,1125.0,812.0,975.0,1990.0,-490.0,-24.6,OK
10K,milgrain,11,15,11.53,746.49,1157.0,1545.0,1158.75,835.0,1002.0,2050.0,-505.0,-24.6,OK
10K,milgrain,11,16,11.91,768.79,1192.0,1590.0,1192.5,859.0,1032.0,2110.0,-520.0,-24.6,OK
10K,milgrain,12,4,8.21,551.7,855.0,1140.0,855.0,617.0,741.0,1515.0,-375.0,-24.8,OK
10K,milgrain,12,5,8.61,575.17,892.0,1190.0,892.5,643.0,773.0,1580.0,-390.0,-24.7,OK
10K,milgrain,12,6,9.01,598.64,928.0,1240.0,930.0,669.0,804.0,1645.0,-405.0,-24.6,OK
10K,milgrain,12,7,9.41,622.11,964.0,1290.0,967.5,696.0,836.0,1710.0,-420.0,-24.6,OK
10K,milgrain,12,8,9.8,644.99,1000.0,1335.0,1001.25,721.0,866.0,1770.0,-435.0,-24.6,OK
10K,milgrain,12,9,10.2,668.46,1036.0,1385.0,1038.75,747.0,898.0,1835.0,-450.0,-24.5,OK
10K,milgrain,12,10,10.6,691.93,1072.0,1430.0,1072.5,774.0,929.0,1900.0,-470.0,-24.7,OK
10K,milgrain,12,11,11.0,715.4,1109.0,1480.0,1110.0,800.0,961.0,1965.0,-485.0,-24.7,OK
10K,milgrain,12,12,11.4,738.87,1145.0,1530.0,1147.5,826.0,992.0,2030.0,-500.0,-24.6,OK
10K,milgrain,12,13,11.79,761.75,1181.0,1575.0,1181.25,852.0,1023.0,2095.0,-520.0,-24.8,OK
10K,milgrain,12,14,12.19,785.22,1217.0,1625.0,1218.75,878.0,1054.0,2160.0,-535.0,-24.8,OK
10K,milgrain,12,15,12.59,808.69,1253.0,1675.0,1256.25,904.0,1086.0,2220.0,-545.0,-24.5,OK
10K,milgrain,12,16,12.99,832.15,1290.0,1720.0,1290.0,930.0,1117.0,2290.0,-570.0,-24.9,OK
14K,standard,2,4,1.56,187.96,291.0,390.0,292.5,211.0,253.0,490.0,-100.0,-20.4,OK
14K,standard,2,5,1.63,193.71,300.0,400.0,300.0,217.0,261.0,505.0,-105.0,-20.8,OK
14K,standard,2,6,1.71,200.27,310.0,415.0,311.25,224.0,269.0,525.0,-110.0,-21.0,OK
14K,standard,2,7,1.78,206.01,319.0,430.0,322.5,231.0,277.0,540.0,-110.0,-20.4,OK
14K,standard,2,8,1.86,212.57,329.0,440.0,330.0,238.0,286.0,555.0,-115.0,-20.7,OK
14K,standard,2,9,1.93,218.32,338.0,455.0,341.25,244.0,294.0,575.0,-120.0,-20.9,OK
14K,standard,2,10,2.01,224.88,349.0,470.0,352.5,252.0,302.0,590.0,-120.0,-20.3,OK
14K,standard,2,11,2.08,230.62,357.0,480.0,360.0,258.0,310.0,610.0,-130.0,-21.3,OK
14K,standard,2,12,2.16,237.18,368.0,495.0,371.25,266.0,319.0,625.0,-130.0,-20.8,OK
14K,standard,2,13,2.23,242.92,377.0,505.0,378.75,272.0,327.0,640.0,-135.0,-21.1,OK
14K,standard,2,14,2.31,249.49,387.0,520.0,390.0,279.0,335.0,660.0,-140.0,-21.2,OK
14K,standard,2,15,2.38,255.23,396.0,530.0,397.5,286.0,343.0,675.0,-145.0,-21.5,OK
14K,standard,2,16,2.4,256.87,398.0,535.0,401.25,288.0,345.0,695.0,-160.0,-23.0,OK
14K,standard,3,4,2.33,251.13,389.0,520.0,390.0,281.0,338.0,670.0,-150.0,-22.4,OK
14K,standard,3,5,2.45,260.97,405.0,540.0,405.0,292.0,351.0,695.0,-155.0,-22.3,OK
14K,standard,3,6,2.56,269.99,418.0,560.0,420.0,302.0,363.0,720.0,-160.0,-22.2,OK
14K,standard,3,7,2.67,279.02,432.0,580.0,435.0,312.0,375.0,745.0,-165.0,-22.1,OK
14K,standard,3,8,2.79,288.86,448.0,600.0,450.0,323.0,388.0,770.0,-170.0,-22.1,OK
14K,standard,3,9,2.9,297.88,462.0,620.0,465.0,333.0,400.0,795.0,-175.0,-22.0,OK
14K,standard,3,10,3.01,306.91,476.0,635.0,476.25,343.0,412.0,825.0,-190.0,-23.0,OK
14K,standard,3,11,3.12,315.93,490.0,655.0,491.25,353.0,425.0,850.0,-195.0,-22.9,OK
14K,standard,3,12,3.24,325.77,505.0,675.0,506.25,364.0,438.0,875.0,-200.0,-22.9,OK
14K,standard,3,13,3.35,334.8,519.0,695.0,521.25,375.0,450.0,900.0,-205.0,-22.8,OK
14K,standard,3,14,3.46,343.82,533.0,715.0,536.25,385.0,462.0,925.0,-210.0,-22.7,OK
14K,standard,3,15,3.58,353.66,548.0,735.0,551.25,396.0,475.0,950.0,-215.0,-22.6,OK
14K,standard,3,16,3.69,362.69,562.0,750.0,562.5,406.0,487.0,975.0,-225.0,-23.1,OK
14K,standard,4,4,3.11,315.11,488.0,655.0,491.25,353.0,423.0,850.0,-195.0,-22.9,OK
14K,standard,4,5,3.26,327.41,507.0,680.0,510.0,366.0,440.0,885.0,-205.0,-23.2,OK
14K,standard,4,6,3.41,339.72,527.0,705.0,528.75,380.0,456.0,920.0,-215.0,-23.4,OK
14K,standard,4,7,3.56,352.02,546.0,730.0,547.5,394.0,473.0,955.0,-225.0,-23.6,OK
14K,standard,4,8,3.71,364.33,565.0,755.0,566.25,408.0,490.0,990.0,-235.0,-23.7,OK
14K,standard,4,9,3.86,376.63,584.0,780.0,585.0,421.0,506.0,1020.0,-240.0,-23.5,OK
14K,standard,4,10,4.01,388.94,603.0,805.0,603.75,435.0,523.0,1055.0,-250.0,-23.7,OK
14K,standard,4,11,4.17,402.06,623.0,835.0,626.25,450.0,540.0,1090.0,-255.0,-23.4,OK
14K,standard,4,12,4.32,414.36,642.0,860.0,645.0,463.0,557.0,1125.0,-265.0,-23.6,OK
14K,standard,4,13,4.47,426.67,661.0,885.0,663.75,477.0,573.0,1155.0,-270.0,-23.4,OK
14K,standard,4,14,4.62,438.97,680.0,910.0,682.5,491.0,590.0,1190.0,-280.0,-23.5,OK
14K,standard,4,15,4.77,451.28,699.0,935.0,701.25,505.0,606.0,1225.0,-290.0,-23.7,OK
14K,standard,4,16,4.92,463.58,719.0,960.0,720.0,518.0,623.0,1260.0,-300.0,-23.8,OK
14K,standard,5,4,3.89,379.09,588.0,785.0,588.75,424.0,509.0,1030.0,-245.0,-23.8,OK
14K,standard,5,5,4.06,393.04,609.0,815.0,611.25,440.0,528.0,1075.0,-260.0,-24.2,OK
14K,standard,5,6,4.26,409.44,635.0,850.0,637.5,458.0,550.0,1115.0,-265.0,-23.8,OK
14K,standard,5,7,4.45,425.03,659.0,880.0,660.0,475.0,571.0,1160.0,-280.0,-24.1,OK
14K,standard,5,8,4.64,440.61,683.0,915.0,686.25,493.0,592.0,1200.0,-285.0,-23.8,OK
14K,standard,5,9,4.83,456.2,707.0,945.0,708.75,510.0,613.0,1245.0,-300.0,-24.1,OK
14K,standard,5,10,5.02,471.78,731.0,975.0,731.25,528.0,634.0,1290.0,-315.0,-24.4,OK
14K,standard,5,11,5.21,487.37,755.0,1010.0,757.5,545.0,655.0,1330.0,-320.0,-24.1,OK
14K,standard,5,12,5.4,502.96,780.0,1040.0,780.0,562.0,676.0,1375.0,-335.0,-24.4,OK
14K,standard,5,13,5.58,517.72,802.0,1070.0,802.5,579.0,695.0,1415.0,-345.0,-24.4,OK
14K,standard,5,14,5.77,533.31,827.0,1105.0,828.75,596.0,716.0,1455.0,-350.0,-24.1,OK
14K,standard,5,15,5.96,548.89,851.0,1135.0,851.25,614.0,737.0,1500.0,-365.0,-24.3,OK
14K,standard,5,16,6.15,564.48,875.0,1170.0,877.5,631.0,758.0,1545.0,-375.0,-24.3,OK
14K,standard,6,4,4.67,443.07,687.0,920.0,690.0,496.0,595.0,1215.0,-295.0,-24.3,OK
14K,standard,6,5,4.89,461.12,715.0,955.0,716.25,516.0,619.0,1265.0,-310.0,-24.5,OK
14K,standard,6,6,5.12,479.99,744.0,995.0,746.25,537.0,645.0,1315.0,-320.0,-24.3,OK
14K,standard,6,7,5.34,498.03,772.0,1030.0,772.5,557.0,669.0,1365.0,-335.0,-24.5,OK
14K,standard,6,8,5.57,516.9,801.0,1070.0,802.5,578.0,694.0,1420.0,-350.0,-24.6,OK
14K,standard,6,9,5.8,535.77,830.0,1110.0,832.5,599.0,720.0,1470.0,-360.0,-24.5,OK
14K,standard,6,10,6.02,553.81,858.0,1145.0,858.75,619.0,744.0,1520.0,-375.0,-24.7,OK
14K,standard,6,11,6.25,572.68,888.0,1185.0,888.75,640.0,769.0,1570.0,-385.0,-24.5,OK
14K,standard,6,12,6.47,590.73,916.0,1225.0,918.75,661.0,793.0,1620.0,-395.0,-24.4,OK
14K,standard,6,13,6.7,609.59,945.0,1260.0,945.0,682.0,819.0,1675.0,-415.0,-24.8,OK
14K,standard,6,14,6.93,628.46,974.0,1300.0,975.0,703.0,844.0,1725.0,-425.0,-24.6,OK
14K,standard,6,15,7.15,646.51,1002.0,1340.0,1005.0,723.0,868.0,1775.0,-435.0,-24.5,OK
14K,standard,6,16,7.38,665.37,1031.0,1375.0,1031.25,744.0,894.0,1825.0,-450.0,-24.7,OK
14K,standard,7,4,5.44,506.24,785.0,1050.0,787.5,566.0,680.0,1395.0,-345.0,-24.7,OK
14K,standard,7,5,5.71,528.38,819.0,1095.0,821.25,591.0,710.0,1455.0,-360.0,-24.7,OK
14K,standard,7,6,5.97,549.71,852.0,1140.0,855.0,615.0,738.0,1515.0,-375.0,-24.8,OK
14K,standard,7,7,6.23,571.04,885.0,1180.0,885.0,639.0,767.0,1575.0,-395.0,-25.1,OK
14K,standard,7,8,6.5,593.19,919.0,1230.0,922.5,663.0,797.0,1630.0,-400.0,-24.5,OK
14K,standard,7,9,6.76,614.51,952.0,1270.0,952.5,687.0,825.0,1695.0,-425.0,-25.1,OK
14K,standard,7,10,7.03,636.66,987.0,1320.0,990.0,712.0,855.0,1750.0,-430.0,-24.6,OK
14K,standard,7,11,7.29,657.99,1020.0,1360.0,1020.0,736.0,884.0,1810.0,-450.0,-24.9,OK
14K,standard,7,12,7.55,679.32,1053.0,1405.0,1053.75,760.0,912.0,1870.0,-465.0,-24.9,OK
14K,standard,7,13,7.82,701.47,1087.0,1450.0,1087.5,784.0,942.0,1930.0,-480.0,-24.9,OK
14K,standard,7,14,8.08,722.79,1120.0,1495.0,1121.25,808.0,971.0,1990.0,-495.0,-24.9,OK
14K,standard,7,15,8.35,744.94,1155.0,1540.0,1155.0,833.0,1000.0,2050.0,-510.0,-24.9,OK
14K,standard,7,16,8.61,766.27,1188.0,1585.0,1188.75,857.0,1029.0,2110.0,-525.0,-24.9,OK
14K,standard,8,4,6.22,570.22,884.0,1180.0,885.0,638.0,766.0,1575.0,-395.0,-25.1,OK
14K,standard,8,5,6.52,594.83,922.0,1230.0,922.5,665.0,799.0,1645.0,-415.0,-25.2,OK
14K,standard,8,6,6.82,619.44,960.0,1280.0,960.0,693.0,832.0,1710.0,-430.0,-25.1,OK
14K,standard,8,7,7.13,644.87,1000.0,1335.0,1001.25,721.0,866.0,1780.0,-445.0,-25.0,OK
14K,standard,8,8,7.43,669.47,1038.0,1385.0,1038.75,749.0,899.0,1850.0,-465.0,-25.1,OK
14K,standard,8,9,7.73,694.08,1076.0,1435.0,1076.25,776.0,932.0,1915.0,-480.0,-25.1,OK
14K,standard,8,10,8.03,718.69,1114.0,1490.0,1117.5,804.0,965.0,1985.0,-495.0,-24.9,OK
14K,standard,8,11,8.33,743.3,1152.0,1540.0,1155.0,831.0,998.0,2050.0,-510.0,-24.9,OK
14K,standard,8,12,8.63,767.91,1190.0,1590.0,1192.5,858.0,1031.0,2120.0,-530.0,-25.0,OK
14K,standard,8,13,8.93,792.52,1228.0,1640.0,1230.0,886.0,1064.0,2190.0,-550.0,-25.1,OK
14K,standard,8,14,9.24,817.95,1268.0,1695.0,1271.25,914.0,1098.0,2255.0,-560.0,-24.8,OK
14K,standard,8,15,9.54,842.55,1306.0,1745.0,1308.75,942.0,1131.0,2325.0,-580.0,-24.9,OK
14K,standard,8,16,9.84,867.16,1344.0,1795.0,1346.25,969.0,1164.0,2395.0,-600.0,-25.1,OK
14K,standard,9,4,7.0,634.2,983.0,1315.0,986.25,709.0,852.0,1755.0,-440.0,-25.1,OK
14K,standard,9,5,7.34,662.09,1026.0,1370.0,1027.5,740.0,889.0,1835.0,-465.0,-25.3,OK
14K,standard,9,6,7.68,689.98,1069.0,1430.0,1072.5,771.0,927.0,1910.0,-480.0,-25.1,OK
14K,standard,9,7,8.02,717.87,1113.0,1485.0,1113.75,803.0,964.0,1985.0,-500.0,-25.2,OK
14K,standard,9,8,8.36,745.76,1156.0,1545.0,1158.75,834.0,1002.0,2060.0,-515.0,-25.0,OK
14K,standard,9,9,8.69,772.83,1198.0,1600.0,1200.0,864.0,1038.0,2140.0,-540.0,-25.2,OK
14K,standard,9,10,9.03,800.72,1241.0,1655.0,1241.25,895.0,1075.0,2215.0,-560.0,-25.3,OK
14K,standard,9,11,9.37,828.61,1284.0,1715.0,1286.25,926.0,1113.0,2295.0,-580.0,-25.3,OK
14K,standard,9,12,9.71,856.5,1328.0,1775.0,1331.25,957.0,1150.0,2370.0,-595.0,-25.1,OK
14K,standard,9,13,10.05,884.39,1371.0,1830.0,1372.5,989.0,1188.0,2445.0,-615.0,-25.2,OK
14K,standard,9,14,10.39,912.28,1414.0,1890.0,1417.5,1020.0,1225.0,2525.0,-635.0,-25.1,OK
14K,standard,9,15,10.73,940.17,1457.0,1945.0,1458.75,1051.0,1262.0,2600.0,-655.0,-25.2,OK
14K,standard,9,16,11.07,968.06,1500.0,2000.0,1500.0,1082.0,1300.0,2675.0,-675.0,-25.2,OK
14K,standard,10,4,7.78,698.18,1082.0,1445.0,1083.75,781.0,938.0,1935.0,-490.0,-25.3,OK
14K,standard,10,5,8.15,728.53,1129.0,1510.0,1132.5,814.0,978.0,2020.0,-510.0,-25.2,OK
14K,standard,10,6,8.53,759.71,1178.0,1575.0,1181.25,849.0,1020.0,2110.0,-535.0,-25.4,OK
14K,standard,10,7,8.91,790.88,1226.0,1635.0,1226.25,884.0,1062.0,2195.0,-560.0,-25.5,OK
14K,standard,10,8,9.28,821.23,1273.0,1700.0,1275.0,918.0,1103.0,2275.0,-575.0,-25.3,OK
14K,standard,10,9,9.66,852.4,1321.0,1765.0,1323.75,953.0,1145.0,2360.0,-595.0,-25.2,OK
14K,standard,10,10,10.04,883.57,1370.0,1830.0,1372.5,988.0,1186.0,2450.0,-620.0,-25.3,OK
14K,standard,10,11,10.41,913.92,1417.0,1890.0,1417.5,1022.0,1227.0,2535.0,-645.0,-25.4,OK
14K,standard,10,12,10.79,945.09,1465.0,1955.0,1466.25,1056.0,1269.0,2620.0,-665.0,-25.4,OK
14K,standard,10,13,11.17,976.26,1513.0,2020.0,1515.0,1091.0,1311.0,2705.0,-685.0,-25.3,OK
14K,standard,10,14,11.55,1007.43,1562.0,2085.0,1563.75,1126.0,1353.0,2790.0,-705.0,-25.3,OK
14K,standard,10,15,11.92,1037.78,1609.0,2150.0,1612.5,1160.0,1393.0,2875.0,-725.0,-25.2,OK
14K,standard,10,16,12.3,1068.95,1657.0,2210.0,1657.5,1195.0,1435.0,2960.0,-750.0,-25.3,OK
14K,standard,11,4,8.55,761.35,1180.0,1575.0,1181.25,851.0,1022.0,2120.0,-545.0,-25.7,OK
14K,standard,11,5,8.97,795.8,1233.0,1645.0,1233.75,890.0,1069.0,2210.0,-565.0,-25.6,OK
14K,standard,11,6,9.38,829.43,1286.0,1715.0,1286.25,927.0,1114.0,2305.0,-590.0,-25.6,OK
14K,standard,11,7,9.8,863.88,1339.0,1790.0,1342.5,966.0,1160.0,2400.0,-610.0,-25.4,OK
14K,standard,11,8,10.21,897.51,1391.0,1855.0,1391.25,1003.0,1205.0,2495.0,-640.0,-25.7,OK
14K,standard,11,9,10.63,931.97,1445.0,1930.0,1447.5,1042.0,1251.0,2585.0,-655.0,-25.3,OK
14K,standard,11,10,11.04,965.6,1497.0,2000.0,1500.0,1079.0,1297.0,2680.0,-680.0,-25.4,OK
14K,standard,11,11,11.46,1000.05,1550.0,2070.0,1552.5,1118.0,1343.0,2775.0,-705.0,-25.4,OK
14K,standard,11,12,11.87,1033.68,1602.0,2140.0,1605.0,1155.0,1388.0,2870.0,-730.0,-25.4,OK
14K,standard,11,13,12.29,1068.13,1656.0,2210.0,1657.5,1194.0,1434.0,2960.0,-750.0,-25.3,OK
14K,standard,11,14,12.7,1101.77,1708.0,2280.0,1710.0,1232.0,1479.0,3055.0,-775.0,-25.4,OK
14K,standard,11,15,13.11,1135.4,1760.0,2350.0,1762.5,1269.0,1525.0,3150.0,-800.0,-25.4,OK
14K,standard,11,16,13.53,1169.85,1813.0,2420.0,1815.0,1308.0,1571.0,3240.0,-820.0,-25.3,OK
14K,standard,12,4,9.33,825.33,1279.0,1710.0,1282.5,923.0,1108.0,2300.0,-590.0,-25.7,OK
14K,standard,12,5,9.78,862.24,1336.0,1785.0,1338.75,964.0,1158.0,2400.0,-615.0,-25.6,OK
14K,standard,12,6,10.24,899.97,1395.0,1860.0,1395.0,1006.0,1209.0,2505.0,-645.0,-25.7,OK
14K,standard,12,7,10.69,936.89,1452.0,1940.0,1455.0,1047.0,1258.0,2605.0,-665.0,-25.5,OK
14K,standard,12,8,11.14,973.8,1509.0,2015.0,1511.25,1089.0,1308.0,2710.0,-695.0,-25.6,OK
14K,standard,12,9,11.59,1010.71,1567.0,2090.0,1567.5,1130.0,1357.0,2810.0,-720.0,-25.6,OK
14K,standard,12,10,12.04,1047.63,1624.0,2170.0,1627.5,1171.0,1407.0,2915.0,-745.0,-25.6,OK
14K,standard,12,11,12.5,1085.36,1682.0,2245.0,1683.75,1213.0,1457.0,3015.0,-770.0,-25.5,OK
14K,standard,12,12,12.95,1122.27,1740.0,2320.0,1740.0,1254.0,1507.0,3115.0,-795.0,-25.5,OK
14K,standard,12,13,13.4,1159.19,1797.0,2400.0,1800.0,1296.0,1556.0,3220.0,-820.0,-25.5,OK
14K,standard,12,14,13.85,1196.1,1854.0,2475.0,1856.25,1337.0,1606.0,3320.0,-845.0,-25.5,OK
14K,standard,12,15,14.31,1233.83,1912.0,2550.0,1912.5,1379.0,1657.0,3425.0,-875.0,-25.5,OK
14K,standard,12,16,14.76,1270.75,1970.0,2630.0,1972.5,1420.0,1706.0,3530.0,-900.0,-25.5,OK
14K,milgrain,2,4,1.56,197.96,307.0,410.0,307.5,222.0,266.0,510.0,-100.0,-19.6,OK
14K,milgrain,2,5,1.63,203.71,316.0,425.0,318.75,228.0,274.0,525.0,-100.0,-19.0,OK
14K,milgrain,2,6,1.71,210.27,326.0,435.0,326.25,235.0,283.0,545.0,-110.0,-20.2,OK
14K,milgrain,2,7,1.78,216.01,335.0,450.0,337.5,242.0,290.0,560.0,-110.0,-19.6,OK
14K,milgrain,2,8,1.86,222.57,345.0,460.0,345.0,249.0,299.0,575.0,-115.0,-20.0,OK
14K,milgrain,2,9,1.93,228.32,354.0,475.0,356.25,256.0,307.0,595.0,-120.0,-20.2,OK
14K,milgrain,2,10,2.01,234.88,364.0,490.0,367.5,263.0,316.0,610.0,-120.0,-19.7,OK
14K,milgrain,2,11,2.08,240.62,373.0,500.0,375.0,269.0,323.0,630.0,-130.0,-20.6,OK
14K,milgrain,2,12,2.16,247.18,383.0,515.0,386.25,277.0,332.0,645.0,-130.0,-20.2,OK
14K,milgrain,2,13,2.23,252.92,392.0,525.0,393.75,283.0,340.0,660.0,-135.0,-20.5,OK
14K,milgrain,2,14,2.31,259.49,402.0,540.0,405.0,290.0,349.0,680.0,-140.0,-20.6,OK
14K,milgrain,2,15,2.38,265.23,411.0,550.0,412.5,297.0,357.0,695.0,-145.0,-20.9,OK
14K,milgrain,2,16,2.4,266.87,414.0,555.0,416.25,299.0,359.0,715.0,-160.0,-22.4,OK
14K,milgrain,3,4,2.33,261.13,405.0,540.0,405.0,292.0,351.0,690.0,-150.0,-21.7,OK
14K,milgrain,3,5,2.45,270.97,420.0,560.0,420.0,303.0,364.0,715.0,-155.0,-21.7,OK
14K,milgrain,3,6,2.56,279.99,434.0,580.0,435.0,313.0,376.0,740.0,-160.0,-21.6,OK
14K,milgrain,3,7,2.67,289.02,448.0,600.0,450.0,323.0,388.0,770.0,-170.0,-22.1,OK
14K,milgrain,3,8,2.79,298.86,463.0,620.0,465.0,334.0,402.0,795.0,-175.0,-22.0,OK
14K,milgrain,3,9,2.9,307.88,477.0,640.0,480.0,344.0,414.0,820.0,-180.0,-22.0,OK
14K,milgrain,3,10,3.01,316.91,491.0,655.0,491.25,355.0,426.0,845.0,-190.0,-22.5,OK
14K,milgrain,3,11,3.12,325.93,505.0,675.0,506.25,365.0,438.0,870.0,-195.0,-22.4,OK
14K,milgrain,3,12,3.24,335.77,520.0,695.0,521.25,376.0,451.0,895.0,-200.0,-22.3,OK
14K,milgrain,3,13,3.35,344.8,534.0,715.0,536.25,386.0,463.0,920.0,-205.0,-22.3,OK
14K,milgrain,3,14,3.46,353.82,548.0,735.0,551.25,396.0,475.0,945.0,-210.0,-22.2,OK
14K,milgrain,3,15,3.58,363.66,564.0,755.0,566.25,407.0,489.0,970.0,-215.0,-22.2,OK
14K,milgrain,3,16,3.69,372.69,578.0,775.0,581.25,417.0,501.0,995.0,-220.0,-22.1,OK
14K,milgrain,4,4,3.11,325.11,504.0,675.0,506.25,364.0,437.0,870.0,-195.0,-22.4,OK
14K,milgrain,4,5,3.26,337.41,523.0,700.0,525.0,377.0,453.0,905.0,-205.0,-22.7,OK
14K,milgrain,4,6,3.41,349.72,542.0,725.0,543.75,391.0,470.0,940.0,-215.0,-22.9,OK
14K,milgrain,4,7,3.56,362.02,561.0,750.0,562.5,405.0,486.0,975.0,-225.0,-23.1,OK
14K,milgrain,4,8,3.71,374.33,580.0,775.0,581.25,419.0,503.0,1010.0,-235.0,-23.3,OK
14K,milgrain,4,9,3.86,386.63,599.0,800.0,600.0,432.0,519.0,1040.0,-240.0,-23.1,OK
14K,milgrain,4,10,4.01,398.94,618.0,825.0,618.75,446.0,536.0,1075.0,-250.0,-23.3,OK
14K,milgrain,4,11,4.17,412.06,639.0,855.0,641.25,461.0,554.0,1110.0,-255.0,-23.0,OK
14K,milgrain,4,12,4.32,424.36,658.0,880.0,660.0,475.0,570.0,1145.0,-265.0,-23.1,OK
14K,milgrain,4,13,4.47,436.67,677.0,905.0,678.75,488.0,587.0,1180.0,-275.0,-23.3,OK
14K,milgrain,4,14,4.62,448.97,696.0,930.0,697.5,502.0,603.0,1210.0,-280.0,-23.1,OK
14K,milgrain,4,15,4.77,461.28,715.0,955.0,716.25,516.0,620.0,1245.0,-290.0,-23.3,OK
14K,milgrain,4,16,4.92,473.58,734.0,980.0,735.0,530.0,636.0,1280.0,-300.0,-23.4,OK
14K,milgrain,5,4,3.89,389.09,603.0,805.0,603.75,435.0,523.0,1050.0,-245.0,-23.3,OK
14K,milgrain,5,5,4.06,403.04,625.0,835.0,626.25,451.0,541.0,1095.0,-260.0,-23.7,OK
14K,milgrain,5,6,4.26,419.44,650.0,870.0,652.5,469.0,564.0,1135.0,-265.0,-23.3,OK
14K,milgrain,5,7,4.45,435.03,674.0,900.0,675.0,487.0,584.0,1180.0,-280.0,-23.7,OK
14K,milgrain,5,8,4.64,450.61,698.0,935.0,701.25,504.0,605.0,1225.0,-290.0,-23.7,OK
14K,milgrain,5,9,4.83,466.2,723.0,965.0,723.75,521.0,626.0,1265.0,-300.0,-23.7,OK
14K,milgrain,5,10,5.02,481.78,747.0,1000.0,750.0,539.0,647.0,1310.0,-310.0,-23.7,OK
14K,milgrain,5,11,5.21,497.37,771.0,1030.0,772.5,556.0,668.0,1350.0,-320.0,-23.7,OK
14K,milgrain,5,12,5.4,512.96,795.0,1060.0,795.0,574.0,689.0,1395.0,-335.0,-24.0,OK
14K,milgrain,5,13,5.58,527.72,818.0,1095.0,821.25,590.0,709.0,1435.0,-340.0,-23.7,OK
14K,milgrain,5,14,5.77,543.31,842.0,1125.0,843.75,608.0,730.0,1480.0,-355.0,-24.0,OK
14K,milgrain,5,15,5.96,558.89,866.0,1155.0,866.25,625.0,751.0,1520.0,-365.0,-24.0,OK
14K,milgrain,5,16,6.15,574.48,890.0,1190.0,892.5,642.0,772.0,1565.0,-375.0,-24.0,OK
14K,milgrain,6,4,4.67,453.07,702.0,940.0,705.0,507.0,609.0,1235.0,-295.0,-23.9,OK
14K,milgrain,6,5,4.89,471.12,730.0,975.0,731.25,527.0,633.0,1285.0,-310.0,-24.1,OK
14K,milgrain,6,6,5.12,489.99,759.0,1015.0,761.25,548.0,658.0,1335.0,-320.0,-24.0,OK
14K,milgrain,6,7,5.34,508.03,787.0,1050.0,787.5,568.0,682.0,1385.0,-335.0,-24.2,OK
14K,milgrain,6,8,5.57,526.9,817.0,1090.0,817.5,589.0,708.0,1440.0,-350.0,-24.3,OK
14K,milgrain,6,9,5.8,545.77,846.0,1130.0,847.5,610.0,733.0,1490.0,-360.0,-24.2,OK
14K,milgrain,6,10,6.02,563.81,874.0,1170.0,877.5,630.0,757.0,1540.0,-370.0,-24.0,OK
14K,milgrain,6,11,6.25,582.68,903.0,1205.0,903.75,652.0,783.0,1590.0,-385.0,-24.2,OK
14K,milgrain,6,12,6.47,600.73,931.0,1245.0,933.75,672.0,807.0,1640.0,-395.0,-24.1,OK
14K,milgrain,6,13,6.7,619.59,960.0,1280.0,960.0,693.0,832.0,1695.0,-415.0,-24.5,OK
14K,milgrain,6,14,6.93,638.46,990.0,1320.0,990.0,714.0,857.0,1745.0,-425.0,-24.4,OK
14K,milgrain,6,15,7.15,656.51,1018.0,1360.0,1020.0,734.0,882.0,1795.0,-435.0,-24.2,OK
14K,milgrain,6,16,7.38,675.37,1047.0,1400.0,1050.0,755.0,907.0,1850.0,-450.0,-24.3,OK
14K,milgrain,7,4,5.44,516.24,800.0,1070.0,802.5,577.0,693.0,1415.0,-345.0,-24.4,OK
14K,milgrain,7,5,5.71,538.38,834.0,1115.0,836.25,602.0,723.0,1475.0,-360.0,-24.4,OK
14K,milgrain,7,6,5.97,559.71,868.0,1160.0,870.0,626.0,752.0,1535.0,-375.0,-24.4,OK
14K,milgrain,7,7,6.23,581.04,901.0,1205.0,903.75,650.0,780.0,1595.0,-390.0,-24.5,OK
14K,milgrain,7,8,6.5,603.19,935.0,1250.0,937.5,674.0,810.0,1655.0,-405.0,-24.5,OK
14K,milgrain,7,9,6.76,624.51,968.0,1295.0,971.25,698.0,839.0,1715.0,-420.0,-24.5,OK
14K,milgrain,7,10,7.03,646.66,1002.0,1340.0,1005.0,723.0,868.0,1775.0,-435.0,-24.5,OK
14K,milgrain,7,11,7.29,667.99,1035.0,1380.0,1035.0,747.0,897.0,1830.0,-450.0,-24.6,OK
14K,milgrain,7,12,7.55,689.32,1068.0,1425.0,1068.75,771.0,926.0,1890.0,-465.0,-24.6,OK
14K,milgrain,7,13,7.82,711.47,1103.0,1475.0,1106.25,795.0,955.0,1950.0,-475.0,-24.4,OK
14K,milgrain,7,14,8.08,732.79,1136.0,1515.0,1136.25,819.0,984.0,2010.0,-495.0,-24.6,OK
14K,milgrain,7,15,8.35,754.94,1170.0,1560.0,1170.0,844.0,1014.0,2070.0,-510.0,-24.6,OK
14K,milgrain,7,16,8.61,776.27,1203.0,1605.0,1203.75,868.0,1042.0,2130.0,-525.0,-24.6,OK
14K,milgrain,8,4,6.22,580.22,899.0,1200.0,900.0,649.0,779.0,1595.0,-395.0,-24.8,OK
14K,milgrain,8,5,6.52,604.83,937.0,1250.0,937.5,676.0,812.0,1665.0,-415.0,-24.9,OK
14K,milgrain,8,6,6.82,629.44,976.0,1305.0,978.75,704.0,845.0,1730.0,-425.0,-24.6,OK
14K,milgrain,8,7,7.13,654.87,1015.0,1355.0,1016.25,732.0,880.0,1800.0,-445.0,-24.7,OK
14K,milgrain,8,8,7.43,679.47,1053.0,1405.0,1053.75,760.0,913.0,1870.0,-465.0,-24.9,OK
14K,milgrain,8,9,7.73,704.08,1091.0,1455.0,1091.25,787.0,946.0,1935.0,-480.0,-24.8,OK
14K,milgrain,8,10,8.03,728.69,1129.0,1510.0,1132.5,815.0,979.0,2005.0,-495.0,-24.7,OK
14K,milgrain,8,11,8.33,753.3,1168.0,1560.0,1170.0,842.0,1012.0,2075.0,-515.0,-24.8,OK
14K,milgrain,8,12,8.63,777.91,1206.0,1610.0,1207.5,870.0,1045.0,2140.0,-530.0,-24.8,OK
14K,milgrain,8,13,8.93,802.52,1244.0,1660.0,1245.0,897.0,1078.0,2210.0,-550.0,-24.9,OK
14K,milgrain,8,14,9.24,827.95,1283.0,1715.0,1286.25,926.0,1112.0,2280.0,-565.0,-24.8,OK
14K,milgrain,8,15,9.54,852.55,1321.0,1765.0,1323.75,953.0,1145.0,2345.0,-580.0,-24.7,OK
14K,milgrain,8,16,9.84,877.16,1360.0,1815.0,1361.25,981.0,1178.0,2415.0,-600.0,-24.8,OK
14K,milgrain,9,4,7.0,644.2,999.0,1335.0,1001.25,720.0,865.0,1775.0,-440.0,-24.8,OK
14K,milgrain,9,5,7.34,672.09,1042.0,1390.0,1042.5,751.0,903.0,1855.0,-465.0,-25.1,OK
14K,milgrain,9,6,7.68,699.98,1085.0,1450.0,1087.5,783.0,940.0,1930.0,-480.0,-24.9,OK
14K,milgrain,9,7,8.02,727.87,1128.0,1505.0,1128.75,814.0,978.0,2005.0,-500.0,-24.9,OK
14K,milgrain,9,8,8.36,755.76,1171.0,1565.0,1173.75,845.0,1015.0,2080.0,-515.0,-24.8,OK
14K,milgrain,9,9,8.69,782.83,1213.0,1620.0,1215.0,875.0,1051.0,2160.0,-540.0,-25.0,OK
14K,milgrain,9,10,9.03,810.72,1257.0,1680.0,1260.0,906.0,1089.0,2235.0,-555.0,-24.8,OK
14K,milgrain,9,11,9.37,838.61,1300.0,1735.0,1301.25,937.0,1126.0,2315.0,-580.0,-25.1,OK
14K,milgrain,9,12,9.71,866.5,1343.0,1795.0,1346.25,969.0,1164.0,2390.0,-595.0,-24.9,OK
14K,milgrain,9,13,10.05,894.39,1386.0,1850.0,1387.5,1000.0,1201.0,2465.0,-615.0,-24.9,OK
14K,milgrain,9,14,10.39,922.28,1430.0,1910.0,1432.5,1031.0,1238.0,2545.0,-635.0,-25.0,OK
14K,milgrain,9,15,10.73,950.17,1473.0,1965.0,1473.75,1062.0,1276.0,2620.0,-655.0,-25.0,OK
14K,milgrain,9,16,11.07,978.06,1516.0,2025.0,1518.75,1093.0,1313.0,2695.0,-670.0,-24.9,OK
14K,milgrain,10,4,7.78,708.18,1098.0,1465.0,1098.75,792.0,951.0,1955.0,-490.0,-25.1,OK
14K,milgrain,10,5,8.15,738.53,1145.0,1530.0,1147.5,826.0,992.0,2040.0,-510.0,-25.0,OK
14K,milgrain,10,6,8.53,769.71,1193.0,1595.0,1196.25,861.0,1034.0,2130.0,-535.0,-25.1,OK
14K,milgrain,10,7,8.91,800.88,1241.0,1655.0,1241.25,895.0,1076.0,2215.0,-560.0,-25.3,OK
14K,milgrain,10,8,9.28,831.23,1288.0,1720.0,1290.0,929.0,1116.0,2300.0,-580.0,-25.2,OK
14K,milgrain,10,9,9.66,862.4,1337.0,1785.0,1338.75,964.0,1158.0,2385.0,-600.0,-25.2,OK
14K,milgrain,10,10,10.04,893.57,1385.0,1850.0,1387.5,999.0,1200.0,2470.0,-620.0,-25.1,OK
14K,milgrain,10,11,10.41,923.92,1432.0,1910.0,1432.5,1033.0,1241.0,2555.0,-645.0,-25.2,OK
14K,milgrain,10,12,10.79,955.09,1480.0,1975.0,1481.25,1068.0,1282.0,2640.0,-665.0,-25.2,OK
14K,milgrain,10,13,11.17,986.26,1529.0,2040.0,1530.0,1102.0,1324.0,2725.0,-685.0,-25.1,OK
14K,milgrain,10,14,11.55,1017.43,1577.0,2105.0,1578.75,1137.0,1366.0,2810.0,-705.0,-25.1,OK
14K,milgrain,10,15,11.92,1047.78,1624.0,2170.0,1627.5,1171.0,1407.0,2895.0,-725.0,-25.0,OK
14K,milgrain,10,16,12.3,1078.95,1672.0,2230.0,1672.5,1206.0,1449.0,2980.0,-750.0,-25.2,OK
14K,milgrain,11,4,8.55,771.35,1196.0,1595.0,1196.25,862.0,1036.0,2140.0,-545.0,-25.5,OK
14K,milgrain,11,5,8.97,805.8,1249.0,1670.0,1252.5,901.0,1082.0,2230.0,-560.0,-25.1,OK
14K,milgrain,11,6,9.38,839.43,1301.0,1735.0,1301.25,938.0,1127.0,2330.0,-595.0,-25.5,OK
14K,milgrain,11,7,9.8,873.88,1355.0,1810.0,1357.5,977.0,1173.0,2420.0,-610.0,-25.2,OK
14K,milgrain,11,8,10.21,907.51,1407.0,1880.0,1410.0,1014.0,1219.0,2515.0,-635.0,-25.2,OK
14K,milgrain,11,9,10.63,941.97,1460.0,1950.0,1462.5,1053.0,1265.0,2605.0,-655.0,-25.1,OK
14K,milgrain,11,10,11.04,975.6,1512.0,2020.0,1515.0,1091.0,1310.0,2700.0,-680.0,-25.2,OK
14K,milgrain,11,11,11.46,1010.05,1566.0,2090.0,1567.5,1129.0,1356.0,2795.0,-705.0,-25.2,OK
14K,milgrain,11,12,11.87,1043.68,1618.0,2160.0,1620.0,1167.0,1401.0,2890.0,-730.0,-25.3,OK
14K,milgrain,11,13,12.29,1078.13,1671.0,2230.0,1672.5,1205.0,1448.0,2985.0,-755.0,-25.3,OK
14K,milgrain,11,14,12.7,1111.77,1723.0,2300.0,1725.0,1243.0,1493.0,3075.0,-775.0,-25.2,OK
14K,milgrain,11,15,13.11,1145.4,1775.0,2370.0,1777.5,1280.0,1538.0,3170.0,-800.0,-25.2,OK
14K,milgrain,11,16,13.53,1179.85,1829.0,2440.0,1830.0,1319.0,1584.0,3260.0,-820.0,-25.2,OK
14K,milgrain,12,4,9.33,835.33,1295.0,1730.0,1297.5,934.0,1122.0,2320.0,-590.0,-25.4,OK
14K,milgrain,12,5,9.78,872.24,1352.0,1805.0,1353.75,975.0,1171.0,2420.0,-615.0,-25.4,OK
14K,milgrain,12,6,10.24,909.97,1410.0,1880.0,1410.0,1017.0,1222.0,2525.0,-645.0,-25.5,OK
14K,milgrain,12,7,10.69,946.89,1468.0,1960.0,1470.0,1058.0,1271.0,2630.0,-670.0,-25.5,OK
14K,milgrain,12,8,11.14,983.8,1525.0,2035.0,1526.25,1100.0,1321.0,2730.0,-695.0,-25.5,OK
14K,milgrain,12,9,11.59,1020.71,1582.0,2110.0,1582.5,1141.0,1371.0,2830.0,-720.0,-25.4,OK
14K,milgrain,12,10,12.04,1057.63,1639.0,2190.0,1642.5,1182.0,1420.0,2935.0,-745.0,-25.4,OK
14K,milgrain,12,11,12.5,1095.36,1698.0,2265.0,1698.75,1224.0,1471.0,3035.0,-770.0,-25.4,OK
14K,milgrain,12,12,12.95,1132.27,1755.0,2340.0,1755.0,1266.0,1520.0,3135.0,-795.0,-25.4,OK
14K,milgrain,12,13,13.4,1169.19,1812.0,2420.0,1815.0,1307.0,1570.0,3240.0,-820.0,-25.3,OK
14K,milgrain,12,14,13.85,1206.1,1869.0,2495.0,1871.25,1348.0,1619.0,3340.0,-845.0,-25.3,OK
14K,milgrain,12,15,14.31,1243.83,1928.0,2575.0,1931.25,1390.0,1670.0,3445.0,-870.0,-25.3,OK
14K,milgrain,12,16,14.76,1280.75,1985.0,2650.0,1987.5,1432.0,1720.0,3550.0,-900.0,-25.4,OK
18K,standard,2,4,2.04,275.27,427.0,570.0,427.5,308.0,370.0,675.0,-105.0,-15.6,OK
18K,standard,2,5,2.15,286.88,445.0,595.0,446.25,321.0,386.0,715.0,-120.0,-16.8,OK
18K,standard,2,6,2.26,298.49,463.0,620.0,465.0,334.0,401.0,750.0,-130.0,-17.3,OK
18K,standard,2,7,2.36,309.04,479.0,640.0,480.0,346.0,415.0,790.0,-150.0,-19.0,OK
18K,standard,2,8,2.47,320.65,497.0,665.0,498.75,359.0,431.0,830.0,-165.0,-19.9,OK
18K,standard,2,9,2.57,331.2,513.0,685.0,513.75,371.0,445.0,865.0,-180.0,-20.8,OK
18K,standard,2,10,2.68,342.81,531.0,710.0,532.5,384.0,461.0,910.0,-200.0,-22.0,OK
18K,standard,2,11,2.78,353.36,548.0,735.0,551.25,395.0,475.0,940.0,-205.0,-21.8,OK
18K,standard,2,12,2.89,364.97,566.0,755.0,566.25,408.0,490.0,980.0,-225.0,-23.0,OK
18K,standard,2,13,3.0,376.58,584.0,780.0,585.0,421.0,506.0,1015.0,-235.0,-23.2,OK
18K,standard,2,14,3.13,390.3,605.0,810.0,607.5,437.0,524.0,1045.0,-235.0,-22.5,OK
18K,standard,2,15,3.26,404.01,626.0,835.0,626.25,452.0,543.0,1075.0,-240.0,-22.3,OK
18K,standard,2,16,3.36,414.57,643.0,860.0,645.0,464.0,557.0,1120.0,-260.0,-23.2,OK
18K,standard,3,4,2.64,338.59,525.0,700.0,525.0,379.0,455.0,990.0,-290.0,-29.3,OK
18K,standard,3,5,2.76,351.25,544.0,730.0,547.5,393.0,472.0,1035.0,-305.0,-29.5,OK
18K,standard,3,6,2.88,363.91,564.0,755.0,566.25,407.0,489.0,1075.0,-320.0,-29.8,OK
18K,standard,3,7,3.0,376.58,584.0,780.0,585.0,421.0,506.0,1120.0,-340.0,-30.4,OK
18K,standard,3,8,3.12,389.24,603.0,805.0,603.75,435.0,523.0,1165.0,-360.0,-30.9,OK
18K,standard,3,9,3.24,401.9,623.0,835.0,626.25,450.0,540.0,1210.0,-375.0,-31.0,OK
18K,standard,3,10,3.36,414.57,643.0,860.0,645.0,464.0,557.0,1250.0,-390.0,-31.2,OK
18K,standard,3,11,3.48,427.23,662.0,885.0,663.75,478.0,574.0,1295.0,-410.0,-31.7,OK
18K,standard,3,12,3.6,439.89,682.0,910.0,682.5,492.0,591.0,1340.0,-430.0,-32.1,OK
18K,standard,3,13,3.72,452.56,701.0,935.0,701.25,506.0,608.0,1380.0,-445.0,-32.2,OK
18K,standard,3,14,3.85,466.27,723.0,965.0,723.75,521.0,626.0,1415.0,-450.0,-31.8,OK
18K,standard,3,15,4.01,483.16,749.0,1000.0,750.0,540.0,649.0,1470.0,-470.0,-32.0,OK
18K,standard,3,16,4.08,490.55,760.0,1015.0,761.25,549.0,659.0,1515.0,-500.0,-33.0,OK
18K,standard,4,4,3.6,439.89,682.0,910.0,682.5,492.0,591.0,1250.0,-340.0,-27.2,OK
18K,standard,4,5,3.74,454.67,705.0,940.0,705.0,509.0,611.0,1300.0,-360.0,-27.7,OK
18K,standard,4,6,3.89,470.5,729.0,975.0,731.25,526.0,632.0,1350.0,-375.0,-27.8,OK
18K,standard,4,7,4.04,486.32,754.0,1010.0,757.5,544.0,653.0,1400.0,-390.0,-27.9,OK
18K,standard,4,8,4.19,502.15,778.0,1040.0,780.0,562.0,675.0,1450.0,-410.0,-28.3,OK
18K,standard,4,9,4.33,516.93,801.0,1070.0,802.5,578.0,694.0,1500.0,-430.0,-28.7,OK
18K,standard,4,10,4.48,532.76,826.0,1105.0,828.75,596.0,716.0,1550.0,-445.0,-28.7,OK
18K,standard,4,11,4.63,548.58,850.0,1135.0,851.25,613.0,737.0,1595.0,-460.0,-28.8,OK
18K,standard,4,12,4.78,564.41,875.0,1170.0,877.5,631.0,758.0,1645.0,-475.0,-28.9,OK
18K,standard,4,13,4.92,579.19,898.0,1200.0,900.0,648.0,778.0,1695.0,-495.0,-29.2,OK
18K,standard,4,14,5.04,591.85,917.0,1225.0,918.75,662.0,795.0,1750.0,-525.0,-30.0,OK
18K,standard,4,15,5.17,605.57,939.0,1255.0,941.25,677.0,813.0,1800.0,-545.0,-30.3,OK
18K,standard,4,16,5.4,629.84,976.0,1305.0,978.75,704.0,846.0,1850.0,-545.0,-29.5,OK
18K,standard,5,4,4.56,541.2,839.0,1120.0,840.0,605.0,727.0,1590.0,-470.0,-29.6,OK
18K,standard,5,5,4.75,561.25,870.0,1160.0,870.0,628.0,754.0,1650.0,-490.0,-29.7,OK
18K,standard,5,6,4.93,580.24,899.0,1200.0,900.0,649.0,779.0,1710.0,-510.0,-29.8,OK
18K,standard,5,7,5.12,600.29,930.0,1240.0,930.0,671.0,806.0,1765.0,-525.0,-29.7,OK
18K,standard,5,8,5.3,619.29,960.0,1280.0,960.0,692.0,832.0,1825.0,-545.0,-29.9,OK
18K,standard,5,9,5.5,640.39,993.0,1325.0,993.75,716.0,860.0,1880.0,-555.0,-29.5,OK
18K,standard,5,10,5.68,659.39,1022.0,1365.0,1023.75,737.0,886.0,1940.0,-575.0,-29.6,OK
18K,standard,5,11,5.87,679.44,1053.0,1405.0,1053.75,760.0,912.0,2000.0,-595.0,-29.8,OK
18K,standard,5,12,6.05,698.43,1083.0,1445.0,1083.75,781.0,938.0,2060.0,-615.0,-29.9,OK
18K,standard,5,13,6.24,718.48,1114.0,1490.0,1117.5,803.0,965.0,2115.0,-625.0,-29.6,OK
18K,standard,5,14,6.37,732.2,1135.0,1515.0,1136.25,819.0,983.0,2170.0,-655.0,-30.2,OK
18K,standard,5,15,6.5,745.92,1156.0,1545.0,1158.75,834.0,1002.0,2220.0,-675.0,-30.4,OK
18K,standard,5,16,7.01,799.74,1240.0,1655.0,1241.25,894.0,1074.0,2295.0,-640.0,-27.9,OK
18K,standard,6,4,5.4,629.84,976.0,1305.0,978.75,704.0,846.0,1880.0,-575.0,-30.6,OK
18K,standard,6,5,5.63,654.11,1014.0,1355.0,1016.25,731.0,878.0,1950.0,-595.0,-30.5,OK
18K,standard,6,6,5.86,678.38,1051.0,1405.0,1053.75,758.0,911.0,2015.0,-610.0,-30.3,OK
18K,standard,6,7,6.08,701.6,1087.0,1450.0,1087.5,784.0,942.0,2080.0,-630.0,-30.3,OK
18K,standard,6,8,6.31,725.87,1125.0,1500.0,1125.0,812.0,975.0,2145.0,-645.0,-30.1,OK
18K,standard,6,9,6.53,749.08,1161.0,1550.0,1162.5,837.0,1006.0,2215.0,-665.0,-30.0,OK
18K,standard,6,10,6.76,773.36,1199.0,1600.0,1200.0,865.0,1039.0,2280.0,-680.0,-29.8,OK
18K,standard,6,11,6.98,796.57,1235.0,1650.0,1237.5,891.0,1070.0,2350.0,-700.0,-29.8,OK
18K,standard,6,12,7.21,820.84,1272.0,1700.0,1275.0,918.0,1102.0,2415.0,-715.0,-29.6,OK
18K,standard,6,13,7.44,845.11,1310.0,1750.0,1312.5,945.0,1135.0,2480.0,-730.0,-29.4,OK
18K,standard,6,14,7.57,858.83,1331.0,1775.0,1331.25,960.0,1153.0,2535.0,-760.0,-30.0,OK
18K,standard,6,15,7.93,896.82,1390.0,1855.0,1391.25,1003.0,1204.0,2585.0,-730.0,-28.2,OK
18K,standard,6,16,8.16,921.09,1428.0,1905.0,1428.75,1030.0,1237.0,2670.0,-765.0,-28.7,OK
18K,standard,7,4,5.88,680.49,1055.0,1410.0,1057.5,761.0,914.0,2135.0,-725.0,-34.0,OK
18K,standard,7,5,6.14,707.93,1097.0,1465.0,1098.75,791.0,951.0,2230.0,-765.0,-34.3,OK
18K,standard,7,6,6.41,736.42,1141.0,1525.0,1143.75,823.0,989.0,2325.0,-800.0,-34.4,OK
18K,standard,7,7,6.68,764.91,1186.0,1585.0,1188.75,855.0,1027.0,2420.0,-835.0,-34.5,OK
18K,standard,7,8,6.95,793.41,1230.0,1640.0,1230.0,887.0,1065.0,2520.0,-880.0,-34.9,OK
18K,standard,7,9,7.21,820.84,1272.0,1700.0,1275.0,918.0,1102.0,2630.0,-930.0,-35.4,OK
18K,standard,7,10,7.48,849.33,1316.0,1755.0,1316.25,949.0,1141.0,2715.0,-960.0,-35.4,OK
18K,standard,7,11,7.75,877.83,1361.0,1815.0,1361.25,981.0,1179.0,2825.0,-1010.0,-35.8,OK
18K,standard,7,12,8.02,906.32,1405.0,1875.0,1406.25,1013.0,1217.0,2900.0,-1025.0,-35.3,OK
18K,standard,7,13,8.28,933.75,1447.0,1930.0,1447.5,1044.0,1254.0,3000.0,-1070.0,-35.7,OK
18K,standard,7,14,8.4,946.42,1467.0,1960.0,1470.0,1058.0,1271.0,3100.0,-1140.0,-36.8,OK
18K,standard,7,15,8.64,971.74,1506.0,2010.0,1507.5,1086.0,1305.0,3190.0,-1180.0,-37.0,OK
18K,standard,7,16,9.12,1022.4,1585.0,2115.0,1586.25,1143.0,1373.0,3285.0,-1170.0,-35.6,OK
18K,standard,8,4,6.48,743.81,1153.0,1540.0,1155.0,832.0,999.0,2415.0,-875.0,-36.2,OK
18K,standard,8,5,6.77,774.41,1200.0,1600.0,1200.0,866.0,1040.0,2510.0,-910.0,-36.3,OK
18K,standard,8,6,7.07,806.07,1249.0,1670.0,1252.5,901.0,1082.0,2600.0,-930.0,-35.8,OK
18K,standard,8,7,7.36,836.67,1297.0,1730.0,1297.5,935.0,1124.0,2680.0,-950.0,-35.4,OK
18K,standard,8,8,7.66,868.33,1346.0,1795.0,1346.25,971.0,1166.0,2770.0,-975.0,-35.2,OK
18K,standard,8,9,7.94,897.88,1392.0,1860.0,1395.0,1004.0,1206.0,2875.0,-1015.0,-35.3,OK
18K,standard,8,10,8.24,929.53,1441.0,1925.0,1443.75,1039.0,1248.0,2975.0,-1050.0,-35.3,OK
18K,standard,8,11,8.53,960.14,1488.0,1985.0,1488.75,1073.0,1289.0,3055.0,-1070.0,-35.0,OK
18K,standard,8,12,8.83,991.79,1537.0,2050.0,1537.5,1109.0,1332.0,3150.0,-1100.0,-34.9,OK
18K,standard,8,13,9.12,1022.4,1585.0,2115.0,1586.25,1143.0,1373.0,3240.0,-1125.0,-34.7,OK
18K,standard,8,14,9.36,1047.72,1624.0,2170.0,1627.5,1171.0,1407.0,3330.0,-1160.0,-34.8,OK
18K,standard,8,15,9.6,1073.05,1663.0,2220.0,1665.0,1199.0,1441.0,3425.0,-1205.0,-35.2,OK
18K,standard,8,16,9.96,1111.04,1722.0,2300.0,1725.0,1242.0,1492.0,3515.0,-1215.0,-34.6,OK
18K,standard,9,4,7.98,902.1,1398.0,1865.0,1398.75,1008.0,1211.0,2515.0,-650.0,-25.8,OK
18K,standard,9,5,8.36,942.2,1460.0,1950.0,1462.5,1053.0,1265.0,2630.0,-680.0,-25.9,OK
18K,standard,9,6,8.75,983.35,1524.0,2035.0,1526.25,1099.0,1320.0,2740.0,-705.0,-25.7,OK
18K,standard,9,7,9.14,1024.51,1588.0,2120.0,1590.0,1145.0,1376.0,2855.0,-735.0,-25.7,OK
18K,standard,9,8,9.52,1064.61,1650.0,2200.0,1650.0,1190.0,1430.0,2965.0,-765.0,-25.8,OK
18K,standard,9,9,9.91,1105.76,1714.0,2290.0,1717.5,1236.0,1485.0,3075.0,-785.0,-25.5,OK
18K,standard,9,10,10.3,1146.92,1778.0,2375.0,1781.25,1282.0,1540.0,3190.0,-815.0,-25.5,OK
18K,standard,9,11,10.69,1188.07,1842.0,2460.0,1845.0,1328.0,1595.0,3305.0,-845.0,-25.6,OK
18K,standard,9,12,11.07,1228.17,1904.0,2540.0,1905.0,1373.0,1649.0,3415.0,-875.0,-25.6,OK
18K,standard,9,13,11.46,1269.33,1967.0,2625.0,1968.75,1419.0,1704.0,3530.0,-905.0,-25.6,OK
18K,standard,9,14,11.85,1310.48,2031.0,2710.0,2032.5,1465.0,1760.0,3640.0,-930.0,-25.5,OK
18K,standard,9,15,12.23,1350.58,2093.0,2795.0,2096.25,1510.0,1813.0,3755.0,-960.0,-25.6,OK
18K,standard,9,16,12.62,1391.74,2157.0,2880.0,2160.0,1556.0,1869.0,3865.0,-985.0,-25.5,OK
18K,standard,10,4,8.86,994.96,1542.0,2060.0,1545.0,1112.0,1336.0,2780.0,-720.0,-25.9,OK
18K,standard,10,5,9.29,1040.34,1613.0,2155.0,1616.25,1163.0,1397.0,2905.0,-750.0,-25.8,OK
18K,standard,10,6,9.72,1085.71,1683.0,2245.0,1683.75,1214.0,1458.0,3030.0,-785.0,-25.9,OK
18K,standard,10,7,10.15,1131.09,1753.0,2340.0,1755.0,1264.0,1519.0,3160.0,-820.0,-25.9,OK
18K,standard,10,8,10.58,1176.46,1824.0,2435.0,1826.25,1315.0,1580.0,3280.0,-845.0,-25.8,OK
18K,standard,10,9,11.01,1221.84,1894.0,2530.0,1897.5,1366.0,1641.0,3405.0,-875.0,-25.7,OK
18K,standard,10,10,11.44,1267.22,1964.0,2620.0,1965.0,1416.0,1701.0,3530.0,-910.0,-25.8,OK
18K,standard,10,11,11.58,1281.99,1987.0,2650.0,1987.5,1433.0,1721.0,3655.0,-1005.0,-27.5,OK
18K,standard,10,12,12.3,1357.97,2105.0,2810.0,2107.5,1518.0,1823.0,3780.0,-970.0,-25.7,OK
18K,standard,10,13,12.73,1403.34,2175.0,2900.0,2175.0,1568.0,1884.0,3905.0,-1005.0,-25.7,OK
18K,standard,10,14,13.16,1448.72,2246.0,2995.0,2246.25,1619.0,1945.0,4030.0,-1035.0,-25.7,OK
18K,standard,10,15,13.59,1494.1,2316.0,3090.0,2317.5,1670.0,2006.0,4155.0,-1065.0,-25.6,OK
18K,standard,10,16,14.02,1539.47,2386.0,3185.0,2388.75,1721.0,2067.0,4280.0,-1095.0,-25.6,OK
18K,standard,11,4,9.75,1088.88,1688.0,2255.0,1691.25,1217.0,1462.0,3045.0,-790.0,-25.9,OK
18K,standard,11,5,10.22,1138.47,1765.0,2355.0,1766.25,1273.0,1529.0,3185.0,-830.0,-26.1,OK
18K,standard,11,6,10.7,1189.13,1843.0,2460.0,1845.0,1329.0,1597.0,3325.0,-865.0,-26.0,OK
18K,standard,11,7,11.17,1238.72,1920.0,2560.0,1920.0,1385.0,1663.0,3460.0,-900.0,-26.0,OK
18K,standard,11,8,11.64,1288.32,1997.0,2665.0,1998.75,1440.0,1730.0,3600.0,-935.0,-26.0,OK
18K,standard,11,9,12.11,1337.92,2074.0,2770.0,2077.5,1495.0,1796.0,3735.0,-965.0,-25.8,OK
18K,standard,11,10,12.59,1388.57,2152.0,2870.0,2152.5,1552.0,1864.0,3875.0,-1005.0,-25.9,OK
18K,standard,11,11,13.06,1438.17,2229.0,2975.0,2231.25,1607.0,1931.0,4010.0,-1035.0,-25.8,OK
18K,standard,11,12,13.53,1487.77,2306.0,3075.0,2306.25,1663.0,1998.0,4150.0,-1075.0,-25.9,OK
18K,standard,11,13,14.01,1538.42,2385.0,3180.0,2385.0,1719.0,2065.0,4285.0,-1105.0,-25.8,OK
18K,standard,11,14,14.48,1588.02,2461.0,3285.0,2463.75,1775.0,2132.0,4420.0,-1135.0,-25.7,OK
18K,standard,11,15,14.95,1637.61,2538.0,3385.0,2538.75,1830.0,2199.0,4560.0,-1175.0,-25.8,OK
18K,standard,11,16,15.42,1687.21,2615.0,3490.0,2617.5,1886.0,2265.0,4695.0,-1205.0,-25.7,OK
18K,standard,12,4,10.64,1182.8,1833.0,2445.0,1833.75,1322.0,1588.0,3315.0,-870.0,-26.2,OK
18K,standard,12,5,11.15,1236.61,1917.0,2560.0,1920.0,1382.0,1660.0,3465.0,-905.0,-26.1,OK
18K,standard,12,6,11.67,1291.49,2002.0,2670.0,2002.5,1444.0,1734.0,3615.0,-945.0,-26.1,OK
18K,standard,12,7,12.18,1345.31,2085.0,2780.0,2085.0,1504.0,1806.0,3765.0,-985.0,-26.2,OK
18K,standard,12,8,12.7,1400.18,2170.0,2895.0,2171.25,1565.0,1880.0,3910.0,-1015.0,-26.0,OK
18K,standard,12,9,13.22,1455.05,2255.0,3010.0,2257.5,1626.0,1954.0,4060.0,-1050.0,-25.9,OK
18K,standard,12,10,13.73,1508.87,2339.0,3120.0,2340.0,1686.0,2026.0,4215.0,-1095.0,-26.0,OK
18K,standard,12,11,14.24,1562.69,2422.0,3230.0,2422.5,1747.0,2098.0,4365.0,-1135.0,-26.0,OK
18K,standard,12,12,14.76,1617.56,2507.0,3345.0,2508.75,1808.0,2172.0,4510.0,-1165.0,-25.8,OK
18K,standard,12,13,15.28,1672.44,2592.0,3460.0,2595.0,1869.0,2245.0,4660.0,-1200.0,-25.8,OK
18K,standard,12,14,15.79,1726.25,2676.0,3570.0,2677.5,1929.0,2318.0,4815.0,-1245.0,-25.9,OK
18K,standard,12,15,16.31,1781.13,2761.0,3685.0,2763.75,1991.0,2391.0,4965.0,-1280.0,-25.8,OK
18K,standard,12,16,16.83,1836.0,2846.0,3795.0,2846.25,2052.0,2465.0,5110.0,-1315.0,-25.7,OK
18K,milgrain,2,4,2.04,285.27,442.0,590.0,442.5,319.0,383.0,695.0,-105.0,-15.1,OK
18K,milgrain,2,5,2.15,296.88,460.0,615.0,461.25,332.0,399.0,735.0,-120.0,-16.3,OK
18K,milgrain,2,6,2.26,308.49,478.0,640.0,480.0,345.0,415.0,775.0,-135.0,-17.4,OK
18K,milgrain,2,7,2.36,319.04,495.0,660.0,495.0,357.0,429.0,810.0,-150.0,-18.5,OK
18K,milgrain,2,8,2.47,330.65,513.0,685.0,513.75,370.0,444.0,850.0,-165.0,-19.4,OK
18K,milgrain,2,9,2.57,341.2,529.0,710.0,532.5,382.0,458.0,885.0,-175.0,-19.8,OK
18K,milgrain,2,10,2.68,352.81,547.0,730.0,547.5,395.0,474.0,930.0,-200.0,-21.5,OK
18K,milgrain,2,11,2.78,363.36,563.0,755.0,566.25,406.0,488.0,960.0,-205.0,-21.4,OK
18K,milgrain,2,12,2.89,374.97,581.0,775.0,581.25,419.0,504.0,1000.0,-225.0,-22.5,OK
18K,milgrain,2,13,3.0,386.58,599.0,800.0,600.0,432.0,519.0,1035.0,-235.0,-22.7,OK
18K,milgrain,2,14,3.13,400.3,620.0,830.0,622.5,448.0,538.0,1065.0,-235.0,-22.1,OK
18K,milgrain,2,15,3.26,414.01,642.0,860.0,645.0,463.0,556.0,1100.0,-240.0,-21.8,OK
18K,milgrain,2,16,3.36,424.57,658.0,880.0,660.0,475.0,570.0,1145.0,-265.0,-23.1,OK
18K,milgrain,3,4,2.64,348.59,540.0,720.0,540.0,390.0,468.0,1010.0,-290.0,-28.7,OK
18K,milgrain,3,5,2.76,361.25,560.0,750.0,562.5,404.0,485.0,1055.0,-305.0,-28.9,OK
18K,milgrain,3,6,2.88,373.91,580.0,775.0,581.25,418.0,502.0,1100.0,-325.0,-29.5,OK
18K,milgrain,3,7,3.0,386.58,599.0,800.0,600.0,432.0,519.0,1140.0,-340.0,-29.8,OK
18K,milgrain,3,8,3.12,399.24,619.0,830.0,622.5,447.0,536.0,1185.0,-355.0,-30.0,OK
18K,milgrain,3,9,3.24,411.9,638.0,855.0,641.25,461.0,553.0,1230.0,-375.0,-30.5,OK
18K,milgrain,3,10,3.36,424.57,658.0,880.0,660.0,475.0,570.0,1270.0,-390.0,-30.7,OK
18K,milgrain,3,11,3.48,437.23,678.0,905.0,678.75,489.0,587.0,1315.0,-410.0,-31.2,OK
18K,milgrain,3,12,3.6,449.89,697.0,930.0,697.5,503.0,604.0,1360.0,-430.0,-31.6,OK
18K,milgrain,3,13,3.72,462.56,717.0,960.0,720.0,517.0,621.0,1405.0,-445.0,-31.7,OK
18K,milgrain,3,14,3.85,476.27,738.0,985.0,738.75,533.0,640.0,1435.0,-450.0,-31.4,OK
18K,milgrain,3,15,4.01,493.16,764.0,1020.0,765.0,552.0,662.0,1490.0,-470.0,-31.5,OK
18K,milgrain,3,16,4.08,500.55,776.0,1035.0,776.25,560.0,672.0,1535.0,-500.0,-32.6,OK
18K,milgrain,4,4,3.6,449.89,697.0,930.0,697.5,503.0,604.0,1270.0,-340.0,-26.8,OK
18K,milgrain,4,5,3.74,464.67,720.0,960.0,720.0,520.0,624.0,1320.0,-360.0,-27.3,OK
18K,milgrain,4,6,3.89,480.5,745.0,995.0,746.25,537.0,645.0,1375.0,-380.0,-27.6,OK
18K,milgrain,4,7,4.04,496.32,769.0,1030.0,772.5,555.0,667.0,1420.0,-390.0,-27.5,OK
18K,milgrain,4,8,4.19,512.15,794.0,1060.0,795.0,573.0,688.0,1470.0,-410.0,-27.9,OK
18K,milgrain,4,9,4.33,526.93,817.0,1090.0,817.5,589.0,708.0,1520.0,-430.0,-28.3,OK
18K,milgrain,4,10,4.48,542.76,841.0,1125.0,843.75,607.0,729.0,1570.0,-445.0,-28.3,OK
18K,milgrain,4,11,4.63,558.58,866.0,1155.0,866.25,625.0,750.0,1615.0,-460.0,-28.5,OK
18K,milgrain,4,12,4.78,574.41,890.0,1190.0,892.5,642.0,772.0,1670.0,-480.0,-28.7,OK
18K,milgrain,4,13,4.92,589.19,913.0,1220.0,915.0,659.0,791.0,1715.0,-495.0,-28.9,OK
18K,milgrain,4,14,5.04,601.85,933.0,1245.0,933.75,673.0,808.0,1770.0,-525.0,-29.7,OK
18K,milgrain,4,15,5.17,615.57,954.0,1275.0,956.25,688.0,827.0,1820.0,-545.0,-29.9,OK
18K,milgrain,4,16,5.4,639.84,992.0,1325.0,993.75,715.0,859.0,1870.0,-545.0,-29.1,OK
18K,milgrain,5,4,4.56,551.2,854.0,1140.0,855.0,616.0,740.0,1615.0,-475.0,-29.4,OK
18K,milgrain,5,5,4.75,571.25,885.0,1180.0,885.0,639.0,767.0,1670.0,-490.0,-29.3,OK
18K,milgrain,5,6,4.93,590.24,915.0,1220.0,915.0,660.0,793.0,1730.0,-510.0,-29.5,OK
18K,milgrain,5,7,5.12,610.29,946.0,1265.0,948.75,682.0,820.0,1790.0,-525.0,-29.3,OK
18K,milgrain,5,8,5.3,629.29,975.0,1300.0,975.0,704.0,845.0,1845.0,-545.0,-29.5,OK
18K,milgrain,5,9,5.5,650.39,1008.0,1345.0,1008.75,727.0,874.0,1900.0,-555.0,-29.2,OK
18K,milgrain,5,10,5.68,669.39,1038.0,1385.0,1038.75,748.0,899.0,1960.0,-575.0,-29.3,OK
18K,milgrain,5,11,5.87,689.44,1069.0,1430.0,1072.5,771.0,926.0,2020.0,-590.0,-29.2,OK
18K,milgrain,5,12,6.05,708.43,1098.0,1465.0,1098.75,792.0,951.0,2080.0,-615.0,-29.6,OK
18K,milgrain,5,13,6.24,728.48,1129.0,1510.0,1132.5,814.0,978.0,2135.0,-625.0,-29.3,OK
18K,milgrain,5,14,6.37,742.2,1150.0,1535.0,1151.25,830.0,997.0,2190.0,-655.0,-29.9,OK
18K,milgrain,5,15,6.5,755.92,1172.0,1565.0,1173.75,845.0,1015.0,2240.0,-675.0,-30.1,OK
18K,milgrain,5,16,7.01,809.74,1255.0,1675.0,1256.25,905.0,1087.0,2315.0,-640.0,-27.6,OK
18K,milgrain,6,4,5.4,639.84,992.0,1325.0,993.75,715.0,859.0,1900.0,-575.0,-30.3,OK
18K,milgrain,6,5,5.63,664.11,1029.0,1375.0,1031.25,743.0,892.0,1970.0,-595.0,-30.2,OK
18K,milgrain,6,6,5.86,688.38,1067.0,1425.0,1068.75,770.0,924.0,2035.0,-610.0,-30.0,OK
18K,milgrain,6,7,6.08,711.6,1103.0,1475.0,1106.25,796.0,956.0,2100.0,-625.0,-29.8,OK
18K,milgrain,6,8,6.31,735.87,1141.0,1525.0,1143.75,823.0,988.0,2165.0,-640.0,-29.6,OK
18K,milgrain,6,9,6.53,759.08,1177.0,1570.0,1177.5,849.0,1019.0,2235.0,-665.0,-29.8,OK
18K,milgrain,6,10,6.76,783.36,1214.0,1620.0,1215.0,876.0,1052.0,2300.0,-680.0,-29.6,OK
18K,milgrain,6,11,6.98,806.57,1250.0,1670.0,1252.5,902.0,1083.0,2370.0,-700.0,-29.5,OK
18K,milgrain,6,12,7.21,830.84,1288.0,1720.0,1290.0,929.0,1116.0,2435.0,-715.0,-29.4,OK
18K,milgrain,6,13,7.44,855.11,1325.0,1770.0,1327.5,956.0,1148.0,2500.0,-730.0,-29.2,OK
18K,milgrain,6,14,7.57,868.83,1347.0,1800.0,1350.0,971.0,1167.0,2555.0,-755.0,-29.5,OK
18K,milgrain,6,15,7.93,906.82,1406.0,1875.0,1406.25,1014.0,1218.0,2610.0,-735.0,-28.2,OK
18K,milgrain,6,16,8.16,931.09,1443.0,1925.0,1443.75,1041.0,1250.0,2690.0,-765.0,-28.4,OK
18K,milgrain,7,4,5.88,690.49,1070.0,1430.0,1072.5,772.0,927.0,2155.0,-725.0,-33.6,OK
18K,milgrain,7,5,6.14,717.93,1113.0,1485.0,1113.75,803.0,964.0,2250.0,-765.0,-34.0,OK
18K,milgrain,7,6,6.41,746.42,1157.0,1545.0,1158.75,834.0,1002.0,2350.0,-805.0,-34.3,OK
18K,milgrain,7,7,6.68,774.91,1201.0,1605.0,1203.75,866.0,1041.0,2445.0,-840.0,-34.4,OK
18K,milgrain,7,8,6.95,803.41,1245.0,1660.0,1245.0,898.0,1079.0,2540.0,-880.0,-34.6,OK
18K,milgrain,7,9,7.21,830.84,1288.0,1720.0,1290.0,929.0,1116.0,2650.0,-930.0,-35.1,OK
18K,milgrain,7,10,7.48,859.33,1332.0,1780.0,1335.0,961.0,1154.0,2735.0,-955.0,-34.9,OK
18K,milgrain,7,11,7.75,887.83,1376.0,1835.0,1376.25,992.0,1192.0,2845.0,-1010.0,-35.5,OK
18K,milgrain,7,12,8.02,916.32,1420.0,1895.0,1421.25,1024.0,1230.0,2925.0,-1030.0,-35.2,OK
18K,milgrain,7,13,8.28,943.75,1463.0,1955.0,1466.25,1055.0,1267.0,3020.0,-1065.0,-35.3,OK
18K,milgrain,7,14,8.4,956.42,1482.0,1980.0,1485.0,1069.0,1284.0,3120.0,-1140.0,-36.5,OK
18K,milgrain,7,15,8.64,981.74,1522.0,2030.0,1522.5,1097.0,1318.0,3210.0,-1180.0,-36.8,OK
18K,milgrain,7,16,9.12,1032.4,1600.0,2135.0,1601.25,1154.0,1386.0,3310.0,-1175.0,-35.5,OK
18K,milgrain,8,4,6.48,753.81,1168.0,1560.0,1170.0,843.0,1012.0,2435.0,-875.0,-35.9,OK
18K,milgrain,8,5,6.77,784.41,1216.0,1625.0,1218.75,877.0,1053.0,2530.0,-905.0,-35.8,OK
18K,milgrain,8,6,7.07,816.07,1265.0,1690.0,1267.5,912.0,1096.0,2620.0,-930.0,-35.5,OK
18K,milgrain,8,7,7.36,846.67,1312.0,1750.0,1312.5,946.0,1137.0,2700.0,-950.0,-35.2,OK
18K,milgrain,8,8,7.66,878.33,1361.0,1815.0,1361.25,982.0,1179.0,2790.0,-975.0,-34.9,OK
18K,milgrain,8,9,7.94,907.88,1407.0,1880.0,1410.0,1015.0,1219.0,2895.0,-1015.0,-35.1,OK
18K,milgrain,8,10,8.24,939.53,1456.0,1945.0,1458.75,1050.0,1262.0,2995.0,-1050.0,-35.1,OK
18K,milgrain,8,11,8.53,970.14,1504.0,2010.0,1507.5,1084.0,1303.0,3080.0,-1070.0,-34.7,OK
18K,milgrain,8,12,8.83,1001.79,1553.0,2075.0,1556.25,1120.0,1345.0,3170.0,-1095.0,-34.5,OK
18K,milgrain,8,13,9.12,1032.4,1600.0,2135.0,1601.25,1154.0,1386.0,3260.0,-1125.0,-34.5,OK
18K,milgrain,8,14,9.36,1057.72,1639.0,2190.0,1642.5,1182.0,1420.0,3355.0,-1165.0,-34.7,OK
18K,milgrain,8,15,9.6,1083.05,1679.0,2240.0,1680.0,1211.0,1454.0,3445.0,-1205.0,-35.0,OK
18K,milgrain,8,16,9.96,1121.04,1738.0,2320.0,1740.0,1253.0,1505.0,3535.0,-1215.0,-34.4,OK
18K,milgrain,9,4,7.98,912.1,1414.0,1890.0,1417.5,1020.0,1225.0,2535.0,-645.0,-25.4,OK
18K,milgrain,9,5,8.36,952.2,1476.0,1970.0,1477.5,1064.0,1279.0,2650.0,-680.0,-25.7,OK
18K,milgrain,9,6,8.75,993.35,1540.0,2055.0,1541.25,1110.0,1334.0,2760.0,-705.0,-25.5,OK
18K,milgrain,9,7,9.14,1034.51,1603.0,2140.0,1605.0,1156.0,1389.0,2875.0,-735.0,-25.6,OK
18K,milgrain,9,8,9.52,1074.61,1666.0,2225.0,1668.75,1201.0,1443.0,2985.0,-760.0,-25.5,OK
18K,milgrain,9,9,9.91,1115.76,1729.0,2310.0,1732.5,1247.0,1498.0,3095.0,-785.0,-25.4,OK
18K,milgrain,9,10,10.3,1156.92,1793.0,2395.0,1796.25,1293.0,1553.0,3210.0,-815.0,-25.4,OK
18K,milgrain,9,11,10.69,1198.07,1857.0,2480.0,1860.0,1339.0,1609.0,3325.0,-845.0,-25.4,OK
18K,milgrain,9,12,11.07,1238.17,1919.0,2560.0,1920.0,1384.0,1662.0,3435.0,-875.0,-25.5,OK
18K,milgrain,9,13,11.46,1279.33,1983.0,2645.0,1983.75,1430.0,1718.0,3550.0,-905.0,-25.5,OK
18K,milgrain,9,14,11.85,1320.48,2047.0,2730.0,2047.5,1476.0,1773.0,3660.0,-930.0,-25.4,OK
18K,milgrain,9,15,12.23,1360.58,2109.0,2815.0,2111.25,1521.0,1827.0,3775.0,-960.0,-25.4,OK
18K,milgrain,9,16,12.62,1401.74,2173.0,2900.0,2175.0,1567.0,1882.0,3890.0,-990.0,-25.4,OK
18K,milgrain,10,4,8.86,1004.96,1558.0,2080.0,1560.0,1123.0,1349.0,2805.0,-725.0,-25.8,OK
18K,milgrain,10,5,9.29,1050.34,1628.0,2175.0,1631.25,1174.0,1410.0,2930.0,-755.0,-25.8,OK
18K,milgrain,10,6,9.72,1095.71,1698.0,2265.0,1698.75,1225.0,1471.0,3050.0,-785.0,-25.7,OK
18K,milgrain,10,7,10.15,1141.09,1769.0,2360.0,1770.0,1275.0,1532.0,3180.0,-820.0,-25.8,OK
18K,milgrain,10,8,10.58,1186.46,1839.0,2455.0,1841.25,1326.0,1593.0,3300.0,-845.0,-25.6,OK
18K,milgrain,10,9,11.01,1231.84,1909.0,2550.0,1912.5,1377.0,1654.0,3430.0,-880.0,-25.7,OK
18K,milgrain,10,10,11.44,1277.22,1980.0,2640.0,1980.0,1428.0,1715.0,3550.0,-910.0,-25.6,OK
18K,milgrain,10,11,11.58,1291.99,2003.0,2675.0,2006.25,1444.0,1735.0,3680.0,-1005.0,-27.3,OK
18K,milgrain,10,12,12.3,1367.97,2120.0,2830.0,2122.5,1529.0,1837.0,3800.0,-970.0,-25.5,OK
18K,milgrain,10,13,12.73,1413.34,2191.0,2925.0,2193.75,1580.0,1898.0,3925.0,-1000.0,-25.5,OK
18K,milgrain,10,14,13.16,1458.72,2261.0,3015.0,2261.25,1630.0,1959.0,4055.0,-1040.0,-25.6,OK
18K,milgrain,10,15,13.59,1504.1,2331.0,3110.0,2332.5,1681.0,2019.0,4175.0,-1065.0,-25.5,OK
18K,milgrain,10,16,14.02,1549.47,2402.0,3205.0,2403.75,1732.0,2080.0,4300.0,-1095.0,-25.5,OK
18K,milgrain,11,4,9.75,1098.88,1703.0,2275.0,1706.25,1228.0,1476.0,3070.0,-795.0,-25.9,OK
18K,milgrain,11,5,10.22,1148.47,1780.0,2375.0,1781.25,1284.0,1542.0,3205.0,-830.0,-25.9,OK
18K,milgrain,11,6,10.7,1199.13,1859.0,2480.0,1860.0,1340.0,1610.0,3345.0,-865.0,-25.9,OK
18K,milgrain,11,7,11.17,1248.72,1936.0,2585.0,1938.75,1396.0,1677.0,3480.0,-895.0,-25.7,OK
18K,milgrain,11,8,11.64,1298.32,2012.0,2685.0,2013.75,1451.0,1743.0,3620.0,-935.0,-25.8,OK
18K,milgrain,11,9,12.11,1347.92,2089.0,2790.0,2092.5,1507.0,1810.0,3755.0,-965.0,-25.7,OK
18K,milgrain,11,10,12.59,1398.57,2168.0,2895.0,2171.25,1563.0,1878.0,3895.0,-1000.0,-25.7,OK
18K,milgrain,11,11,13.06,1448.17,2245.0,2995.0,2246.25,1619.0,1944.0,4030.0,-1035.0,-25.7,OK
18K,milgrain,11,12,13.53,1497.77,2322.0,3100.0,2325.0,1674.0,2011.0,4170.0,-1070.0,-25.7,OK
18K,milgrain,11,13,14.01,1548.42,2400.0,3200.0,2400.0,1731.0,2079.0,4305.0,-1105.0,-25.7,OK
18K,milgrain,11,14,14.48,1598.02,2477.0,3305.0,2478.75,1786.0,2145.0,4445.0,-1140.0,-25.6,OK
18K,milgrain,11,15,14.95,1647.61,2554.0,3410.0,2557.5,1841.0,2212.0,4580.0,-1170.0,-25.5,OK
18K,milgrain,11,16,15.42,1697.21,2631.0,3510.0,2632.5,1897.0,2279.0,4720.0,-1210.0,-25.6,OK
18K,milgrain,12,4,10.64,1192.8,1849.0,2470.0,1852.5,1333.0,1602.0,3335.0,-865.0,-25.9,OK
18K,milgrain,12,5,11.15,1246.61,1932.0,2580.0,1935.0,1393.0,1674.0,3485.0,-905.0,-26.0,OK
18K,milgrain,12,6,11.67,1301.49,2017.0,2690.0,2017.5,1455.0,1747.0,3635.0,-945.0,-26.0,OK
18K,milgrain,12,7,12.18,1355.31,2101.0,2805.0,2103.75,1515.0,1820.0,3785.0,-980.0,-25.9,OK
18K,milgrain,12,8,12.7,1410.18,2186.0,2915.0,2186.25,1576.0,1893.0,3935.0,-1020.0,-25.9,OK
18K,milgrain,12,9,13.22,1465.05,2271.0,3030.0,2272.5,1637.0,1967.0,4085.0,-1055.0,-25.8,OK
18K,milgrain,12,10,13.73,1518.87,2354.0,3140.0,2355.0,1698.0,2039.0,4235.0,-1095.0,-25.9,OK
18K,milgrain,12,11,14.24,1572.69,2438.0,3255.0,2441.25,1758.0,2111.0,4385.0,-1130.0,-25.8,OK
18K,milgrain,12,12,14.76,1627.56,2523.0,3365.0,2523.75,1819.0,2185.0,4535.0,-1170.0,-25.8,OK
18K,milgrain,12,13,15.28,1682.44,2608.0,3480.0,2610.0,1880.0,2259.0,4685.0,-1205.0,-25.7,OK
18K,milgrain,12,14,15.79,1736.25,2691.0,3590.0,2692.5,1940.0,2331.0,4835.0,-1245.0,-25.7,OK
18K,milgrain,12,15,16.31,1791.13,2776.0,3705.0,2778.75,2002.0,2405.0,4985.0,-1280.0,-25.7,OK
18K,milgrain,12,16,16.83,1846.0,2861.0,3815.0,2861.25,2063.0,2478.0,5135.0,-1320.0,-25.7,OK
