family_sku,karat,metal,title,description,tags,materials,research_keyword,variant_count,image_count
GLD-R-1009,10K,Yellow Gold,"10K Solid Yellow Gold Beveled Milgrain Wedding Band, Satin Center Ring, 4mm to 12mm","A solid 10k yellow gold wedding band with a broad satin center, two fine milgrain borders and crisp mirror-polished beveled edges. Made to order in your size and width, never plated and never filled.

THE DETAILS
Metal: Solid 10k yellow gold. Never plated, never filled.
Center: Broad satin finish with a quiet linear grain.
Borders: One continuous fine milgrain line on each side of the center.
Edges: Symmetrical mirror-polished planar bevels.
Fit: Polished comfort-fit interior with smooth edges.
Widths: 4mm through 12mm, in whole millimeters.
Thickness: 1.5mm production specification.
Sizes: US 4 through 16, whole and half sizes.
Hallmark: Stamped 10k inside the band.

The satin center holds the light softly. The milgrain lines define its boundaries and the polished bevels return a sharper reflection at each edge. Its alloy tone is restrained and practical for daily wear.

SIZE AND WIDTH
Choose Ring Size from US 4 through 16, including half sizes. Choose Width from 4mm through 12mm. A 4mm to 5mm band reads restrained. A 6mm to 8mm band has a balanced presence. A 9mm to 12mm band sits broad across the finger. Wider bands can feel tighter than narrow bands, so message us before ordering if you are between sizes.

MAKE IT YOURS
Add an inside engraving in the Personalization box or leave it blank. Engraving is included, up to 30 characters, and copied exactly as entered. Script is the default. Write block letters in your note if you prefer them.

MADE TO ORDER
I cut and finish each band for the width and size you select. The satin center, twin milgrain lines and polished bevels are finished as one coherent profile. Standard processing is 5 to 7 business days before dispatch. Shipping and return terms follow the shop policies shown at checkout.

CARE
Clean with warm water, mild soap and a soft cloth. Avoid chlorine and abrasive compounds. Store the ring separately when it is not being worn.

WHY EON
Kymation is built around the line where one surface becomes another. A soft center meets a precise edge, keeping detail close without turning ornamental.

---
[EON Kymation 1009 | 10K Yellow Gold | Width 4mm to 12mm | Ring Size US 4 to 16 whole and half | 1.5mm pricing and production specification | quantity 20 per variant | personalization max 30 characters]",beveled gold ring|milgrain band|satin wedding band|10k gold ring|10k wedding band|yellow gold band|mens wedding band|unisex gold ring|comfort fit ring|wide gold band|matte gold ring|anniversary band|heirloom gold ring,Solid 10k gold|Yellow Gold,10k yellow gold beveled milgrain wedding band,225,10
GLD-R-1409,14K,Yellow Gold,"14K Solid Yellow Gold Beveled Milgrain Wedding Band, Satin Center Ring, 4mm to 12mm","A solid 14k yellow gold wedding band with a broad satin center, two fine milgrain borders and crisp mirror-polished beveled edges. Made to order in your size and width, never plated and never filled.

THE DETAILS
Metal: Solid 14k yellow gold. Never plated, never filled.
Center: Broad satin finish with a quiet linear grain.
Borders: One continuous fine milgrain line on each side of the center.
Edges: Symmetrical mirror-polished planar bevels.
Fit: Polished comfort-fit interior with smooth edges.
Widths: 4mm through 12mm, in whole millimeters.
Thickness: 1.5mm production specification.
Sizes: US 4 through 16, whole and half sizes.
Hallmark: Stamped 14k inside the band.

The satin center holds the light softly. The milgrain lines define its boundaries and the polished bevels return a sharper reflection at each edge. Its alloy tone balances warmth, durability and daily wear.

SIZE AND WIDTH
Choose Ring Size from US 4 through 16, including half sizes. Choose Width from 4mm through 12mm. A 4mm to 5mm band reads restrained. A 6mm to 8mm band has a balanced presence. A 9mm to 12mm band sits broad across the finger. Wider bands can feel tighter than narrow bands, so message us before ordering if you are between sizes.

MAKE IT YOURS
Add an inside engraving in the Personalization box or leave it blank. Engraving is included, up to 30 characters, and copied exactly as entered. Script is the default. Write block letters in your note if you prefer them.

MADE TO ORDER
I cut and finish each band for the width and size you select. The satin center, twin milgrain lines and polished bevels are finished as one coherent profile. Standard processing is 5 to 7 business days before dispatch. Shipping and return terms follow the shop policies shown at checkout.

CARE
Clean with warm water, mild soap and a soft cloth. Avoid chlorine and abrasive compounds. Store the ring separately when it is not being worn.

WHY EON
Kymation is built around the line where one surface becomes another. A soft center meets a precise edge, keeping detail close without turning ornamental.

---
[EON Kymation 1009 | 14K Yellow Gold | Width 4mm to 12mm | Ring Size US 4 to 16 whole and half | 1.5mm pricing and production specification | quantity 20 per variant | personalization max 30 characters]",beveled gold ring|milgrain band|satin wedding band|14k gold ring|14k wedding band|yellow gold band|mens wedding band|unisex gold ring|comfort fit ring|wide gold band|matte gold ring|anniversary band|heirloom gold ring,Solid 14k gold|Yellow Gold,14k yellow gold beveled milgrain wedding band,225,10
GLD-R-1809,18K,Yellow Gold,"18K Solid Yellow Gold Beveled Milgrain Wedding Band, Satin Center Ring, 4mm to 12mm","A solid 18k yellow gold wedding band with a broad satin center, two fine milgrain borders and crisp mirror-polished beveled edges. Made to order in your size and width, never plated and never filled.

THE DETAILS
Metal: Solid 18k yellow gold. Never plated, never filled.
Center: Broad satin finish with a quiet linear grain.
Borders: One continuous fine milgrain line on each side of the center.
Edges: Symmetrical mirror-polished planar bevels.
Fit: Polished comfort-fit interior with smooth edges.
Widths: 4mm through 12mm, in whole millimeters.
Thickness: 1.5mm production specification.
Sizes: US 4 through 16, whole and half sizes.
Hallmark: Stamped 18k inside the band.

The satin center holds the light softly. The milgrain lines define its boundaries and the polished bevels return a sharper reflection at each edge. Its higher gold content gives the surface a fuller, more saturated alloy tone.

SIZE AND WIDTH
Choose Ring Size from US 4 through 16, including half sizes. Choose Width from 4mm through 12mm. A 4mm to 5mm band reads restrained. A 6mm to 8mm band has a balanced presence. A 9mm to 12mm band sits broad across the finger. Wider bands can feel tighter than narrow bands, so message us before ordering if you are between sizes.

MAKE IT YOURS
Add an inside engraving in the Personalization box or leave it blank. Engraving is included, up to 30 characters, and copied exactly as entered. Script is the default. Write block letters in your note if you prefer them.

MADE TO ORDER
I cut and finish each band for the width and size you select. The satin center, twin milgrain lines and polished bevels are finished as one coherent profile. Standard processing is 5 to 7 business days before dispatch. Shipping and return terms follow the shop policies shown at checkout.

CARE
Clean with warm water, mild soap and a soft cloth. Avoid chlorine and abrasive compounds. Store the ring separately when it is not being worn.

WHY EON
Kymation is built around the line where one surface becomes another. A soft center meets a precise edge, keeping detail close without turning ornamental.

---
[EON Kymation 1009 | 18K Yellow Gold | Width 4mm to 12mm | Ring Size US 4 to 16 whole and half | 1.5mm pricing and production specification | quantity 20 per variant | personalization max 30 characters]",beveled gold ring|milgrain band|satin wedding band|18k gold ring|18k wedding band|yellow gold band|mens wedding band|unisex gold ring|comfort fit ring|wide gold band|matte gold ring|anniversary band|heirloom gold ring,Solid 18k gold|Yellow Gold,18k yellow gold beveled milgrain wedding band,225,10
WHG-R-1009,10K,White Gold,"10K Solid White Gold Beveled Milgrain Wedding Band, Satin Center Ring, 4mm to 12mm","A solid 10k white gold wedding band with a broad satin center, two fine milgrain borders and crisp mirror-polished beveled edges. Made to order in your size and width, never plated and never filled.

THE DETAILS
Metal: Solid 10k white gold. Never plated, never filled.
Center: Broad satin finish with a quiet linear grain.
Borders: One continuous fine milgrain line on each side of the center.
Edges: Symmetrical mirror-polished planar bevels.
Fit: Polished comfort-fit interior with smooth edges.
Widths: 4mm through 12mm, in whole millimeters.
Thickness: 1.5mm production specification.
Sizes: US 4 through 16, whole and half sizes.
Hallmark: Stamped 10k inside the band.

The satin center holds the light softly. The milgrain lines define its boundaries and the polished bevels return a sharper reflection at each edge. Its alloy reads cool and silver white, without a chrome cast.

SIZE AND WIDTH
Choose Ring Size from US 4 through 16, including half sizes. Choose Width from 4mm through 12mm. A 4mm to 5mm band reads restrained. A 6mm to 8mm band has a balanced presence. A 9mm to 12mm band sits broad across the finger. Wider bands can feel tighter than narrow bands, so message us before ordering if you are between sizes.

MAKE IT YOURS
Add an inside engraving in the Personalization box or leave it blank. Engraving is included, up to 30 characters, and copied exactly as entered. Script is the default. Write block letters in your note if you prefer them.

MADE TO ORDER
I cut and finish each band for the width and size you select. The satin center, twin milgrain lines and polished bevels are finished as one coherent profile. Standard processing is 5 to 7 business days before dispatch. Shipping and return terms follow the shop policies shown at checkout.

CARE
Clean with warm water, mild soap and a soft cloth. Avoid chlorine and abrasive compounds. Store the ring separately when it is not being worn.

WHY EON
Kymation is built around the line where one surface becomes another. A soft center meets a precise edge, keeping detail close without turning ornamental.

---
[EON Kymation 1009 | 10K White Gold | Width 4mm to 12mm | Ring Size US 4 to 16 whole and half | 1.5mm pricing and production specification | quantity 20 per variant | personalization max 30 characters]",beveled gold ring|milgrain band|satin wedding band|10k gold ring|10k wedding band|white gold band|mens wedding band|unisex gold ring|comfort fit ring|wide gold band|matte gold ring|anniversary band|heirloom gold ring,Solid 10k gold|White Gold,10k white gold beveled milgrain wedding band,225,10
WHG-R-1409,14K,White Gold,"14K Solid White Gold Beveled Milgrain Wedding Band, Satin Center Ring, 4mm to 12mm","A solid 14k white gold wedding band with a broad satin center, two fine milgrain borders and crisp mirror-polished beveled edges. Made to order in your size and width, never plated and never filled.

THE DETAILS
Metal: Solid 14k white gold. Never plated, never filled.
Center: Broad satin finish with a quiet linear grain.
Borders: One continuous fine milgrain line on each side of the center.
Edges: Symmetrical mirror-polished planar bevels.
Fit: Polished comfort-fit interior with smooth edges.
Widths: 4mm through 12mm, in whole millimeters.
Thickness: 1.5mm production specification.
Sizes: US 4 through 16, whole and half sizes.
Hallmark: Stamped 14k inside the band.

The satin center holds the light softly. The milgrain lines define its boundaries and the polished bevels return a sharper reflection at each edge. Its alloy reads neutral and softly white, without a chrome cast.

SIZE AND WIDTH
Choose Ring Size from US 4 through 16, including half sizes. Choose Width from 4mm through 12mm. A 4mm to 5mm band reads restrained. A 6mm to 8mm band has a balanced presence. A 9mm to 12mm band sits broad across the finger. Wider bands can feel tighter than narrow bands, so message us before ordering if you are between sizes.

MAKE IT YOURS
Add an inside engraving in the Personalization box or leave it blank. Engraving is included, up to 30 characters, and copied exactly as entered. Script is the default. Write block letters in your note if you prefer them.

MADE TO ORDER
I cut and finish each band for the width and size you select. The satin center, twin milgrain lines and polished bevels are finished as one coherent profile. Standard processing is 5 to 7 business days before dispatch. Shipping and return terms follow the shop policies shown at checkout.

CARE
Clean with warm water, mild soap and a soft cloth. Avoid chlorine and abrasive compounds. Store the ring separately when it is not being worn.

WHY EON
Kymation is built around the line where one surface becomes another. A soft center meets a precise edge, keeping detail close without turning ornamental.

---
[EON Kymation 1009 | 14K White Gold | Width 4mm to 12mm | Ring Size US 4 to 16 whole and half | 1.5mm pricing and production specification | quantity 20 per variant | personalization max 30 characters]",beveled gold ring|milgrain band|satin wedding band|14k gold ring|14k wedding band|white gold band|mens wedding band|unisex gold ring|comfort fit ring|wide gold band|matte gold ring|anniversary band|heirloom gold ring,Solid 14k gold|White Gold,14k white gold beveled milgrain wedding band,225,10
WHG-R-1809,18K,White Gold,"18K Solid White Gold Beveled Milgrain Wedding Band, Satin Center Ring, 4mm to 12mm","A solid 18k white gold wedding band with a broad satin center, two fine milgrain borders and crisp mirror-polished beveled edges. Made to order in your size and width, never plated and never filled.

THE DETAILS
Metal: Solid 18k white gold. Never plated, never filled.
Center: Broad satin finish with a quiet linear grain.
Borders: One continuous fine milgrain line on each side of the center.
Edges: Symmetrical mirror-polished planar bevels.
Fit: Polished comfort-fit interior with smooth edges.
Widths: 4mm through 12mm, in whole millimeters.
Thickness: 1.5mm production specification.
Sizes: US 4 through 16, whole and half sizes.
Hallmark: Stamped 18k inside the band.

The satin center holds the light softly. The milgrain lines define its boundaries and the polished bevels return a sharper reflection at each edge. Its alloy carries a subtle warmth while remaining visibly white gold.

SIZE AND WIDTH
Choose Ring Size from US 4 through 16, including half sizes. Choose Width from 4mm through 12mm. A 4mm to 5mm band reads restrained. A 6mm to 8mm band has a balanced presence. A 9mm to 12mm band sits broad across the finger. Wider bands can feel tighter than narrow bands, so message us before ordering if you are between sizes.

MAKE IT YOURS
Add an inside engraving in the Personalization box or leave it blank. Engraving is included, up to 30 characters, and copied exactly as entered. Script is the default. Write block letters in your note if you prefer them.

MADE TO ORDER
I cut and finish each band for the width and size you select. The satin center, twin milgrain lines and polished bevels are finished as one coherent profile. Standard processing is 5 to 7 business days before dispatch. Shipping and return terms follow the shop policies shown at checkout.

CARE
Clean with warm water, mild soap and a soft cloth. Avoid chlorine and abrasive compounds. Store the ring separately when it is not being worn.

WHY EON
Kymation is built around the line where one surface becomes another. A soft center meets a precise edge, keeping detail close without turning ornamental.

---
[EON Kymation 1009 | 18K White Gold | Width 4mm to 12mm | Ring Size US 4 to 16 whole and half | 1.5mm pricing and production specification | quantity 20 per variant | personalization max 30 characters]",beveled gold ring|milgrain band|satin wedding band|18k gold ring|18k wedding band|white gold band|mens wedding band|unisex gold ring|comfort fit ring|wide gold band|matte gold ring|anniversary band|heirloom gold ring,Solid 18k gold|White Gold,18k white gold beveled milgrain wedding band,225,10
RSG-R-1009,10K,Rose Gold,"10K Solid Rose Gold Beveled Milgrain Wedding Band, Satin Center Ring, 4mm to 12mm","A solid 10k rose gold wedding band with a broad satin center, two fine milgrain borders and crisp mirror-polished beveled edges. Made to order in your size and width, never plated and never filled.

THE DETAILS
Metal: Solid 10k rose gold. Never plated, never filled.
Center: Broad satin finish with a quiet linear grain.
Borders: One continuous fine milgrain line on each side of the center.
Edges: Symmetrical mirror-polished planar bevels.
Fit: Polished comfort-fit interior with smooth edges.
Widths: 4mm through 12mm, in whole millimeters.
Thickness: 1.5mm production specification.
Sizes: US 4 through 16, whole and half sizes.
Hallmark: Stamped 10k inside the band.

The satin center holds the light softly. The milgrain lines define its boundaries and the polished bevels return a sharper reflection at each edge. Its alloy reads as a muted pale blush, never red.

SIZE AND WIDTH
Choose Ring Size from US 4 through 16, including half sizes. Choose Width from 4mm through 12mm. A 4mm to 5mm band reads restrained. A 6mm to 8mm band has a balanced presence. A 9mm to 12mm band sits broad across the finger. Wider bands can feel tighter than narrow bands, so message us before ordering if you are between sizes.

MAKE IT YOURS
Add an inside engraving in the Personalization box or leave it blank. Engraving is included, up to 30 characters, and copied exactly as entered. Script is the default. Write block letters in your note if you prefer them.

MADE TO ORDER
I cut and finish each band for the width and size you select. The satin center, twin milgrain lines and polished bevels are finished as one coherent profile. Standard processing is 5 to 7 business days before dispatch. Shipping and return terms follow the shop policies shown at checkout.

CARE
Clean with warm water, mild soap and a soft cloth. Avoid chlorine and abrasive compounds. Store the ring separately when it is not being worn.

WHY EON
Kymation is built around the line where one surface becomes another. A soft center meets a precise edge, keeping detail close without turning ornamental.

---
[EON Kymation 1009 | 10K Rose Gold | Width 4mm to 12mm | Ring Size US 4 to 16 whole and half | 1.5mm pricing and production specification | quantity 20 per variant | personalization max 30 characters]",beveled gold ring|milgrain band|satin wedding band|10k gold ring|10k wedding band|rose gold band|mens wedding band|unisex gold ring|comfort fit ring|wide gold band|matte gold ring|anniversary band|heirloom gold ring,Solid 10k gold|Rose Gold,10k rose gold beveled milgrain wedding band,225,10
RSG-R-1409,14K,Rose Gold,"14K Solid Rose Gold Beveled Milgrain Wedding Band, Satin Center Ring, 4mm to 12mm","A solid 14k rose gold wedding band with a broad satin center, two fine milgrain borders and crisp mirror-polished beveled edges. Made to order in your size and width, never plated and never filled.

THE DETAILS
Metal: Solid 14k rose gold. Never plated, never filled.
Center: Broad satin finish with a quiet linear grain.
Borders: One continuous fine milgrain line on each side of the center.
Edges: Symmetrical mirror-polished planar bevels.
Fit: Polished comfort-fit interior with smooth edges.
Widths: 4mm through 12mm, in whole millimeters.
Thickness: 1.5mm production specification.
Sizes: US 4 through 16, whole and half sizes.
Hallmark: Stamped 14k inside the band.

The satin center holds the light softly. The milgrain lines define its boundaries and the polished bevels return a sharper reflection at each edge. Its alloy carries a balanced blush copper tone, never red.

SIZE AND WIDTH
Choose Ring Size from US 4 through 16, including half sizes. Choose Width from 4mm through 12mm. A 4mm to 5mm band reads restrained. A 6mm to 8mm band has a balanced presence. A 9mm to 12mm band sits broad across the finger. Wider bands can feel tighter than narrow bands, so message us before ordering if you are between sizes.

MAKE IT YOURS
Add an inside engraving in the Personalization box or leave it blank. Engraving is included, up to 30 characters, and copied exactly as entered. Script is the default. Write block letters in your note if you prefer them.

MADE TO ORDER
I cut and finish each band for the width and size you select. The satin center, twin milgrain lines and polished bevels are finished as one coherent profile. Standard processing is 5 to 7 business days before dispatch. Shipping and return terms follow the shop policies shown at checkout.

CARE
Clean with warm water, mild soap and a soft cloth. Avoid chlorine and abrasive compounds. Store the ring separately when it is not being worn.

WHY EON
Kymation is built around the line where one surface becomes another. A soft center meets a precise edge, keeping detail close without turning ornamental.

---
[EON Kymation 1009 | 14K Rose Gold | Width 4mm to 12mm | Ring Size US 4 to 16 whole and half | 1.5mm pricing and production specification | quantity 20 per variant | personalization max 30 characters]",beveled gold ring|milgrain band|satin wedding band|14k gold ring|14k wedding band|rose gold band|mens wedding band|unisex gold ring|comfort fit ring|wide gold band|matte gold ring|anniversary band|heirloom gold ring,Solid 14k gold|Rose Gold,14k rose gold beveled milgrain wedding band,225,10
RSG-R-1809,18K,Rose Gold,"18K Solid Rose Gold Beveled Milgrain Wedding Band, Satin Center Ring, 4mm to 12mm","A solid 18k rose gold wedding band with a broad satin center, two fine milgrain borders and crisp mirror-polished beveled edges. Made to order in your size and width, never plated and never filled.

THE DETAILS
Metal: Solid 18k rose gold. Never plated, never filled.
Center: Broad satin finish with a quiet linear grain.
Borders: One continuous fine milgrain line on each side of the center.
Edges: Symmetrical mirror-polished planar bevels.
Fit: Polished comfort-fit interior with smooth edges.
Widths: 4mm through 12mm, in whole millimeters.
Thickness: 1.5mm production specification.
Sizes: US 4 through 16, whole and half sizes.
Hallmark: Stamped 18k inside the band.

The satin center holds the light softly. The milgrain lines define its boundaries and the polished bevels return a sharper reflection at each edge. Its higher gold content gives the rose tone a deeper, warmer presence, never red.

SIZE AND WIDTH
Choose Ring Size from US 4 through 16, including half sizes. Choose Width from 4mm through 12mm. A 4mm to 5mm band reads restrained. A 6mm to 8mm band has a balanced presence. A 9mm to 12mm band sits broad across the finger. Wider bands can feel tighter than narrow bands, so message us before ordering if you are between sizes.

MAKE IT YOURS
Add an inside engraving in the Personalization box or leave it blank. Engraving is included, up to 30 characters, and copied exactly as entered. Script is the default. Write block letters in your note if you prefer them.

MADE TO ORDER
I cut and finish each band for the width and size you select. The satin center, twin milgrain lines and polished bevels are finished as one coherent profile. Standard processing is 5 to 7 business days before dispatch. Shipping and return terms follow the shop policies shown at checkout.

CARE
Clean with warm water, mild soap and a soft cloth. Avoid chlorine and abrasive compounds. Store the ring separately when it is not being worn.

WHY EON
Kymation is built around the line where one surface becomes another. A soft center meets a precise edge, keeping detail close without turning ornamental.

---
[EON Kymation 1009 | 18K Rose Gold | Width 4mm to 12mm | Ring Size US 4 to 16 whole and half | 1.5mm pricing and production specification | quantity 20 per variant | personalization max 30 characters]",beveled gold ring|milgrain band|satin wedding band|18k gold ring|18k wedding band|rose gold band|mens wedding band|unisex gold ring|comfort fit ring|wide gold band|matte gold ring|anniversary band|heirloom gold ring,Solid 18k gold|Rose Gold,18k rose gold beveled milgrain wedding band,225,10
