family_sku,karat,metal,title,description,tags,materials,research_keyword,variant_count,image_count
GLD-R-1008,10K,Yellow Gold,"10K Solid Yellow Gold Greek Key Wedding Band, Maeander Rope Edge Ring, 3mm to 12mm","A solid 10k yellow gold Greek key wedding band, cut with a continuous Maeander center and framed by braided rope rails. Made to order in your size and width, never plated and never filled.

THE DETAILS
Metal: Solid 10k yellow gold. Never plated, never filled.
Pattern: Continuous Greek key center with recessed microtexture.
Borders: Fine milgrain directly framing the center, with one braided rope rail on each outer side.
Fit: Polished comfort-fit interior with smooth edges.
Widths: 3mm through 12mm, in whole millimeters.
Thickness: 1.5mm production specification.
Sizes: US 4 through 16, whole and half sizes.
Hallmark: Stamped 10k inside the band.

The meander turns through one unbroken line. The rope rails protect that rhythm at both edges while the recessed fields hold a softer surface. Its color is restrained and practical, with a quieter alloy tone for daily wear.

SIZE AND WIDTH
Choose Ring Size from US 4 through 16, including half sizes. Choose Width from 3mm through 12mm. A 3mm to 5mm band reads restrained. A 6mm to 8mm band has a balanced presence. A 9mm to 12mm band sits broad across the finger. Wider bands can feel tighter than narrow bands, so message us before ordering if you are between sizes.

MAKE IT YOURS
Add an inside engraving in the Personalization box or leave it blank. Engraving is included, up to 30 characters, and copied exactly as entered. Script is the default. Write block letters in your note if you prefer them.

MADE TO ORDER
I cut and finish each band for the width and size you select. The Greek key repeat, milgrain borders and rope rails are finished as one coherent pattern. Standard processing is 5 to 7 business days before dispatch. Shipping and return terms follow the shop policies shown at checkout.

CARE
Clean with warm water, mild soap and a soft cloth. Avoid chlorine and abrasive compounds. Store the ring separately when it is not being worn.

WHY EON
The pattern is old, but the object belongs to one life. The continuous line holds a private meaning: what is carried, kept and passed forward.

---
[EON Maeander 1008 | 10K Yellow Gold | Width 3mm to 12mm | Ring Size US 4 to 16 whole and half | 1.5mm pricing and production specification | quantity 20 per variant | personalization max 30 characters]",greek key ring|meander wedding band|10k gold ring|10k wedding band|yellow gold ring|rope edge ring|mens gold band|unisex wedding ring|comfort fit band|patterned gold ring|engraved gold band|anniversary ring|heirloom gold ring,Solid 10k gold|Yellow Gold,10k yellow gold Greek key wedding band,250,10
GLD-R-1408,14K,Yellow Gold,"14K Solid Yellow Gold Greek Key Wedding Band, Maeander Rope Edge Ring, 3mm to 12mm","A solid 14k yellow gold Greek key wedding band, cut with a continuous Maeander center and framed by braided rope rails. Made to order in your size and width, never plated and never filled.

THE DETAILS
Metal: Solid 14k yellow gold. Never plated, never filled.
Pattern: Continuous Greek key center with recessed microtexture.
Borders: Fine milgrain directly framing the center, with one braided rope rail on each outer side.
Fit: Polished comfort-fit interior with smooth edges.
Widths: 3mm through 12mm, in whole millimeters.
Thickness: 1.5mm production specification.
Sizes: US 4 through 16, whole and half sizes.
Hallmark: Stamped 14k inside the band.

The meander turns through one unbroken line. The rope rails protect that rhythm at both edges while the recessed fields hold a softer surface. Its color holds a balanced midpoint between warmth, durability and daily wear.

SIZE AND WIDTH
Choose Ring Size from US 4 through 16, including half sizes. Choose Width from 3mm through 12mm. A 3mm to 5mm band reads restrained. A 6mm to 8mm band has a balanced presence. A 9mm to 12mm band sits broad across the finger. Wider bands can feel tighter than narrow bands, so message us before ordering if you are between sizes.

MAKE IT YOURS
Add an inside engraving in the Personalization box or leave it blank. Engraving is included, up to 30 characters, and copied exactly as entered. Script is the default. Write block letters in your note if you prefer them.

MADE TO ORDER
I cut and finish each band for the width and size you select. The Greek key repeat, milgrain borders and rope rails are finished as one coherent pattern. Standard processing is 5 to 7 business days before dispatch. Shipping and return terms follow the shop policies shown at checkout.

CARE
Clean with warm water, mild soap and a soft cloth. Avoid chlorine and abrasive compounds. Store the ring separately when it is not being worn.

WHY EON
The pattern is old, but the object belongs to one life. The continuous line holds a private meaning: what is carried, kept and passed forward.

---
[EON Maeander 1008 | 14K Yellow Gold | Width 3mm to 12mm | Ring Size US 4 to 16 whole and half | 1.5mm pricing and production specification | quantity 20 per variant | personalization max 30 characters]",greek key ring|meander wedding band|14k gold ring|14k wedding band|yellow gold ring|rope edge ring|mens gold band|unisex wedding ring|comfort fit band|patterned gold ring|engraved gold band|anniversary ring|heirloom gold ring,Solid 14k gold|Yellow Gold,14k yellow gold Greek key wedding band,250,10
GLD-R-1808,18K,Yellow Gold,"18K Solid Yellow Gold Greek Key Wedding Band, Maeander Rope Edge Ring, 3mm to 12mm","A solid 18k yellow gold Greek key wedding band, cut with a continuous Maeander center and framed by braided rope rails. Made to order in your size and width, never plated and never filled.

THE DETAILS
Metal: Solid 18k yellow gold. Never plated, never filled.
Pattern: Continuous Greek key center with recessed microtexture.
Borders: Fine milgrain directly framing the center, with one braided rope rail on each outer side.
Fit: Polished comfort-fit interior with smooth edges.
Widths: 3mm through 12mm, in whole millimeters.
Thickness: 1.5mm production specification.
Sizes: US 4 through 16, whole and half sizes.
Hallmark: Stamped 18k inside the band.

The meander turns through one unbroken line. The rope rails protect that rhythm at both edges while the recessed fields hold a softer surface. Its higher gold content gives the surface a fuller, more saturated alloy tone.

SIZE AND WIDTH
Choose Ring Size from US 4 through 16, including half sizes. Choose Width from 3mm through 12mm. A 3mm to 5mm band reads restrained. A 6mm to 8mm band has a balanced presence. A 9mm to 12mm band sits broad across the finger. Wider bands can feel tighter than narrow bands, so message us before ordering if you are between sizes.

MAKE IT YOURS
Add an inside engraving in the Personalization box or leave it blank. Engraving is included, up to 30 characters, and copied exactly as entered. Script is the default. Write block letters in your note if you prefer them.

MADE TO ORDER
I cut and finish each band for the width and size you select. The Greek key repeat, milgrain borders and rope rails are finished as one coherent pattern. Standard processing is 5 to 7 business days before dispatch. Shipping and return terms follow the shop policies shown at checkout.

CARE
Clean with warm water, mild soap and a soft cloth. Avoid chlorine and abrasive compounds. Store the ring separately when it is not being worn.

WHY EON
The pattern is old, but the object belongs to one life. The continuous line holds a private meaning: what is carried, kept and passed forward.

---
[EON Maeander 1008 | 18K Yellow Gold | Width 3mm to 12mm | Ring Size US 4 to 16 whole and half | 1.5mm pricing and production specification | quantity 20 per variant | personalization max 30 characters]",greek key ring|meander wedding band|18k gold ring|18k wedding band|yellow gold ring|rope edge ring|mens gold band|unisex wedding ring|comfort fit band|patterned gold ring|engraved gold band|anniversary ring|heirloom gold ring,Solid 18k gold|Yellow Gold,18k yellow gold Greek key wedding band,250,10
WHG-R-1008,10K,White Gold,"10K Solid White Gold Greek Key Wedding Band, Maeander Rope Edge Ring, 3mm to 12mm","A solid 10k white gold Greek key wedding band, cut with a continuous Maeander center and framed by braided rope rails. Made to order in your size and width, never plated and never filled.

THE DETAILS
Metal: Solid 10k white gold. Never plated, never filled.
Pattern: Continuous Greek key center with recessed microtexture.
Borders: Fine milgrain directly framing the center, with one braided rope rail on each outer side.
Fit: Polished comfort-fit interior with smooth edges.
Widths: 3mm through 12mm, in whole millimeters.
Thickness: 1.5mm production specification.
Sizes: US 4 through 16, whole and half sizes.
Hallmark: Stamped 10k inside the band.

The meander turns through one unbroken line. The rope rails protect that rhythm at both edges while the recessed fields hold a softer surface. Its alloy reads cool and silver white, without a chrome cast.

SIZE AND WIDTH
Choose Ring Size from US 4 through 16, including half sizes. Choose Width from 3mm through 12mm. A 3mm to 5mm band reads restrained. A 6mm to 8mm band has a balanced presence. A 9mm to 12mm band sits broad across the finger. Wider bands can feel tighter than narrow bands, so message us before ordering if you are between sizes.

MAKE IT YOURS
Add an inside engraving in the Personalization box or leave it blank. Engraving is included, up to 30 characters, and copied exactly as entered. Script is the default. Write block letters in your note if you prefer them.

MADE TO ORDER
I cut and finish each band for the width and size you select. The Greek key repeat, milgrain borders and rope rails are finished as one coherent pattern. Standard processing is 5 to 7 business days before dispatch. Shipping and return terms follow the shop policies shown at checkout.

CARE
Clean with warm water, mild soap and a soft cloth. Avoid chlorine and abrasive compounds. Store the ring separately when it is not being worn.

WHY EON
The pattern is old, but the object belongs to one life. The continuous line holds a private meaning: what is carried, kept and passed forward.

---
[EON Maeander 1008 | 10K White Gold | Width 3mm to 12mm | Ring Size US 4 to 16 whole and half | 1.5mm pricing and production specification | quantity 20 per variant | personalization max 30 characters]",greek key ring|meander wedding band|10k gold ring|10k wedding band|white gold ring|rope edge ring|mens gold band|unisex wedding ring|comfort fit band|patterned gold ring|engraved gold band|anniversary ring|heirloom gold ring,Solid 10k gold|White Gold,10k white gold Greek key wedding band,250,10
WHG-R-1408,14K,White Gold,"14K Solid White Gold Greek Key Wedding Band, Maeander Rope Edge Ring, 3mm to 12mm","A solid 14k white gold Greek key wedding band, cut with a continuous Maeander center and framed by braided rope rails. Made to order in your size and width, never plated and never filled.

THE DETAILS
Metal: Solid 14k white gold. Never plated, never filled.
Pattern: Continuous Greek key center with recessed microtexture.
Borders: Fine milgrain directly framing the center, with one braided rope rail on each outer side.
Fit: Polished comfort-fit interior with smooth edges.
Widths: 3mm through 12mm, in whole millimeters.
Thickness: 1.5mm production specification.
Sizes: US 4 through 16, whole and half sizes.
Hallmark: Stamped 14k inside the band.

The meander turns through one unbroken line. The rope rails protect that rhythm at both edges while the recessed fields hold a softer surface. Its alloy reads neutral and softly white, without a chrome cast.

SIZE AND WIDTH
Choose Ring Size from US 4 through 16, including half sizes. Choose Width from 3mm through 12mm. A 3mm to 5mm band reads restrained. A 6mm to 8mm band has a balanced presence. A 9mm to 12mm band sits broad across the finger. Wider bands can feel tighter than narrow bands, so message us before ordering if you are between sizes.

MAKE IT YOURS
Add an inside engraving in the Personalization box or leave it blank. Engraving is included, up to 30 characters, and copied exactly as entered. Script is the default. Write block letters in your note if you prefer them.

MADE TO ORDER
I cut and finish each band for the width and size you select. The Greek key repeat, milgrain borders and rope rails are finished as one coherent pattern. Standard processing is 5 to 7 business days before dispatch. Shipping and return terms follow the shop policies shown at checkout.

CARE
Clean with warm water, mild soap and a soft cloth. Avoid chlorine and abrasive compounds. Store the ring separately when it is not being worn.

WHY EON
The pattern is old, but the object belongs to one life. The continuous line holds a private meaning: what is carried, kept and passed forward.

---
[EON Maeander 1008 | 14K White Gold | Width 3mm to 12mm | Ring Size US 4 to 16 whole and half | 1.5mm pricing and production specification | quantity 20 per variant | personalization max 30 characters]",greek key ring|meander wedding band|14k gold ring|14k wedding band|white gold ring|rope edge ring|mens gold band|unisex wedding ring|comfort fit band|patterned gold ring|engraved gold band|anniversary ring|heirloom gold ring,Solid 14k gold|White Gold,14k white gold Greek key wedding band,250,10
WHG-R-1808,18K,White Gold,"18K Solid White Gold Greek Key Wedding Band, Maeander Rope Edge Ring, 3mm to 12mm","A solid 18k white gold Greek key wedding band, cut with a continuous Maeander center and framed by braided rope rails. Made to order in your size and width, never plated and never filled.

THE DETAILS
Metal: Solid 18k white gold. Never plated, never filled.
Pattern: Continuous Greek key center with recessed microtexture.
Borders: Fine milgrain directly framing the center, with one braided rope rail on each outer side.
Fit: Polished comfort-fit interior with smooth edges.
Widths: 3mm through 12mm, in whole millimeters.
Thickness: 1.5mm production specification.
Sizes: US 4 through 16, whole and half sizes.
Hallmark: Stamped 18k inside the band.

The meander turns through one unbroken line. The rope rails protect that rhythm at both edges while the recessed fields hold a softer surface. Its alloy carries a quiet champagne warmth while remaining white gold.

SIZE AND WIDTH
Choose Ring Size from US 4 through 16, including half sizes. Choose Width from 3mm through 12mm. A 3mm to 5mm band reads restrained. A 6mm to 8mm band has a balanced presence. A 9mm to 12mm band sits broad across the finger. Wider bands can feel tighter than narrow bands, so message us before ordering if you are between sizes.

MAKE IT YOURS
Add an inside engraving in the Personalization box or leave it blank. Engraving is included, up to 30 characters, and copied exactly as entered. Script is the default. Write block letters in your note if you prefer them.

MADE TO ORDER
I cut and finish each band for the width and size you select. The Greek key repeat, milgrain borders and rope rails are finished as one coherent pattern. Standard processing is 5 to 7 business days before dispatch. Shipping and return terms follow the shop policies shown at checkout.

CARE
Clean with warm water, mild soap and a soft cloth. Avoid chlorine and abrasive compounds. Store the ring separately when it is not being worn.

WHY EON
The pattern is old, but the object belongs to one life. The continuous line holds a private meaning: what is carried, kept and passed forward.

---
[EON Maeander 1008 | 18K White Gold | Width 3mm to 12mm | Ring Size US 4 to 16 whole and half | 1.5mm pricing and production specification | quantity 20 per variant | personalization max 30 characters]",greek key ring|meander wedding band|18k gold ring|18k wedding band|white gold ring|rope edge ring|mens gold band|unisex wedding ring|comfort fit band|patterned gold ring|engraved gold band|anniversary ring|heirloom gold ring,Solid 18k gold|White Gold,18k white gold Greek key wedding band,250,10
RSG-R-1008,10K,Rose Gold,"10K Solid Rose Gold Greek Key Wedding Band, Maeander Rope Edge Ring, 3mm to 12mm","A solid 10k rose gold Greek key wedding band, cut with a continuous Maeander center and framed by braided rope rails. Made to order in your size and width, never plated and never filled.

THE DETAILS
Metal: Solid 10k rose gold. Never plated, never filled.
Pattern: Continuous Greek key center with recessed microtexture.
Borders: Fine milgrain directly framing the center, with one braided rope rail on each outer side.
Fit: Polished comfort-fit interior with smooth edges.
Widths: 3mm through 12mm, in whole millimeters.
Thickness: 1.5mm production specification.
Sizes: US 4 through 16, whole and half sizes.
Hallmark: Stamped 10k inside the band.

The meander turns through one unbroken line. The rope rails protect that rhythm at both edges while the recessed fields hold a softer surface. Its alloy reads as a muted pale blush, never red.

SIZE AND WIDTH
Choose Ring Size from US 4 through 16, including half sizes. Choose Width from 3mm through 12mm. A 3mm to 5mm band reads restrained. A 6mm to 8mm band has a balanced presence. A 9mm to 12mm band sits broad across the finger. Wider bands can feel tighter than narrow bands, so message us before ordering if you are between sizes.

MAKE IT YOURS
Add an inside engraving in the Personalization box or leave it blank. Engraving is included, up to 30 characters, and copied exactly as entered. Script is the default. Write block letters in your note if you prefer them.

MADE TO ORDER
I cut and finish each band for the width and size you select. The Greek key repeat, milgrain borders and rope rails are finished as one coherent pattern. Standard processing is 5 to 7 business days before dispatch. Shipping and return terms follow the shop policies shown at checkout.

CARE
Clean with warm water, mild soap and a soft cloth. Avoid chlorine and abrasive compounds. Store the ring separately when it is not being worn.

WHY EON
The pattern is old, but the object belongs to one life. The continuous line holds a private meaning: what is carried, kept and passed forward.

---
[EON Maeander 1008 | 10K Rose Gold | Width 3mm to 12mm | Ring Size US 4 to 16 whole and half | 1.5mm pricing and production specification | quantity 20 per variant | personalization max 30 characters]",greek key ring|meander wedding band|10k gold ring|10k wedding band|rose gold ring|rope edge ring|mens gold band|unisex wedding ring|comfort fit band|patterned gold ring|engraved gold band|anniversary ring|heirloom gold ring,Solid 10k gold|Rose Gold,10k rose gold Greek key wedding band,250,10
RSG-R-1408,14K,Rose Gold,"14K Solid Rose Gold Greek Key Wedding Band, Maeander Rope Edge Ring, 3mm to 12mm","A solid 14k rose gold Greek key wedding band, cut with a continuous Maeander center and framed by braided rope rails. Made to order in your size and width, never plated and never filled.

THE DETAILS
Metal: Solid 14k rose gold. Never plated, never filled.
Pattern: Continuous Greek key center with recessed microtexture.
Borders: Fine milgrain directly framing the center, with one braided rope rail on each outer side.
Fit: Polished comfort-fit interior with smooth edges.
Widths: 3mm through 12mm, in whole millimeters.
Thickness: 1.5mm production specification.
Sizes: US 4 through 16, whole and half sizes.
Hallmark: Stamped 14k inside the band.

The meander turns through one unbroken line. The rope rails protect that rhythm at both edges while the recessed fields hold a softer surface. Its alloy carries a balanced blush copper tone, never red.

SIZE AND WIDTH
Choose Ring Size from US 4 through 16, including half sizes. Choose Width from 3mm through 12mm. A 3mm to 5mm band reads restrained. A 6mm to 8mm band has a balanced presence. A 9mm to 12mm band sits broad across the finger. Wider bands can feel tighter than narrow bands, so message us before ordering if you are between sizes.

MAKE IT YOURS
Add an inside engraving in the Personalization box or leave it blank. Engraving is included, up to 30 characters, and copied exactly as entered. Script is the default. Write block letters in your note if you prefer them.

MADE TO ORDER
I cut and finish each band for the width and size you select. The Greek key repeat, milgrain borders and rope rails are finished as one coherent pattern. Standard processing is 5 to 7 business days before dispatch. Shipping and return terms follow the shop policies shown at checkout.

CARE
Clean with warm water, mild soap and a soft cloth. Avoid chlorine and abrasive compounds. Store the ring separately when it is not being worn.

WHY EON
The pattern is old, but the object belongs to one life. The continuous line holds a private meaning: what is carried, kept and passed forward.

---
[EON Maeander 1008 | 14K Rose Gold | Width 3mm to 12mm | Ring Size US 4 to 16 whole and half | 1.5mm pricing and production specification | quantity 20 per variant | personalization max 30 characters]",greek key ring|meander wedding band|14k gold ring|14k wedding band|rose gold ring|rope edge ring|mens gold band|unisex wedding ring|comfort fit band|patterned gold ring|engraved gold band|anniversary ring|heirloom gold ring,Solid 14k gold|Rose Gold,14k rose gold Greek key wedding band,250,10
RSG-R-1808,18K,Rose Gold,"18K Solid Rose Gold Greek Key Wedding Band, Maeander Rope Edge Ring, 3mm to 12mm","A solid 18k rose gold Greek key wedding band, cut with a continuous Maeander center and framed by braided rope rails. Made to order in your size and width, never plated and never filled.

THE DETAILS
Metal: Solid 18k rose gold. Never plated, never filled.
Pattern: Continuous Greek key center with recessed microtexture.
Borders: Fine milgrain directly framing the center, with one braided rope rail on each outer side.
Fit: Polished comfort-fit interior with smooth edges.
Widths: 3mm through 12mm, in whole millimeters.
Thickness: 1.5mm production specification.
Sizes: US 4 through 16, whole and half sizes.
Hallmark: Stamped 18k inside the band.

The meander turns through one unbroken line. The rope rails protect that rhythm at both edges while the recessed fields hold a softer surface. Its higher gold content gives the rose tone a deeper, warmer presence, never red.

SIZE AND WIDTH
Choose Ring Size from US 4 through 16, including half sizes. Choose Width from 3mm through 12mm. A 3mm to 5mm band reads restrained. A 6mm to 8mm band has a balanced presence. A 9mm to 12mm band sits broad across the finger. Wider bands can feel tighter than narrow bands, so message us before ordering if you are between sizes.

MAKE IT YOURS
Add an inside engraving in the Personalization box or leave it blank. Engraving is included, up to 30 characters, and copied exactly as entered. Script is the default. Write block letters in your note if you prefer them.

MADE TO ORDER
I cut and finish each band for the width and size you select. The Greek key repeat, milgrain borders and rope rails are finished as one coherent pattern. Standard processing is 5 to 7 business days before dispatch. Shipping and return terms follow the shop policies shown at checkout.

CARE
Clean with warm water, mild soap and a soft cloth. Avoid chlorine and abrasive compounds. Store the ring separately when it is not being worn.

WHY EON
The pattern is old, but the object belongs to one life. The continuous line holds a private meaning: what is carried, kept and passed forward.

---
[EON Maeander 1008 | 18K Rose Gold | Width 3mm to 12mm | Ring Size US 4 to 16 whole and half | 1.5mm pricing and production specification | quantity 20 per variant | personalization max 30 characters]",greek key ring|meander wedding band|18k gold ring|18k wedding band|rose gold ring|rope edge ring|mens gold band|unisex wedding ring|comfort fit band|patterned gold ring|engraved gold band|anniversary ring|heirloom gold ring,Solid 18k gold|Rose Gold,18k rose gold Greek key wedding band,250,10
